amount,time,location,device,is_fraud
2999.4482501846633,21,6,3,0
7605.96087974728,12,0,2,0
5857.291564782184,15,5,3,0
4791.274581155308,12,8,2,0
1252.36903033728,3,2,4,0
1252.17619008794,3,3,3,0
469.3784792847547,10,7,0,0
6930.078285470607,22,4,4,0
4810.914518886954,13,4,3,0
5666.040259479384,2,0,4,1
169.57303189494056,18,5,2,0
7759.429268035145,21,1,4,0
6660.378913199372,0,0,0,1
1702.651189872818,4,5,3,0
1458.6906128207695,16,4,2,0
1471.3190562782033,0,4,4,1
2437.416732461504,18,8,1,0
4200.427670899741,18,9,2,0
3458.4004240437157,3,9,2,0
2333.376975883345,18,2,0,0
4896.763893305424,5,0,0,0
1120.2534159130744,14,7,4,0
2340.696465039069,3,4,1,0
2934.062937133065,23,4,2,0
3651.279523815202,0,7,4,0
6282.481811337144,23,7,1,1
1601.3918883560862,16,1,4,0
4116.304335116824,10,2,2,0
4741.35447805203,16,9,4,1
376.3710496963818,22,9,0,0
4862.321090951999,0,0,0,1
1368.3403688798958,8,2,3,0
525.0874859173098,13,3,1,0
7591.339870340399,14,6,2,0
7725.228104431102,23,8,1,1
6468.136798191107,0,4,0,1
2440.387084541099,1,0,2,0
785.888551481039,17,1,3,0
5475.443046964694,17,9,0,0
3524.0191874481125,5,1,0,0
980.6956875840067,19,8,1,1
3963.939396339605,7,9,4,1
279.9362263161711,0,6,1,0
7275.016614619863,14,1,0,0
2073.945952892135,9,0,1,0
5301.865663410086,3,4,4,1
2497.130053334841,9,0,3,0
4162.943829316598,10,8,2,0
4375.948683349521,4,2,0,0
1482.9113719265886,8,1,1,1
7756.829098977646,4,5,0,1
6202.186922772111,10,2,2,0
7516.294037805692,2,4,1,1
7159.144666669053,3,9,3,1
4785.210330594626,9,7,2,0
7375.384509009819,6,9,4,1
712.4975539050964,0,1,4,0
1571.882985041066,5,4,0,0
366.59217483975186,7,7,4,0
2606.0159944522984,16,0,1,0
3112.4749310674088,23,9,4,1
2174.435509032298,6,9,3,1
6630.756385669675,0,3,1,1
2857.2428469152464,8,4,0,0
2251.071404950609,10,9,0,0
4343.855184850197,18,2,4,0
1131.6891786732274,1,1,4,0
6418.564861128547,22,2,0,0
601.0323962197677,10,4,1,0
7895.161058121136,2,6,2,1
6179.096930526776,16,1,0,0
1593.7318738657084,9,6,3,0
49.14932640320118,2,5,1,0
6524.614120496399,21,6,2,0
5656.324464061699,2,6,2,0
5833.412308487694,20,8,1,0
6171.306421754136,6,6,0,1
596.9869906140524,1,5,2,1
2870.9334997114597,0,9,3,1
931.3731309034121,6,7,1,0
6905.51188987537,19,6,4,0
4988.268523986326,10,5,0,0
2650.5297086969304,22,3,1,0
513.149010536759,5,6,3,0
2491.3036621167194,22,7,2,0
2604.8406596038426,3,7,0,0
5838.201395812822,18,3,0,0
5102.271983484929,20,9,1,0
7098.265876897731,18,8,1,0
3780.3583266697847,13,2,3,0
961.1559962767221,2,8,4,1
5707.3920738478455,3,2,1,1
6087.476463692095,7,6,1,0
4492.4111945681225,17,3,1,0
6168.882603736715,3,4,3,1
3952.895792933304,10,2,2,0
4184.248970909042,15,1,4,0
3423.190441776604,2,7,3,0
208.22591831904103,6,6,1,0
867.5919588114691,1,6,2,0
256.27633956544037,0,7,1,0
5093.101238053924,0,0,3,1
2518.276068705232,5,7,0,0
4071.0226758617987,18,9,1,0
7260.993959039114,6,4,2,0
1998.0913720452552,23,7,4,0
3286.0114696698597,4,8,0,0
6045.631352651674,20,1,1,0
1834.2413331055216,17,2,1,0
620.4543790811999,23,5,2,0
2321.5628660455754,12,8,0,0
1293.9641915957654,0,9,0,0
7437.932730478871,9,9,0,0
6465.922434617513,8,7,1,0
5069.063033300836,16,5,0,0
6972.3274185508035,0,4,1,1
6430.3582548084205,0,2,1,1
1496.6276207938565,6,3,0,0
7141.009192927372,3,6,3,1
4317.041224115627,22,6,4,0
6460.48404053668,20,2,4,0
7169.249942888328,11,3,3,0
2547.4377824000517,15,2,0,0
884.8651365987757,13,1,1,0
1827.3416245228238,22,5,2,0
3419.726770066919,9,6,3,0
6545.0280535503325,13,3,4,0
6886.541013134466,6,4,4,0
60.58228359686967,3,7,1,0
4088.424684107638,1,8,4,1
3342.2009701744882,23,6,4,0
1780.7519447134885,17,9,1,0
963.323611832794,15,0,0,0
2704.2332953720056,8,2,4,0
7543.563082780591,4,4,0,1
2589.007441505938,8,2,2,0
4152.731020838212,7,0,0,0
5625.636576366947,23,1,1,1
2912.2186710224555,19,7,1,0
7774.39775135408,15,6,1,0
7699.766123062179,19,9,4,1
2017.9994551237864,17,2,3,0
3980.5018046096216,3,3,4,0
2410.5220869850737,15,2,0,0
2282.2997525478536,3,3,2,0
299.9111440994897,5,7,2,0
4878.466850169275,2,8,2,1
4023.9187907147475,17,6,2,0
416.57261624366487,14,8,3,0
2232.778481571708,7,8,2,0
7266.585758303397,17,6,4,0
1920.2973158824445,23,6,2,0
1163.4345023693286,22,7,1,0
3918.1748184191165,2,9,0,0
7885.275380614253,5,2,4,0
1940.2318957344457,21,7,3,0
5378.723701509999,20,0,4,0
6094.148824553097,23,5,1,1
1904.9121642192354,14,1,2,0
5827.0897071518175,11,6,2,0
2945.4261460904295,4,2,3,0
5060.285115595668,6,9,0,0
5070.070037533354,21,4,2,0
4288.518599177694,14,9,3,1
726.8667115849944,6,1,2,0
6683.243452235957,12,0,4,0
2569.636619449028,2,4,3,0
1496.2154906468345,22,8,3,1
330.9972567303375,12,8,3,0
4729.189080789994,2,6,2,1
5422.127072929048,1,8,3,1
137.61969227820993,22,3,4,0
4099.184001102752,3,2,0,0
1815.833722707514,16,3,0,0
5163.156459323552,5,6,1,0
1399.0595998949066,10,7,4,0
5529.0472161292155,5,1,4,0
3096.9490936727966,21,4,3,0
7494.156259950192,1,4,1,1
1104.479948447216,16,8,4,1
2731.8254766468167,2,2,4,0
912.2208023185096,11,5,4,0
7397.925478137109,13,9,2,0
7019.328130280943,1,4,4,1
2067.243313582669,21,1,2,0
5281.572448043262,21,1,4,0
6538.69149060872,4,3,0,1
4443.830488737702,9,3,2,0
4239.556373956272,9,6,2,0
1938.609065749111,20,0,3,0
749.3566286081642,8,5,4,0
7178.239984836848,20,8,1,0
7203.842367020827,12,1,1,0
5066.646150899777,9,4,1,0
2715.5431794343617,5,9,1,0
2796.9305490282236,10,9,0,0
5809.015652567564,3,3,1,1
7177.396528320854,13,3,3,0
7097.255961999613,16,7,1,0
6240.1049891317025,19,5,3,0
5138.04301100353,1,6,2,1
677.6990201354154,9,8,4,1
1297.2215691864371,2,2,1,0
7188.940737273999,6,1,3,0
4853.4003319784215,6,2,3,0
78.53042767495404,0,7,4,0
816.2649852139267,7,8,2,0
5309.696644018906,22,9,1,0
45.4673628505184,0,4,3,0
1290.6603710829017,7,7,1,0
4392.126645985856,13,6,0,0
5536.702105553082,13,8,3,1
5217.4302697232915,1,3,2,1
1798.0331291371756,7,9,4,1
5698.87287467355,18,2,3,0
1901.8064545369166,9,8,0,0
2606.5705867833453,6,7,4,0
5973.198783918603,12,6,2,0
5198.815027882481,21,0,1,0
6794.541166900953,20,1,1,0
5262.615073941245,14,8,3,1
4548.627283667096,10,4,4,0
753.9297687855993,13,0,0,0
2944.887845460171,10,8,0,0
2125.2929296153948,1,0,2,0
1955.6971988157732,1,7,4,0
7784.219385245802,11,4,4,0
3147.8163087107496,14,5,1,0
7136.912208641021,16,0,2,0
5050.953314848117,13,1,2,0
6359.516371815479,15,6,2,0
4023.5835593760107,7,1,4,0
4617.346557587741,23,4,1,1
3942.6789620818167,16,8,2,0
1565.9676874453658,4,4,1,0
5781.004661515735,11,2,2,0
2249.775037714642,5,5,4,0
199.40615161947343,17,6,1,0
5165.5510057778065,4,9,3,1
1420.9998818593563,5,9,2,0
7523.9663819015495,8,7,4,0
7631.658973135686,14,2,1,0
7319.340799812486,9,3,0,0
2964.418808542278,16,9,4,1
128.5756491482951,18,3,4,0
7426.906907888864,11,1,0,0
3428.332265796928,8,6,0,0
7733.4052782541385,14,3,3,0
7709.141716828576,13,3,3,0
6824.810596461543,0,7,3,1
2359.1188920963377,16,5,4,0
3083.8563401723923,0,5,4,0
6809.837688777271,22,8,4,1
2538.7914312244397,20,3,3,0
1360.0945097553094,21,8,1,0
4456.626093354509,12,0,4,0
7489.557419415444,7,8,4,1
5569.75822441641,12,0,4,0
4562.639054864473,15,6,3,0
781.9260676972945,1,5,2,0
4921.9827774598625,12,6,3,0
7920.480531583585,17,8,2,0
1124.9717018160095,2,9,3,1
4149.045570648075,12,3,1,0
7019.597710064004,18,8,1,0
5927.445098944864,12,2,4,0
5577.640849257167,18,9,3,1
5621.360251476938,3,8,2,1
2879.1317540019427,18,0,2,0
2352.2667948946246,17,4,1,0
6475.842438050717,5,9,4,1
6481.85659046005,18,4,2,0
6937.2431870479295,3,0,3,1
7306.358217688988,3,0,4,1
4093.1824788931976,23,2,3,0
4014.622776024161,6,8,3,1
6387.369955839367,6,6,1,0
5201.4616265682325,22,5,3,0
5617.2251836753385,15,8,0,0
6367.362392141628,15,3,4,0
7120.592707831443,4,3,0,1
2707.271279028029,14,2,3,0
3007.7857063563524,22,4,3,0
756.3856090277477,3,4,1,0
4628.349727264411,23,9,1,1
292.358479004953,12,6,1,0
3727.456154969019,18,6,1,0
4343.443854487075,6,5,2,0
2295.897310765634,11,3,1,0
4728.711918249241,8,6,3,0
248.8494982627002,16,1,3,0
303.5987690499693,1,8,4,0
6581.691482473968,15,6,0,1
2884.724178083047,6,1,2,0
1020.8487986518188,17,9,2,0
4180.334864138161,6,1,4,0
6161.098457023394,0,5,4,1
1730.4891148372612,2,6,1,0
4985.0093541729075,20,8,4,1
687.3529826251752,10,3,2,0
418.1953607430185,21,7,0,0
4253.180279387343,14,9,0,1
4327.377797272801,2,1,2,0
5101.252062478161,23,5,1,1
5810.100213112679,12,3,0,0
7806.937375302964,3,7,0,1
4132.821284668056,22,8,1,1
2587.0370011652617,21,1,0,0
6362.513627175786,7,6,3,0
2170.3038488402835,21,6,2,0
3514.5765085415605,3,7,0,0
632.2587688314163,17,4,0,0
207.6791936065828,6,2,1,0
7701.374075350011,10,0,0,0
6688.661063495086,3,3,1,1
5569.313777719115,12,2,2,0
3274.578790592088,8,1,3,0
1390.488088966412,8,5,4,0
1255.7141561553328,22,6,2,0
2005.6919708259397,20,9,0,0
4396.067184325433,18,6,3,0
5718.194401986998,2,7,4,1
5283.278026858262,11,1,4,0
2243.071506082813,10,9,0,0
7639.147918902237,19,5,4,1
5904.485848982669,10,5,4,0
4437.060649828649,16,9,2,0
4895.707366143646,20,0,2,0
3359.7024991101803,13,1,4,0
1985.6092610617538,15,8,1,0
2851.0015658168363,23,7,0,0
6063.979653162631,9,3,1,0
120.07594159489817,3,5,1,0
933.0007608527953,9,1,4,0
372.7911229639132,19,4,0,0
330.62677454016625,11,1,1,0
6844.407369168002,8,4,2,0
5630.7445857432895,14,6,2,0
3796.019763553165,8,6,0,0
787.1841144047568,6,8,1,0
3935.4689215590747,23,2,3,0
3790.406807390623,11,3,3,0
1389.7489499305714,19,8,0,0
3473.6439356575943,23,7,0,0
3191.0453515070008,13,6,3,0
4928.721533927471,21,7,1,0
5082.573738686812,15,8,1,0
367.2055581274959,18,3,4,0
3000.0278539386372,22,4,0,0
5008.75002613532,2,8,1,1
4027.5743873478013,10,6,3,0
6852.636280300637,22,3,3,0
5271.2555847934655,20,5,2,0
1307.6607445160303,19,0,1,0
569.1971354664366,18,0,4,0
5141.142129259493,7,8,4,1
216.9579277802664,19,7,0,0
4688.275772281339,7,0,2,0
7522.140780192536,2,1,3,1
4605.916052117652,9,3,3,0
3108.4185600211426,12,0,0,0
5148.089306446614,8,1,4,0
3668.731859479675,5,4,4,0
4367.2062305808995,14,7,3,0
7532.011146168319,15,5,0,0
3091.89058921719,4,5,1,0
7689.718557772194,20,3,2,0
7243.27838243873,12,1,4,0
1570.350122640425,18,2,4,0
559.5436004969478,1,5,4,0
810.7201210125261,5,5,1,0
150.68349608414007,0,4,1,0
760.0714712436476,14,5,2,0
5465.639153463773,14,5,4,0
574.1532444395308,13,0,3,0
2555.2101641986214,6,5,4,0
6759.77811120079,4,4,2,1
191.0591262079278,19,7,2,0
6516.675518298542,15,8,3,1
2258.4289243133326,16,5,1,0
949.7277968351417,10,9,3,1
5575.413637086384,14,3,2,0
5033.398060005173,19,2,3,1
7020.388748148788,15,9,4,1
5881.892995212067,2,0,2,1
6428.830038426864,5,6,1,0
2259.8664077075955,20,4,1,0
1423.629152518884,22,3,3,0
6006.164939368662,12,8,3,1
6455.643740441776,0,6,3,1
7924.088610295383,20,9,4,1
3303.878326906855,13,7,1,0
2979.2845959133015,1,3,2,0
6212.421621132265,1,9,2,1
2729.7243043228777,14,9,1,0
7446.4048182005,17,7,3,0
6868.00995098488,8,3,0,0
3434.8072488632715,2,0,3,1
6008.214186993021,3,7,1,1
6037.570278307036,14,0,4,0
829.4753313432813,4,2,3,0
7220.910488903136,19,6,2,0
4044.4927177206177,19,2,4,0
6612.527441531394,4,7,1,1
2563.7965602397408,9,4,0,0
7164.708211827123,15,2,3,0
3116.667421479634,11,4,4,0
91.64702358498539,13,4,4,0
7243.528901472013,21,7,2,0
734.8369809051378,10,8,3,1
2557.912532535367,18,5,0,0
7600.745426571185,5,9,4,1
7605.104139765761,9,2,2,0
4589.635915545672,19,1,3,0
5056.5385112975455,2,2,3,1
3590.3219482166664,21,8,0,0
2349.220119726026,14,6,2,0
2632.673040232478,10,8,0,0
5381.7850563359225,21,5,4,0
6020.234362854252,1,7,1,1
6333.674454588159,23,9,1,1
6317.997051642458,5,8,0,0
734.1927938742795,16,2,0,0
3957.890336097139,17,6,1,0
465.18228633307103,3,8,4,0
4398.483414178266,22,1,0,0
3535.0363584801494,8,6,4,0
7102.194941152607,9,4,4,0
2810.565525353869,20,7,2,0
940.9507963387089,1,3,4,0
1148.2184980124227,10,0,3,0
6093.277500581191,10,9,1,0
4947.653416213507,10,7,1,0
813.475795601708,0,5,0,0
677.4339148894045,13,7,0,0
5609.248206015664,0,2,2,1
586.7402358817272,20,7,2,0
6575.771174026398,22,7,3,0
5651.4066061161875,8,0,0,0
655.3835012319886,23,3,1,0
683.2775241111094,0,6,3,0
7893.183430116897,20,0,0,0
2997.295012070182,21,2,3,0
2968.283965799793,21,2,4,0
6503.332540223733,3,5,4,1
7578.25237618395,0,4,3,1
7888.078505263853,18,6,0,0
6028.258591145238,9,2,4,0
3013.1953863196713,14,0,4,0
672.5882300058568,19,2,3,0
6218.2895928398575,3,7,4,1
4469.441976637761,19,4,1,0
3396.6549639295754,13,2,4,0
7251.303308832415,4,7,3,1
894.02387103768,14,5,4,0
3943.537708805419,14,2,4,0
95.77238991551546,15,4,2,0
3751.9418327430394,15,0,3,0
455.14468907628964,3,5,3,0
954.949240563235,8,8,2,0
944.6223429829536,0,6,2,0
5195.436365417928,4,7,1,1
5969.628809727059,8,5,4,1
4669.033276951791,19,4,0,0
7697.569525053963,4,5,0,1
3002.090283292014,3,6,2,0
2289.2681298234766,15,8,3,1
6949.450029874735,1,7,3,1
1792.6487289630238,15,4,1,0
7705.964202827688,17,6,0,0
102.17502514508165,1,7,3,0
7759.181219527574,15,0,1,0
350.06349604485604,0,7,1,0
7129.6891940160785,15,6,2,0
4223.970367144967,2,1,0,0
7943.753544973806,14,1,1,0
595.0035350595139,10,5,1,0
4433.06500378856,9,2,1,0
7754.573772274696,16,0,0,0
4187.16726414034,3,7,2,0
5037.042111891424,16,6,4,0
5567.510768432015,3,3,3,1
3639.055812818347,18,0,0,0
5022.3268502720875,0,1,0,1
4676.5929238251865,13,8,0,0
7209.758293875457,23,3,4,1
368.34381082995566,10,2,3,0
2251.3007007898814,6,7,3,0
7603.539815192087,16,3,1,0
7122.658952207876,3,6,1,1
3647.975738521775,9,4,2,0
4962.960119423286,16,4,0,0
2222.6625579341558,3,5,2,0
1509.0286719914716,18,3,0,0
3712.268747495157,17,1,3,0
2830.0510630682925,16,5,2,0
4671.330614247722,5,4,3,0
626.4884225350538,6,2,1,0
7795.286487291001,5,3,3,0
7889.754902114425,11,2,4,0
5586.802903587863,8,2,2,0
4291.090448921243,17,3,0,0
2479.67329220919,1,1,3,0
6511.2911825570545,16,3,2,1
5479.425724568265,20,9,0,0
1305.122430062406,0,1,2,0
7287.8628400282705,22,9,2,0
6581.185257170736,8,7,4,0
7598.650306768933,5,9,3,1
5807.127469564938,1,4,4,1
4909.25449150664,5,6,1,0
3348.853075143498,8,3,2,0
7462.164224415336,2,9,3,1
6929.180796555765,15,5,1,0
366.5232674989843,23,9,1,0
215.80396110552977,14,3,4,0
3014.8246181900067,11,5,1,0
6485.373879600754,22,0,0,1
7898.272653872981,7,5,0,0
1207.5830443727077,5,5,0,0
4755.075069240321,2,1,1,1
3050.222398765017,22,9,2,0
7759.465610527753,3,9,3,1
6737.740790469991,9,8,0,0
6707.437994165547,13,5,0,0
3752.2018125607874,20,6,0,0
3321.4819211896333,23,1,4,0
2190.8895400859965,14,1,4,0
455.7220957241623,6,1,0,0
6918.455398159151,6,9,0,0
6504.14356799497,7,8,4,1
7997.742797922614,9,2,3,0
7973.111512405873,18,3,2,0
4445.676486293007,18,0,3,0
6153.054384368182,1,0,2,1
7558.402010410012,14,3,1,0
6797.930888465905,0,1,1,1
1982.5480734368653,9,7,3,0
3607.1003618041977,5,3,4,0
1037.6295241362025,21,2,0,0
7632.637962933485,12,2,1,0
4851.366202434786,9,5,4,0
1832.9992300001845,11,5,4,0
5375.246971824825,23,5,2,1
4946.935282460877,5,5,1,0
2868.51093067256,5,7,3,0
912.892949636034,0,7,4,0
5374.227698764433,11,8,3,1
4164.860068725828,22,0,3,0
6179.685541926437,22,9,1,0
4163.707191390387,9,7,3,0
6818.191095046728,13,4,3,0
4417.495176002012,14,2,0,0
4489.6990824254135,22,9,3,1
7013.845553253468,23,2,0,1
3230.8455153681143,3,5,1,0
1076.4517514628726,0,7,3,0
235.1174971251451,7,9,4,0
6042.322359110584,2,1,3,1
4964.37486307095,13,8,0,0
5634.117745953293,16,4,4,0
1707.6484712637414,1,4,1,0
1095.2899473162242,14,0,2,0
121.28460201471601,5,5,2,0
2807.947532658743,4,4,0,0
4721.391906402791,13,6,1,0
3140.99114057236,18,6,1,0
3502.6120015797137,8,3,3,0
7233.7487624775185,7,4,2,0
2789.3024588512862,2,9,3,1
4114.345965832687,17,7,1,0
6270.305836865439,7,1,0,0
3175.359544658555,15,0,0,0
4978.5831683218485,14,5,4,0
6899.597851430228,20,3,0,0
7596.417386142849,14,9,2,0
1180.8524800276582,15,2,4,0
7413.068063166148,0,6,2,0
3939.4697631709078,9,7,3,0
2069.663884450172,18,3,3,0
3675.790371124899,4,9,0,0
7840.360439407389,17,5,4,1
3943.4816614729925,2,1,2,0
2633.369124248628,3,7,2,0
5069.0398302622225,3,5,1,1
1924.9642221316535,10,8,0,0
611.527308228768,8,5,3,0
1035.3933766756406,0,5,1,0
1028.7264824673907,15,1,3,0
1219.4620346307934,8,4,3,0
1114.923245332034,10,8,2,0
5128.793584701701,5,0,3,0
1459.131274771163,16,3,4,0
2768.6099301742865,11,9,3,1
7174.823337198564,21,9,4,1
3794.3233139016643,7,2,3,0
5342.124119475612,15,0,1,0
1382.6973702570306,4,0,2,0
1542.3507053753228,20,0,1,0
331.7445870504985,0,0,2,0
1355.6358292619557,16,1,1,0
2232.3297605605094,23,4,0,0
1420.1988217925907,20,1,3,0
714.1767573876597,7,3,3,0
969.4837894493035,9,8,0,0
3688.9262504216426,17,2,0,0
1654.6380786543111,14,1,4,0
2917.3375390793635,19,3,1,0
4029.8210804845808,12,8,3,1
5524.7066548917755,9,3,4,0
319.300558029586,8,4,3,0
6396.286139277796,12,3,0,0
5025.063613979808,2,7,4,1
658.6634604312309,21,3,4,1
6989.261099733684,22,1,4,0
7367.3748422518465,2,3,1,1
493.31828903963566,0,1,4,1
2218.636796936894,1,8,3,1
6450.579231945525,10,7,1,0
5987.336224617348,13,8,3,1
1480.2455497542367,9,3,4,0
1678.747840076999,6,0,4,0
2966.9244618170987,22,2,3,0
3878.7612666022155,0,6,2,0
4947.946898384716,6,0,4,0
2954.4645483603304,14,7,4,0
3702.9650554845175,10,8,1,0
5981.0301503793835,5,7,3,0
298.2822071103302,21,4,4,0
2023.233370030446,6,8,3,1
5708.229939146997,6,3,1,0
7162.178667309158,0,8,3,1
4095.861149714751,9,0,3,0
4259.247314696198,20,2,1,0
861.8402306615095,14,3,4,0
3582.0618727535198,7,9,3,1
4263.27504530791,23,0,2,0
1943.5516765596637,18,5,4,0
2157.599631440301,2,3,1,0
3021.386884021458,22,3,0,0
165.46922623292232,14,0,2,0
2580.0229288375103,3,4,4,0
1695.5268159373745,5,8,1,0
2623.3413306624275,9,5,2,0
962.4982438949135,17,7,4,0
7124.76560951546,15,3,0,0
4750.771666164619,17,8,4,1
5434.423041560194,5,6,0,0
6314.4240526656695,18,6,0,0
3990.045380437813,16,7,3,0
699.9277032589524,17,1,1,0
4299.166801839289,12,5,3,0
4696.7947385769285,6,6,0,0
5964.788596103718,19,2,1,0
3456.118072106287,11,7,1,0
1025.0045208505321,1,0,1,0
2273.788366860802,11,0,2,0
2907.8429597070876,11,9,4,1
5169.108344446152,23,2,0,1
4568.3725458279505,3,5,1,1
2851.993323553281,3,6,2,0
7892.189414099873,17,1,2,0
4848.169680758313,15,5,0,0
1901.628199929276,13,4,3,0
818.7508686001279,16,5,2,0
1227.1088177787346,16,0,0,0
1971.4320384341424,2,9,2,0
1289.6475792101476,5,6,0,0
1496.6033572901895,22,7,1,0
2284.3358737073077,12,6,3,0
1391.1218943815647,8,8,2,0
7174.639569888269,20,0,2,0
646.4687965648294,8,9,2,0
4198.468559614186,7,8,4,1
3286.122631782344,16,2,4,1
7859.117042184308,15,1,1,0
900.7510228335785,15,5,2,0
3185.8555143707044,18,4,3,0
7755.916114036574,23,3,4,1
6924.7294715223725,15,3,0,0
6537.491207239493,13,7,0,0
2066.933102224294,19,9,0,0
1371.2462611835763,13,2,1,0
5350.802543295826,13,0,2,0
7435.361033075048,13,4,2,0
4456.319329646369,11,7,4,0
4575.043452311849,5,2,0,0
2243.432853813972,19,1,1,0
6157.096000869536,12,0,3,0
1500.4147697173994,15,3,2,1
2592.8154950519283,8,1,2,0
3406.364326738252,1,7,1,0
4063.344977582218,21,9,4,1
1943.0658106585665,2,8,1,0
923.1204137899323,9,9,4,1
4886.907239320853,19,0,2,0
2312.601273155845,1,1,4,0
4651.999580273785,23,5,4,1
1239.1299086172476,9,9,4,1
3851.715114329266,7,6,4,0
4263.052513249929,16,1,0,0
419.32917689530314,21,7,0,0
2696.151204160395,0,9,0,0
1079.645342127099,5,8,0,0
511.68288892977813,6,7,1,0
7919.732057957613,14,8,3,1
2582.21899057291,17,5,4,1
6479.946194607805,8,6,1,0
2040.852034836292,7,5,0,0
5453.614264180314,9,6,4,0
6083.021739818044,3,2,3,1
4767.131731159715,19,3,4,0
3775.2516274585164,7,8,2,0
3297.668108607412,0,2,2,0
2794.201791011247,7,1,1,0
7436.585508261368,22,6,3,0
6645.802165262894,11,5,1,0
7720.390150778768,22,2,4,0
998.75630176693,14,5,3,0
5848.285464253136,12,6,1,0
7507.031952284197,15,5,4,0
1453.9583639944528,22,0,0,1
536.6376575973861,17,0,4,0
5930.259591074022,0,8,1,1
4597.912539873396,16,5,3,0
6735.421070182385,15,1,3,0
1122.4801511271846,22,0,0,0
6363.162158319822,4,1,1,1
1617.0104237817175,19,7,0,0
1313.4292632113074,20,4,2,0
1318.3050544582886,9,6,4,0
6517.5248882499,5,6,2,0
5323.25177946612,11,1,2,0
4186.908071029109,9,3,0,0
2873.8497205674025,21,1,0,0
7018.218323800801,16,6,4,0
3142.5986338439698,1,4,0,0
6533.712518575259,18,0,0,0
3515.8835940188965,19,1,0,0
3018.670713252136,5,5,0,0
3704.1248864285035,12,3,0,0
2414.516103942316,8,6,2,0
5982.136994509127,11,1,2,0
4024.249518789371,17,1,4,0
1861.5404976988043,7,5,3,0
7197.098713330175,17,7,4,0
3074.210314878825,22,0,1,0
4350.705124606339,21,4,4,0
7252.2445271615525,1,0,4,1
4995.782777332367,7,5,0,0
939.5998354633707,9,6,0,0
7518.957828289734,8,5,0,0
5023.5258843059855,23,8,3,1
2682.5703891834037,17,2,0,0
1118.4802209437812,7,7,1,0
6353.231388216016,18,2,2,0
4962.481683648465,2,6,1,1
4270.021430350691,8,4,3,0
7151.671201492406,12,0,0,0
6309.834703740124,8,3,4,0
1217.6406634633456,19,8,2,0
2497.217932025408,11,7,3,0
1991.6706728166537,22,2,1,0
5952.850609118553,12,1,0,0
273.0918157125562,7,8,3,0
4561.268030546175,14,0,3,0
6100.857192496821,12,8,4,1
7014.7412659101865,20,6,4,0
2739.94358098368,12,1,4,0
6570.952150852743,16,4,1,0
889.5007369568818,14,1,4,0
6772.386072417473,21,4,3,0
1024.2718553441994,18,6,3,0
3181.3118880301363,2,4,3,0
6379.376449407531,13,1,2,0
1203.5898316534465,9,4,2,0
1837.8649048849686,16,9,1,0
5779.409284302565,7,5,4,0
5761.692109685864,17,4,3,0
5130.975324917952,11,1,4,0
5553.117813514465,16,5,3,0
4344.081924564031,22,5,2,0
2018.1334759610872,10,1,3,0
2768.8394680638357,8,3,1,0
1456.8737458273981,21,6,0,0
7268.062237862358,23,0,3,1
4669.2173991551335,23,0,1,1
3209.8070770253007,22,5,2,0
3698.736400134841,14,6,2,0
7578.530300196464,8,4,0,0
1231.0444679130612,11,9,4,1
4691.907506974294,10,7,4,0
4049.5799876813057,16,3,3,0
4893.576612300009,5,2,2,0
149.79091964761986,7,6,1,0
6977.630652008491,9,3,0,0
7457.285668456481,14,0,4,0
4523.239802795725,3,7,3,1
5574.723336895753,17,4,3,1
7380.382552512479,10,7,2,0
5659.372881335622,8,7,1,0
1224.5496480995196,8,4,1,0
4612.425439533671,7,7,4,0
4855.686795830933,2,6,3,1
3395.9247170625763,20,2,2,0
5892.871663819659,17,3,1,0
7475.264283078273,13,6,3,1
7404.920260689677,2,3,1,1
3609.460774376036,16,5,0,0
910.3381764968383,3,1,1,0
7878.805385703865,20,1,1,0
6711.990201135243,17,2,3,0
1001.6781362201184,14,9,1,0
7367.130851525892,18,6,1,0
6959.821414686716,21,2,0,0
4153.110266722947,5,2,1,0
4732.247108780709,14,3,1,0
3195.0266174416915,6,9,3,1
442.8193023821405,11,5,2,0
2684.901946958978,15,0,0,0
6423.813321541102,8,5,1,0
42.03302392179985,19,7,2,0
2671.3258776706975,4,7,3,0
3188.3587052595917,10,5,0,0
4301.477845488694,1,5,3,0
7359.24565322002,21,2,2,0
2774.0362249558602,15,1,0,0
2778.8908491603406,3,6,1,0
5901.3224786374385,4,7,2,1
3620.482437414008,6,9,3,1
1800.7155594051558,5,5,0,0
3622.2539314808837,23,4,2,0
1131.1518779365,21,3,2,0
1415.2139571172554,9,0,3,0
3989.4503430521404,13,8,3,1
3354.3089687888605,7,9,1,0
7319.19297903946,13,3,1,0
2902.339223437482,13,1,2,0
4646.803860472957,19,3,3,0
5059.9529819166455,22,4,2,0
109.69018042372743,2,1,4,0
5309.981289273601,0,6,3,1
1428.3975551236626,8,2,4,0
7688.757188168294,8,7,4,0
1193.558508386138,21,3,3,0
3319.919869197555,1,4,1,0
687.3705962887576,15,2,2,0
7975.009643508349,7,4,0,1
4020.0491075982845,5,8,0,0
4765.10321347375,22,1,3,0
541.2764367204777,12,6,1,1
6000.933960841427,0,9,1,1
1683.195216799208,18,7,1,0
7184.9440440785065,14,2,0,0
1645.0914256536473,0,3,4,0
1529.5483267060142,9,9,0,0
297.21459444551857,0,1,1,0
3779.175226154444,11,9,0,0
4520.904860434618,10,8,0,0
530.3405722296772,16,2,2,0
6205.3432954766095,3,8,3,1
3629.044233810481,22,6,4,0
4197.500203274002,6,5,2,0
3528.898161771134,11,2,3,0
3209.100671698231,12,6,1,0
4479.324448809202,4,2,2,0
1246.1457662160465,5,5,3,0
1459.5154033096926,1,7,2,0
6894.976040003071,20,4,0,0
7569.193119758394,6,2,0,0
2989.6079836566246,13,5,2,0
2169.6036617827126,21,7,2,0
5153.776348195931,13,9,4,1
3272.829697929281,9,2,1,0
207.96391350445717,3,4,0,0
1253.4400159426918,2,8,2,0
5729.197969634944,22,9,3,1
5273.09691557166,13,9,1,0
221.6324600653505,5,2,3,0
1779.6674346539307,22,1,1,0
1852.4429987216308,14,7,3,0
5376.782485071833,7,6,0,0
162.58574934614143,4,8,2,0
837.3481129666679,2,3,2,0
6400.329102558649,2,2,4,1
1432.4645731243972,12,9,2,0
5223.705132275738,1,4,0,1
1909.2713344685785,23,0,1,0
800.0339351109645,0,4,1,0
1949.1616670406354,11,2,2,0
5779.524120185995,7,0,3,0
6846.293262509755,18,2,2,0
6642.607817213097,8,4,1,1
3180.4823192995464,13,4,4,0
5346.340666882316,17,9,1,0
1643.8494418494886,9,7,3,0
2348.716103436801,8,0,3,0
7171.204869076352,5,6,4,0
108.9503784683346,0,4,3,0
688.6407041814723,4,2,2,0
1667.0506098924884,9,3,2,0
217.12496997118862,12,2,1,0
1455.5763035429295,21,7,0,0
4666.417279952689,22,3,2,0
3374.2892819870212,3,2,2,0
7141.910330060414,0,1,4,1
6540.461276098835,20,2,2,0
2737.8297268245183,1,6,1,0
2079.0903502831834,23,5,4,0
3040.640803297299,3,9,2,0
4724.408065405888,16,4,1,0
2148.168808378896,9,7,4,0
4995.070518253827,22,0,0,0
3278.2461592689674,11,2,1,0
4418.617210911582,1,1,2,0
3491.831600436857,2,1,4,0
2359.2537475376316,13,0,0,0
7587.884189162442,14,4,1,0
6110.028324307288,12,4,0,0
1125.204840252788,8,2,1,0
6948.401467303813,1,8,2,1
3902.0124300048615,18,5,1,0
7156.945054018261,15,9,2,0
6399.842771298785,10,5,1,0
3404.5819682315214,11,9,4,1
184.6421200193386,0,5,1,0
2153.075488282644,1,1,1,0
4335.365546213631,15,9,3,1
5069.658367510047,1,9,3,1
2066.812045038452,18,7,1,0
1119.1518122122288,9,5,3,0
6680.267243210396,18,2,2,0
7875.295434724899,9,9,3,1
4207.893007509973,15,8,1,0
1377.5758903571864,12,1,0,0
2182.0970755223548,15,6,0,0
152.03345899699653,17,2,1,0
7314.818958451189,23,5,1,1
946.4199077066784,7,4,0,0
4614.249221736457,23,5,4,1
2196.0714893942118,17,7,3,0
4435.653130113768,12,2,4,0
5213.106004873154,6,1,2,0
6638.785720639077,20,7,0,0
1655.3380677260227,22,0,0,0
92.91165012455141,23,1,4,0
1099.4006124001141,17,9,2,0
7200.649041575601,5,0,4,0
6991.751170112309,8,4,2,0
4781.317751851615,5,7,1,0
4806.132299167059,17,1,1,0
5321.968212997313,16,3,0,0
1407.0933725944794,11,3,1,0
7315.723507670054,2,6,4,1
3353.0703465121246,4,0,2,0
3068.192533354732,6,8,0,0
4153.747053736286,9,2,1,0
380.4929043665651,9,5,0,1
1334.435533204855,18,9,0,0
5905.578763328832,3,4,2,1
666.9753500613862,9,3,4,1
4827.201115183773,17,8,4,1
1966.566131902161,2,8,3,1
3117.4184342656026,20,0,4,0
2313.1064254817456,2,6,1,0
2848.6033681372683,4,9,3,0
5753.772011948043,15,8,3,1
2380.4881164072845,19,4,3,0
4533.405099173693,12,0,3,0
3811.0229655818016,10,7,4,0
5311.050967074372,12,4,3,0
7494.95376590144,18,5,1,0
5861.913917195951,5,6,1,0
1723.4483268331003,23,9,0,0
254.30916481497096,12,6,1,0
2101.8010341771014,3,6,0,0
4762.648055948537,21,0,1,0
416.1493788065815,4,6,3,0
3973.4481463738844,18,2,2,0
4776.758577090529,4,4,3,1
2677.279907081602,20,9,4,1
6168.443068947846,13,4,0,0
857.2530338045055,3,7,2,0
605.7265649777911,11,6,1,0
5826.869105847809,5,6,3,0
3966.4530730685565,18,5,0,0
5508.77715943975,9,6,0,0
3481.444572136951,0,6,1,0
1974.9842557466588,22,4,0,0
6553.723029805226,22,4,1,0
6396.329952356989,15,3,1,0
5559.098284481142,3,3,3,1
2180.800372153552,8,4,0,0
4723.8941816183515,17,9,4,1
2890.986306035514,16,8,4,1
737.1986762464401,14,5,3,0
7338.922035820631,18,7,3,0
1098.8649541970965,6,8,1,0
7602.147643797315,17,3,4,0
3570.816154798856,5,6,0,0
1485.137766064764,18,4,4,0
4337.498074289973,20,3,3,0
6984.201957831884,11,6,3,0
5859.1379668444415,2,2,1,1
6453.456377152291,0,0,0,1
5271.9730168521855,4,6,3,1
5539.75113332023,0,8,0,1
6794.319234264728,7,1,4,0
2001.0957308291916,6,6,1,0
3917.952584326908,14,9,4,1
1773.5694873477198,10,1,3,0
7901.405723933192,17,2,3,0
7552.754420794473,13,9,0,1
320.21735689120464,8,9,3,0
5646.073504262929,4,2,0,1
7402.360297738248,22,3,2,1
1448.6998842930316,3,5,3,0
4545.722118268272,11,2,4,0
7324.328939216394,0,8,4,1
276.3980987934617,23,1,0,0
5580.875036638485,12,6,2,0
2382.3053139435433,0,5,3,0
7395.54758203536,2,1,1,1
7768.610670097115,21,2,1,0
7554.410580461904,7,5,4,0
3796.342662176423,23,9,3,1
6897.030994659561,17,3,1,0
6757.1724412878875,15,0,0,0
2556.2082835798287,19,0,3,0
6632.179215834665,19,2,4,0
300.8760395503635,15,7,2,0
4772.177678464014,1,3,0,1
1843.920654115186,16,0,0,1
968.932251789344,9,7,3,0
620.2408470255272,6,9,2,0
5571.828763145727,9,5,0,0
2722.3003353256886,18,0,2,0
5799.510338372448,19,9,4,1
527.5239446875443,8,9,0,0
2525.7462509557295,21,5,1,0
4318.232882540821,16,0,4,0
6326.8317028875135,8,9,4,1
2553.426260941899,8,9,0,0
5009.0015546138875,4,2,1,1
7088.392097148316,23,1,2,1
4928.826189517525,6,3,1,0
1867.511000655302,10,1,4,0
200.08424854452147,7,4,0,0
6961.440496837934,13,3,1,0
175.04893974884516,1,5,1,0
6998.239873110174,9,6,4,0
4233.85238654756,20,1,2,0
7512.846249610605,23,1,1,1
6391.271970010454,15,7,1,0
7983.483213714033,15,8,3,1
2808.9409645364226,18,4,4,0
6138.67037000436,10,6,3,0
3218.437654305891,5,8,4,1
3841.6055843297513,5,0,4,0
5021.906178430869,6,7,3,0
6990.048527919778,15,9,2,0
7872.747336248364,12,9,2,0
6147.345943846823,2,8,4,1
3345.0454234278336,23,8,3,1
3373.749233205176,23,9,1,0
5901.970501203187,8,6,4,0
1914.023280417577,23,9,4,1
888.2405344855002,2,2,0,0
2840.2041503380083,5,4,2,0
2301.4757382743833,16,1,3,0
2373.983423045641,2,9,1,0
1872.69396964403,1,2,1,0
341.53505114271326,11,9,4,0
147.90210819364341,23,6,1,0
7901.840505939572,5,0,1,0
3425.0462042182194,9,2,4,0
3077.691544041655,10,4,2,0
5438.780025131094,15,3,0,1
1749.939833481188,15,2,2,0
7599.939665682052,23,5,2,1
6291.828390252339,17,5,0,0
719.8409634865149,21,3,4,0
3343.5583024005023,22,8,2,0
7033.550868959506,23,5,3,1
7558.132518219825,8,8,3,1
3741.8750824427084,20,9,0,0
4909.224056739608,18,9,3,1
1340.4363990061415,1,1,4,0
7929.393165965127,23,5,1,1
1857.21525256063,0,3,4,0
7542.14053421033,15,1,0,0
5198.924958693986,21,4,1,0
4863.8556750564785,17,2,3,0
4103.944645576986,2,5,2,0
1849.2051446834807,23,7,3,0
1416.3416158840384,0,3,4,0
1767.787241516052,5,3,4,0
1495.5739058433148,18,4,0,0
6237.777866166192,21,5,2,0
2804.251447038007,18,6,2,0
467.45219912435397,10,5,1,0
7752.9755279757865,7,6,1,0
7070.868150282588,4,8,4,1
7422.379504145728,19,3,0,0
7959.2880420582505,8,9,4,1
1395.292517509801,14,0,2,0
3172.9549411267567,20,8,2,0
6067.11661325421,13,6,4,0
5569.6848413400685,3,3,2,1
1235.3977711871412,23,9,1,0
6527.585834299989,23,7,2,1
1799.402371834102,7,6,1,0
1794.4218305068714,19,1,3,0
4298.110511032842,16,0,0,0
4745.554779059416,1,8,0,1
4642.789231663301,19,6,2,0
736.4372649950502,15,9,0,0
7020.299596729891,9,0,3,0
2128.472340496705,1,3,2,0
1040.4717956560194,10,4,1,0
7110.540898552473,9,4,3,0
7645.4337283468785,18,4,3,0
6897.710300037278,13,2,0,0
6477.0810174254,10,4,1,0
5243.659635208979,8,3,4,0
4409.104678020069,6,4,3,0
700.459145491724,14,6,0,0
3270.5834385002363,19,4,3,0
2984.6446935134504,16,7,1,0
2081.731501163808,2,7,1,0
5788.743808940237,14,2,2,0
3969.526501954773,13,4,4,0
652.9644961816452,7,3,4,0
1765.3646995887416,3,4,0,0
5467.65381545847,9,7,4,0
613.66622162495,1,3,1,0
6810.399277819905,13,4,4,0
3963.6964834767246,7,6,0,0
3847.289685726551,22,2,3,0
4741.300238352843,9,5,4,0
6598.324322571568,17,8,4,1
2785.7346171780337,14,3,1,0
5425.7391397097135,4,3,1,1
4528.02705214635,21,5,3,0
2139.8910200045234,12,5,2,0
7029.6467409094885,17,2,4,0
6380.42104274739,1,0,1,1
5269.3224180941115,12,2,2,0
6805.400924108464,13,7,4,0
6939.0171366736195,9,7,4,0
5668.361998836703,3,5,2,1
6696.921560267558,14,6,1,0
5581.284336045923,7,1,3,0
5442.725470223601,14,8,4,1
4950.7979688303985,13,2,0,0
6022.969533263342,20,1,0,0
1273.0478168181241,8,4,0,0
7047.5617197954325,19,0,3,0
6975.3890043231295,2,4,4,1
238.83202786130036,14,9,1,0
6607.404920765278,23,3,1,1
1035.3145904501944,16,5,3,0
2684.2752398018392,15,4,4,0
5949.348509051404,3,8,2,1
1290.275368906224,10,4,2,0
6544.646357831903,7,7,4,0
6657.912752772147,2,1,4,1
4062.2045314178854,18,2,1,0
56.055044376084474,13,2,3,0
2299.869874733428,8,2,3,0
4937.330712414059,2,5,1,1
7849.583493329251,3,6,0,1
5056.349148498263,3,6,2,1
2082.1296306079576,10,6,4,0
5073.875596281393,18,2,2,1
4322.183110828265,15,0,2,0
6239.863934233393,22,5,3,0
860.3102074215325,21,2,1,0
6089.418080503714,16,2,0,0
4332.426296515501,9,2,0,0
7704.121070852662,23,8,1,1
2738.2679674792953,16,3,2,0
5062.812035605915,15,4,1,0
7456.56470355259,19,2,1,0
824.5652752854807,21,9,4,1
7498.141755455426,5,0,4,0
5504.646349795003,6,3,2,0
547.3572875458493,13,0,3,0
2411.203717739796,10,6,0,0
5666.835848719026,11,6,4,0
543.4680587428297,13,3,2,0
4659.452829109305,4,4,1,1
2770.335040338889,4,9,4,1
4969.219564550979,19,6,1,0
370.7075603310402,21,5,1,0
6972.9367651882485,22,3,4,0
7788.044308573289,14,3,2,0
7751.178453009104,0,1,0,1
5998.466394784683,23,9,2,1
1045.0394898444026,22,1,3,0
6067.314251452535,8,3,3,0
201.57239708811807,2,4,0,1
181.87779447433306,3,3,3,0
2592.263702100582,15,2,1,0
3911.7023072853026,6,1,3,0
6164.407305373306,21,3,4,0
5467.946535969009,13,4,1,0
3569.992137482103,15,0,2,0
2192.645196921919,17,0,0,0
7977.0103787609005,15,5,4,0
3412.3195113766037,15,4,4,0
3613.8392595157557,1,3,0,0
1313.172450427395,9,0,3,0
6359.502342255685,6,6,0,0
5550.9893951230015,14,3,0,0
1770.0530542461393,8,2,3,0
663.6364596986624,6,6,2,0
5445.591920087331,23,1,0,1
5237.817158177676,15,9,3,1
2189.7099183506834,2,0,4,0
7607.154180192031,16,3,0,0
1212.7078447882973,22,7,0,0
3461.5167343356025,7,5,2,0
7549.209281739953,1,8,2,1
3360.7198988243476,19,0,4,0
5110.014951574364,2,0,2,1
3183.7672117125403,7,4,4,0
2197.3505427776167,1,5,0,0
7871.901295438826,18,7,3,0
3277.6253804887688,16,2,2,0
7153.323133414679,4,5,4,1
1843.487074099234,19,2,2,0
1708.772108680541,16,7,2,0
253.91699266166833,9,3,1,0
5215.076268880201,8,1,0,0
2951.3681180714702,21,8,2,0
6915.544207467899,5,9,3,1
3788.3132039989996,10,7,1,0
7745.7064561782,1,5,4,1
1488.2764980464535,22,2,4,0
6949.642227805109,11,1,3,0
6213.891838069975,11,3,3,0
6168.520147929195,15,3,0,0
6759.0419087945165,21,0,3,0
6089.386807589276,23,8,4,1
5011.631471443166,11,9,0,0
1054.3027970706887,20,7,3,0
265.04680503255906,17,6,3,0
7367.178543286416,12,5,4,0
4935.119264593301,14,2,0,0
6373.315641354529,15,3,1,1
3854.771200342838,3,1,1,0
942.8789707543439,11,6,0,0
1005.8604086593907,16,1,3,0
5486.094471395626,0,9,3,1
3445.295629721204,21,0,0,0
1608.1951899691921,17,5,1,0
3935.298401197788,21,3,2,0
518.350451915697,15,7,4,0
4657.8613583056185,0,0,0,1
2155.602268458606,9,8,2,0
6381.485009594319,18,5,4,0
2486.343861593972,15,1,2,0
3644.4850919090004,13,7,2,0
97.90621656526459,1,4,4,0
584.2128679174982,23,4,2,0
3142.9859834714453,5,4,1,0
3842.1109835634024,21,6,0,0
4802.164282213833,22,6,1,1
2336.842316780879,4,9,1,0
5561.380179581708,11,6,4,0
6881.678565527691,3,9,4,1
6239.908656202331,21,1,4,0
321.7525086601154,23,7,2,0
3846.6530433263424,3,0,2,0
843.9167764533081,4,1,0,0
1940.1499018209072,6,6,2,0
7893.367433170836,5,3,0,0
1144.2518654975981,12,9,1,0
3993.6107868435915,3,9,0,0
4947.155095873362,12,8,0,0
5621.207439500111,3,8,4,1
4479.3912244778785,9,2,2,0
83.11792511637336,19,2,3,1
2615.0581594107152,0,8,3,1
4144.104588860768,20,9,4,1
707.4926606629426,7,7,1,0
2808.2623150174,6,0,1,0
270.4588547869757,4,5,1,0
633.2350847543909,2,6,0,0
3178.4015932317607,14,7,2,0
1066.0624535742675,16,1,1,0
4542.489081851158,22,0,3,0
5517.27242825244,12,3,0,0
6405.690659377117,14,0,1,0
1605.2012027372566,18,1,1,0
1344.0232451612626,19,2,2,0
841.0198834735301,13,3,2,0
5093.2598451013755,20,5,0,0
5653.273433262775,12,7,3,0
257.5312278810081,11,8,4,0
7490.0169087183,23,3,3,1
420.51041279352194,22,0,2,0
4332.664200732058,8,4,2,0
5673.938853010077,2,4,4,1
6968.398144349954,10,8,3,1
5714.12502239876,9,5,3,0
6414.816024142986,0,4,4,1
2718.9042893797346,16,9,2,0
6519.526784403365,12,9,0,0
645.5181968454777,13,4,3,0
7159.059165203918,0,7,1,1
4383.001047349121,1,0,3,0
6539.295670850137,1,4,3,1
3621.2846847238097,6,0,3,0
5150.403673096217,8,6,2,0
4213.589274184225,23,6,1,0
5854.058226433878,3,9,3,1
657.6317063345637,1,7,0,0
487.5149115045576,18,6,1,0
1980.590355911121,4,8,4,1
1280.5597175049409,8,7,0,0
6974.909614904653,23,7,4,1
1757.6158289275643,12,2,3,0
7807.042720273955,11,9,2,0
2698.481855209999,18,3,3,0
1461.0327359311507,8,3,3,0
6318.639564604121,9,0,4,0
5271.368665129505,18,5,3,0
3988.074753042846,9,1,0,0
4445.131589746362,11,8,2,0
5755.018217286749,13,0,4,0
1831.4956569437334,7,0,1,0
7970.689658873652,15,9,3,1
7798.471331363531,16,5,4,0
5204.353862343761,19,0,3,0
1600.3418951785154,3,2,3,0
5443.424798238174,5,9,4,1
582.2262797885109,11,1,0,0
250.0667551354195,17,8,1,0
2065.174693647153,6,4,3,0
3703.6705391308337,4,5,0,0
6946.838680740002,9,1,3,0
5818.716712781633,5,7,3,0
5942.938636993848,13,5,0,0
3406.8192089123627,5,7,3,0
2770.7502654129685,13,7,1,0
2971.4549100618988,11,0,4,0
7901.258262069782,21,6,0,0
325.67298534279746,11,1,2,0
6936.916811498976,7,7,3,0
4631.509891536285,9,1,4,1
3511.7302764207757,15,3,1,0
5803.434995019016,19,1,1,0
3895.918186690499,7,6,2,0
6988.018788462876,8,4,1,0
7206.111402770011,12,8,4,1
3376.658810353276,19,4,2,0
2218.2382388942374,16,7,0,0
4740.840877103931,18,1,2,0
7299.344948205444,16,2,0,0
1689.2442011003043,6,5,1,0
4985.617835590045,0,6,4,1
5054.323959639702,19,9,3,1
5866.238614210171,13,7,2,0
1056.8836425924421,16,2,1,0
5728.020592633298,12,6,4,0
7272.7150027217995,1,7,3,1
1441.5664554175846,13,9,2,0
1904.1588827664018,0,5,4,0
7771.303776862908,4,3,1,1
1451.9107369123708,6,5,2,0
6835.808821489785,18,8,2,0
3940.761462302038,13,2,0,0
1981.6124398534005,23,1,0,0
6966.645460673729,13,4,2,0
3565.2155137463105,14,6,4,0
4120.964744667873,4,2,1,0
2877.070788351127,4,4,3,0
4745.642057222245,20,3,0,0
1312.373361317257,23,6,1,0
3131.696885530827,1,1,2,0
7755.451517070624,17,6,1,0
2068.7767944455145,23,1,1,0
5255.609633007632,8,2,1,0
2604.8945634764355,9,4,2,0
6188.917639864372,17,6,0,0
1051.334917443207,3,5,3,0
7758.719255402965,7,6,4,0
3633.047383362196,17,5,0,0
1892.2234544549794,19,0,3,0
592.6064949034512,16,4,2,0
1362.2144511748882,15,0,3,0
4160.592718705361,17,6,2,0
2699.3403955681338,6,3,3,0
6631.922510231463,0,4,0,1
3449.9457516761386,0,0,2,0
1993.470609338101,17,7,1,0
4939.07416789922,3,3,2,1
5655.68384899914,22,2,2,0
1340.500053668094,19,0,3,0
1345.1156342250997,20,3,2,0
298.18805833367605,19,2,3,0
5892.534110449796,3,7,0,0
5312.117198336332,5,8,2,0
3799.673851619762,2,4,1,0
6754.142739508731,5,8,1,1
6446.3328728356755,12,0,0,0
4684.908143352033,22,6,1,1
6946.828887703503,6,6,3,0
1650.7004742439622,23,5,2,0
899.7973570848344,3,3,4,1
2161.648144078332,0,8,2,1
461.40941443407223,5,2,2,0
4251.7003763682505,23,0,4,0
7493.162509898217,4,1,1,1
319.55160764473464,12,2,1,0
981.2687625101643,18,1,2,0
3620.331231126065,3,5,1,0
7471.3307651356,23,6,3,1
2532.6680592891203,5,4,3,0
4060.3422954636976,12,4,4,0
337.3750081078848,4,6,2,0
1191.0038916919004,12,5,3,0
7893.107833055981,9,7,0,0
7721.123978006184,2,8,1,1
44.49514757060488,22,1,2,0
7614.7352244587955,12,1,3,0
5114.763902834926,11,0,4,0
6944.006764687577,3,6,3,1
3640.6451457927037,9,3,0,0
4127.190248491106,2,8,3,1
3913.328409154077,16,5,2,0
5336.579739081104,8,6,4,0
1121.5117817767216,0,6,4,0
244.63885103206024,17,7,0,0
2466.8998830215714,8,3,2,0
5638.92269807949,20,2,0,0
1618.8183497229722,19,2,0,0
5389.092304432714,8,9,0,0
7759.446808627627,1,7,3,1
755.7362227364,18,2,1,0
5382.453935209885,15,7,3,0
3552.7830033400464,2,1,2,0
6945.797323748156,15,4,0,0
1421.3125666318504,20,4,0,0
5542.5444880481855,12,6,1,0
6705.731740736641,2,4,4,1
7557.190684694816,9,8,0,0
5467.567986175718,21,2,3,0
3979.9122382473765,17,8,0,0
4944.688685408704,5,0,2,0
6951.895350907353,5,2,1,0
4567.024924377443,17,3,4,0
247.94454227621068,5,5,2,0
7447.934820578287,5,9,3,1
5517.7663744973315,21,7,2,0
5413.724519289086,12,6,0,0
1729.3228434197488,13,7,1,0
5272.789334510095,20,5,0,0
3153.945923204997,6,5,1,0
5211.6076514467295,12,5,3,0
857.2112773123858,14,2,2,0
5264.473210301273,11,9,1,0
7995.312737536479,20,3,2,0
390.4552506901454,0,5,1,0
7817.507602849432,2,6,0,1
3258.2291459793505,17,2,1,0
6966.673835446387,21,3,1,0
6260.171945045896,7,5,4,0
4538.295006588409,1,0,3,1
5908.901427964355,3,6,0,1
7028.731912604277,17,0,0,0
3236.1018716000085,12,9,2,0
2619.630126698093,14,8,1,0
5342.40911758086,1,9,1,1
6463.728305820362,9,8,1,0
6099.469652539043,1,8,0,1
6383.520122624783,20,3,4,0
3487.4886019293995,11,1,2,0
6543.584558319298,4,6,1,1
966.0713976880145,11,3,4,0
4358.190338196992,22,4,3,0
51.04049068248196,0,0,0,0
2600.063710052661,1,9,3,1
2934.859971296826,15,5,0,0
3172.4006694159966,21,6,2,0
5565.2603174854485,1,2,3,1
3111.522019656414,15,9,2,0
3592.3055128671326,19,1,2,0
1904.1653263402482,15,9,2,0
2989.1480740765737,5,6,3,0
1822.020669968896,12,0,3,0
590.2014105287069,11,1,3,0
4829.571504084116,22,2,1,0
5347.3613244473545,9,3,2,0
4957.825316346868,4,4,1,1
3710.634880185576,7,3,0,0
3041.3873125329424,5,9,3,1
6907.352528326743,4,2,4,1
4155.058872164063,19,0,0,0
3836.059111649699,21,6,2,0
210.00831612245332,5,9,2,1
2733.27638187112,21,5,1,0
3044.6639721929273,16,1,3,0
3193.5881332707195,5,1,3,0
4643.478091972522,16,2,0,0
4271.152361081393,4,7,0,0
4865.20121688359,22,7,0,1
6120.241676029315,16,9,4,1
6504.820981035167,16,9,4,1
5746.393994430823,12,9,2,1
7644.411949159703,21,9,2,0
150.76949849751122,6,7,2,0
1570.244995539951,21,6,3,0
65.46518545024625,20,1,2,0
5181.560339666051,5,0,1,0
7184.754238855146,13,5,0,0
1951.6409611275126,15,7,3,0
7416.641185646472,2,0,4,1
486.837785365039,8,2,0,0
7475.816034310087,14,0,2,0
2816.223384480877,20,9,4,1
815.8595234514861,17,8,4,1
3889.5447146946735,9,6,4,0
2057.928658925461,9,7,0,0
2282.558851185573,22,8,3,1
2461.783269585661,2,2,0,0
6425.192053172144,0,9,1,1
4315.59440701866,2,1,2,0
2493.9050547522493,4,5,3,0
4884.618597570792,6,4,3,0
5730.624640414432,2,3,2,1
2184.6288858646026,3,5,1,0
3311.3250666951853,16,5,4,0
979.4793162288956,2,2,2,0
1453.289049529769,22,1,4,0
5450.537242450037,3,8,2,1
1455.5995898265373,1,7,0,0
4203.681252418146,13,3,1,0
5673.824862470849,4,5,1,1
859.481000142477,20,2,2,0
4540.661195933084,1,7,1,1
2056.2194556924032,14,2,4,0
7703.60036752445,10,1,1,0
3870.9474455257982,21,6,1,0
6448.910435452389,9,2,1,0
4404.061204539313,19,8,3,1
352.0832001742792,0,2,2,0
5067.045247874209,18,7,0,0
7611.469720942223,13,1,0,0
4814.886502069918,22,8,3,1
6554.414931117188,21,0,3,0
7074.23067447052,13,2,0,0
1828.4977767317152,0,1,4,0
1700.298495066272,8,6,0,0
4889.793005863678,16,4,0,0
3291.172616104604,13,7,2,0
6719.691116419429,12,1,0,0
7200.684871567099,12,7,0,0
2830.6039275252315,5,6,1,0
1898.780119000984,6,4,3,0
6245.301494374676,1,1,0,1
2202.074254207348,7,9,0,0
6581.801476516859,23,6,4,1
3392.787337921859,5,9,0,0
5342.061444835306,2,3,2,1
768.804834108172,17,3,4,0
4992.755300789201,17,7,0,0
3616.8825915041466,21,5,2,0
4694.934663087915,22,8,3,1
1348.273590920183,5,1,0,0
5896.305590828736,10,4,3,0
6903.0626349581125,2,5,0,1
1737.8347017257513,15,7,4,0
770.237871383693,4,3,4,0
193.99049544045948,23,6,2,0
5137.5621460439115,21,6,1,0
4858.716818529802,1,3,2,1
4375.84581464899,14,0,0,0
1859.4170334472235,15,2,3,0
3130.2934372645896,6,1,3,0
4757.838299813454,15,2,0,0
3976.651036579059,23,4,1,0
7902.345234118024,3,0,1,1
1095.8358216910813,15,4,1,1
5562.680709610512,16,1,0,0
3237.5285509938158,1,3,4,0
3428.45592133029,15,5,4,0
5742.194136437119,3,8,0,1
5541.027029838336,6,9,4,1
7930.091669648996,17,5,1,0
1031.5123441857313,5,9,4,1
837.3566468264098,17,1,0,0
5796.088842944286,6,7,4,0
4629.20340146624,1,4,4,1
2196.914529145648,18,8,4,1
639.9578550669479,8,9,4,1
689.8377055234621,3,8,0,0
7154.0560429396255,13,3,2,0
1538.9792611263495,4,0,4,0
2590.3556391135885,6,8,2,1
1817.117935804769,7,8,0,0
2843.1954651263386,14,7,3,0
560.0436227550165,18,4,2,0
4154.883028311621,10,4,0,0
545.5624459197581,19,9,3,1
6403.850280039781,22,5,4,0
1873.528094873912,3,0,0,0
4322.395257263062,17,8,1,0
7041.232305053859,13,4,3,0
5208.764565532318,5,6,1,0
4265.997503477925,15,7,4,0
2598.048356157428,17,4,4,0
2667.3502949002923,0,2,2,0
5357.54820680953,7,5,4,0
7953.144192963235,0,6,2,1
5296.404322845782,0,3,3,1
4464.478421873349,18,8,1,0
5846.550829362773,20,3,3,0
3724.3188702083266,9,9,1,0
485.8380290932778,17,1,0,0
4500.563042943889,11,8,3,1
7661.214149620515,16,3,0,1
1406.5470241494888,0,3,1,0
5521.589102111223,7,9,2,0
1611.4648408291566,9,0,3,0
4288.942337362285,9,1,3,0
777.9282149255233,17,2,2,0
3605.71563538419,8,6,2,0
6050.525814517492,1,8,4,1
2783.8343362906617,2,4,4,0
5320.969237275308,1,3,1,1
6364.622436513885,5,1,3,0
7417.786666738224,22,6,2,0
1880.963444434351,11,5,2,0
3197.530746895419,21,6,0,0
1223.5660265766874,18,7,4,0
7939.90559975621,14,8,0,0
7416.372738554741,18,9,2,0
4321.957256593074,11,4,3,0
6737.056188539488,17,4,3,0
4170.0590282899775,15,3,0,0
4990.567575582064,1,2,4,1
717.5498347675529,10,6,1,0
6043.38701187198,11,4,3,0
1026.0693016637024,4,6,1,0
6609.410703868964,23,1,4,1
6257.314560924735,5,8,0,0
5671.4138584550965,10,8,4,1
294.1022422954731,20,8,2,0
2428.5112057829024,9,4,4,0
2108.5849964371887,3,9,0,0
2884.290577734795,8,8,0,1
705.7037603768891,11,0,4,0
7495.977795133347,9,1,0,0
4432.6489144954485,13,9,2,0
2447.6668637108983,4,4,1,1
3178.8672290088957,0,4,4,0
3580.384311336161,4,5,0,0
4806.751695218135,15,7,1,0
4127.8570244335,4,0,2,0
7355.538825849267,4,9,4,1
3978.223045832113,17,8,0,0
7937.303328512385,5,3,1,0
6812.142537172041,20,7,2,0
1672.0415622868998,17,4,3,0
7445.10874107811,9,0,0,0
935.3493510943814,14,8,2,0
6540.510419387077,23,7,1,1
3048.083231345258,21,4,4,0
7024.404691958331,10,3,1,0
6945.113237409066,18,7,4,0
6448.373573940381,12,8,2,0
6321.293338274956,19,6,2,0
2440.9097170888363,2,3,1,0
651.9496679947612,15,6,1,0
3226.826529227466,6,5,4,0
1392.328497317137,11,2,0,0
5561.133955775182,14,9,1,0
2772.0673136695955,7,2,0,0
7805.00355587502,22,0,0,0
5129.57175837593,16,4,0,0
6580.732106256716,0,7,2,1
1064.534758571078,20,5,2,0
6896.805785769618,7,7,0,0
7382.443738154588,13,6,0,0
3899.0600409573926,9,1,2,0
4851.992237319065,18,7,4,0
6119.654358219448,7,3,3,0
1402.8348249469984,18,4,1,0
4023.015781325222,3,7,0,0
3192.310907039643,9,4,2,0
1175.2600673371817,22,4,0,0
2943.4377062207936,2,5,0,0
550.0376135370211,3,6,0,0
211.36619606114843,15,8,0,1
1085.654481792808,23,6,4,0
7705.105317155445,3,5,1,1
4398.488639480661,19,9,1,0
7726.748178419994,19,3,2,0
3462.8205372494053,12,9,4,1
2497.9699840166504,20,1,4,0
4051.6041934077516,16,8,1,0
3518.8959506201163,22,9,2,1
849.7891506726426,15,4,4,0
5128.4063859481985,16,4,2,0
1732.2252691642489,5,2,1,0
4958.605699408147,2,2,0,1
5203.357733723236,19,0,4,0
1220.4387007635416,23,4,2,0
495.49026874979194,3,2,0,0
6247.188880617176,7,1,1,0
3681.1043880357147,19,8,3,1
470.01954506627897,8,9,4,0
7958.956205772289,21,5,4,0
466.9555851659513,0,2,2,0
5561.806654724132,12,6,1,0
7869.513007480992,1,8,1,1
1917.2449332063252,22,8,4,1
1142.2837026541333,9,0,4,0
975.472590682319,22,1,2,0
2429.6848048029265,18,7,2,0
812.8612590301203,16,0,3,0
5538.829926844584,23,2,0,1
503.0229260498512,12,6,2,0
4077.829914557569,13,7,0,0
7973.591346554549,10,4,4,0
6512.69230470062,9,1,3,0
4923.679408656932,6,2,3,0
2453.4976981889604,9,8,3,1
4993.047211151649,23,9,1,0
4218.696503973655,0,6,4,0
3411.53665420352,13,0,1,0
1050.0294620378947,2,2,1,0
7093.400700847532,12,8,3,1
3601.0282673264737,1,6,1,0
1561.0069820070166,16,1,4,0
2945.2360102639304,20,5,4,0
3315.9673714687715,2,8,1,0
6621.16547505716,14,3,4,0
5870.246972588409,7,9,0,0
6155.592624662511,5,1,1,0
93.19495910703448,8,2,3,0
3332.1512154471934,10,6,3,0
3853.3464923244123,21,3,4,0
158.4422532003382,1,6,4,0
2082.2066039165484,8,4,3,0
6083.517135861469,17,7,0,0
1101.1920973033475,18,7,3,0
4284.804500963471,21,4,1,0
1725.5389667778138,17,6,3,0
101.90559327792671,4,5,2,0
1933.4056535083341,17,7,0,0
7807.11067050588,11,8,0,0
6413.289209504502,3,4,3,1
7676.8152713466625,14,6,2,0
3905.393081191268,10,0,1,0
882.3409084266406,18,7,3,0
4385.936114344675,4,2,1,0
3637.746789806887,5,0,2,0
6755.63487650323,12,5,3,0
789.1702333700355,22,7,3,0
3908.4878904891166,9,2,1,0
1204.639074228404,23,0,3,0
2600.7840354860296,13,2,2,0
5900.1698337154585,3,4,3,1
3810.7649443032883,19,7,4,0
3010.226839740426,22,8,2,0
3158.8378471674323,11,8,0,0
3678.276913405863,14,3,1,0
6281.20726797727,9,7,2,0
7137.217088077174,10,4,0,0
7642.900818598907,8,2,0,0
6296.2925731110845,10,4,2,0
2526.6781315053618,1,1,0,0
5506.636975161904,12,5,0,0
3503.6369768228583,21,0,4,0
2041.0916232581792,7,5,3,0
6727.768277510251,20,4,4,0
312.21865995378835,20,8,3,0
7214.587127122711,7,6,0,0
3694.5123296747497,0,5,3,0
5099.4258070822025,5,6,4,0
5276.534608035233,12,9,1,0
7161.466336948758,8,4,1,0
5095.174108926823,5,0,3,0
4913.399010156694,14,8,1,0
537.8830642827163,22,4,2,0
4149.672135451907,15,3,1,0
1205.601161532248,3,5,3,0
5900.7829809282775,16,4,0,0
4100.214256897332,8,0,4,0
5443.421094770784,11,1,1,0
338.1748403160622,21,3,3,0
682.9121682861968,18,7,4,0
5732.005487561145,19,4,2,0
581.3142663093936,11,6,0,0
574.6975384832425,21,1,4,0
101.80725950292516,5,7,4,0
7652.228679404344,11,4,3,0
5901.379333874761,8,3,2,0
2829.245010974003,19,8,1,0
2375.8019723948037,4,5,2,0
2800.8773218180672,20,3,0,0
6198.354981793549,2,7,1,1
5292.658035507963,1,2,2,1
1485.6385651004061,7,9,0,0
1397.0041359960044,9,1,4,0
791.6732194586116,14,6,4,0
5284.120244012199,8,3,4,0
6116.159434462779,9,3,4,0
2124.046194458407,10,9,1,0
172.45496344214794,8,8,4,0
661.9624814740366,13,1,1,0
7743.040978586018,4,0,1,0
2367.080995931975,8,6,2,0
6154.939066965878,3,7,4,1
4999.185232989839,1,2,3,1
3058.607419024903,18,1,4,0
1649.469661253463,0,3,3,0
975.4844131844544,20,1,4,0
4922.028679470739,0,1,1,1
6198.197076199115,11,4,4,0
5153.01450706134,10,9,4,1
4244.765555327021,0,4,4,0
340.40003133593194,13,7,4,0
7748.0677768670985,10,8,2,0
6390.719962278324,6,1,2,0
2346.112183424213,1,0,1,0
7839.862783224011,14,2,1,0
4817.043309142396,7,5,3,0
4661.469152366935,21,4,1,0
5985.845069539109,19,7,2,0
6495.09945578065,14,7,1,0
5253.546465615364,7,1,3,0
1029.1254921977693,9,8,3,1
2709.4487104260147,18,3,2,0
7425.028704406767,2,0,1,1
1800.801816691596,19,1,3,0
2980.475355580919,13,5,1,0
3459.454679138847,8,4,1,0
3518.0428926071454,8,6,2,0
4905.451962043731,20,8,2,0
7544.891322768937,5,5,1,0
1929.3382311008772,7,5,4,0
976.4035035258399,10,1,4,0
1583.7765664301987,7,6,0,0
7095.964577173109,11,1,0,0
5168.257447178372,9,6,0,0
2290.8247799670853,22,7,2,0
6528.495777054095,3,0,1,1
6891.653120925671,15,8,3,1
6772.882137828773,19,7,1,0
7351.817636448238,5,8,1,0
2021.6669562860259,8,4,0,0
6041.560220326495,22,3,1,0
3687.0132807067494,4,0,0,0
6736.778430356042,20,8,1,0
5829.282963907098,23,3,3,1
6212.697334765298,5,3,4,0
5251.013892260166,16,3,4,0
1423.5430119103064,16,1,2,0
4362.490216581022,23,3,3,0
7877.434567498443,21,1,1,0
7499.417591644466,12,7,3,0
350.1740176971083,16,6,1,0
1322.6944517568497,13,9,3,1
1058.1715437692224,1,1,3,0
5809.209380332438,18,1,4,0
6543.193712206275,2,1,3,1
1712.0233736538219,1,0,2,0
4049.292280149873,1,5,1,0
6726.420708949544,21,5,0,0
5863.748350406174,6,0,3,0
4340.186457907327,3,0,0,0
4724.829785217889,16,5,4,0
4069.342572595658,5,5,0,0
2383.8998682939705,6,3,2,0
4522.350832907834,19,2,2,0
5512.637989890475,5,8,4,1
6987.216712307158,8,5,2,0
5092.149375064088,19,0,1,0
6090.166688660048,3,2,2,1
1284.772721461811,4,0,3,0
3695.1520079862203,18,2,2,0
79.6063005176109,9,1,1,0
1977.197521850376,17,4,4,0
5813.061412328474,14,2,2,0
7934.520561038161,0,6,1,1
797.9289061997912,4,7,3,0
3214.9470553109995,4,6,0,0
6401.56739474978,7,1,0,0
1636.2648988580463,21,9,4,1
4442.904169671779,21,9,4,1
5865.90501175725,21,6,0,0
4929.803674830131,19,9,0,0
1508.2577532502519,14,2,4,0
2846.2996266424866,16,6,0,0
6271.415316960751,18,0,2,0
4436.040980485473,12,1,1,0
46.81076027558733,21,9,4,0
6089.12112642461,20,0,1,0
287.3142827472114,9,8,3,0
5967.141592936201,16,1,3,0
1623.832078521073,4,1,2,0
7664.797473554445,17,5,3,0
2946.6863066601654,16,6,4,0
2618.8182726229425,3,1,2,0
1195.3599624078952,21,3,2,0
2448.305702844268,6,2,4,0
7013.822840816463,4,4,0,1
7970.693029329842,7,8,1,0
2949.6346964022523,7,1,4,0
3591.641994481568,10,4,0,0
5777.957150930883,8,7,0,0
7090.135264818271,18,5,3,0
4746.389451823339,18,3,2,0
3135.2479569317456,8,9,2,0
3303.9116175847466,22,7,3,0
5566.467081241971,19,2,3,0
30.73001751620806,16,3,2,0
4958.616752991426,15,8,4,1
2847.1666184786523,6,4,4,0
6354.6076635602885,21,5,4,0
748.4601653859417,2,1,4,0
4707.677124252382,20,8,3,1
3850.378254639559,18,7,1,0
5140.392579612293,7,6,1,0
523.5044878913319,4,8,2,0
4641.97038048791,5,4,1,0
4494.069280736392,1,4,4,0
4487.477454857287,23,8,3,1
4829.883894438656,18,4,4,0
5413.361158124766,12,8,0,0
6440.887052447754,5,0,3,0
2162.2166574250737,5,9,0,0
6601.270034389596,1,9,0,1
3988.5541796963116,23,7,2,0
621.0809416789776,4,2,0,0
473.1146793056137,10,7,1,0
2677.235357975006,10,4,1,0
6280.2513320061835,23,1,0,1
5662.9090732536215,13,8,2,0
6309.976642555889,12,3,0,0
4140.566106250667,7,6,3,0
3524.390988654147,14,7,3,0
1183.8829510167402,11,6,3,1
2628.901065106446,2,5,3,0
3474.984832560133,20,6,0,0
713.3604352885397,22,3,4,0
1768.7925619261339,4,9,4,1
4787.811226039592,5,0,3,0
5886.626598342323,1,4,2,1
7986.788353586632,7,7,2,0
7465.241084091744,4,9,0,1
5142.308770283857,21,5,4,0
3372.8781860861054,16,4,0,0
5091.238030842321,1,1,1,1
6286.284686551455,10,9,3,1
951.0978464324816,3,4,1,0
3282.1895931218246,10,9,1,0
6719.2192736567595,8,2,2,0
3073.7444507046866,5,1,4,0
4577.118808461356,23,2,3,1
4704.216040093274,1,3,0,1
1479.8876438034467,14,1,3,0
2901.0723560100455,4,3,0,0
2679.4177534917476,11,3,0,0
214.44268471385803,12,5,4,0
198.41315231138518,16,4,1,0
6654.417864187809,3,6,0,1
2188.2011257326353,9,6,4,1
4147.0397360793295,0,2,1,0
2393.3109608422405,10,8,1,0
7525.730564697147,15,6,3,0
2078.077587131861,10,6,3,0
3440.106217847786,8,1,3,0
6982.478352624392,1,9,2,1
6736.2588665005105,6,2,1,0
1492.880835680987,18,2,2,0
6422.133261816704,17,5,3,0
3668.204159469452,19,3,4,0
3866.336132322415,6,3,3,0
1072.1723794654706,22,0,0,0
649.4091024882116,8,5,4,0
5824.874759255253,11,7,4,0
3974.2069130806217,2,7,1,0
3497.6213674083606,22,7,2,0
5837.418288075912,21,4,0,1
6125.275627433923,15,9,4,1
1275.4708005164816,6,5,2,0
4883.750070073742,22,4,2,0
1087.1558878100957,4,3,0,0
6012.24381280222,22,3,0,0
5257.356474355781,6,3,3,1
7653.133895562247,18,3,3,0
556.3193407695874,16,5,4,0
461.1524956042783,15,5,4,0
2261.085662172135,20,4,4,0
2097.336941468568,23,8,3,1
1979.5954985806386,20,7,4,0
7250.505371265688,18,9,4,1
2000.1218677968013,17,5,3,0
2179.2380603984047,18,8,3,1
6076.38910803162,3,4,4,1
3600.670040392067,0,9,4,1
6214.800902856674,3,3,2,0
527.60242972726,3,5,1,0
3903.1316934187075,8,3,3,0
273.74073346534465,7,7,1,0
505.9123616255594,1,6,3,0
7251.967439488565,22,4,2,0
1118.2667420851733,5,9,1,0
4261.703354790361,22,5,2,0
3291.709342792649,10,6,0,0
2782.0098934394473,3,1,1,0
7199.167598769744,13,8,1,0
179.47805722003855,20,6,1,0
5311.998540973835,21,7,0,1
7707.338501537336,8,4,0,0
4483.544626777426,1,2,2,0
7494.895583954569,0,1,0,1
422.80174489176,3,1,3,0
3353.2525859979205,11,2,4,0
2084.961538741599,4,0,1,0
5847.913615020935,8,0,2,0
7850.470238525487,21,6,2,0
2055.9578492417613,3,9,2,0
5235.125938785225,15,7,2,0
1588.7905739141224,1,5,1,0
4524.815385300021,15,6,2,0
3714.140231073248,15,0,1,0
7776.182610404139,20,0,2,0
4870.17554520825,23,8,2,0
2799.3034448341164,23,4,4,0
917.1958001790273,21,6,3,0
1214.2183957358018,10,5,0,0
1806.4088549601245,0,3,0,0
2011.4784574156824,14,0,0,0
6805.675382439897,23,3,3,1
4491.976192318787,3,9,1,0
4189.510336438059,17,9,0,0
922.5771305943937,16,7,0,0
6881.816848328733,6,0,0,0
5783.900354151828,17,1,1,0
546.0085533905127,12,7,3,0
5664.1416023520005,19,1,3,0
4350.588047654455,19,9,1,0
658.3941392454922,9,8,4,1
3669.113629021608,0,2,2,0
3880.1468156047254,1,2,1,0
1330.3674486053897,16,5,2,0
7565.8566852672575,21,2,3,0
6800.553094987892,2,8,2,1
5353.833586946221,16,7,0,0
3701.0530101998547,11,3,2,0
3297.0655049681454,23,5,2,0
5209.532869871879,11,7,3,0
4365.727795908209,19,3,4,0
502.8734815256755,9,4,2,0
4102.458676918802,6,6,3,0
6452.196919776552,9,7,0,0
3676.62282138768,17,6,2,0
420.392837546376,21,7,2,0
6291.294204075344,5,3,0,0
1614.9034381771153,6,0,1,0
2072.67357492987,16,5,4,0
1321.8272956912056,11,4,0,0
2645.069443647623,16,3,0,0
6055.228287980637,17,1,0,0
4157.489946733979,13,0,1,0
1643.025786834947,10,8,0,0
7023.251474825566,1,1,1,1
7037.256930337476,20,8,4,1
6965.2745082428255,0,5,1,1
1914.1757099954066,10,5,4,0
3612.658556727,1,1,4,0
7879.9923008462965,15,5,4,0
6177.239748098373,21,2,3,0
222.20353269835076,2,6,4,0
526.3107071276339,19,9,1,0
3714.1313576146003,0,3,3,0
7274.215545863173,20,8,0,0
4311.92087463195,19,4,0,0
3985.0110017341503,7,9,2,0
848.2622311532615,18,2,4,0
5255.956937270731,0,0,2,1
6577.714768998802,4,0,4,1
3046.457960022961,0,3,4,0
6206.016748147993,10,9,1,0
7715.990847936989,20,9,1,0
1634.1128407258743,8,3,0,0
4189.020401401956,4,8,3,1
2300.6679748861816,1,7,0,0
6343.871080175546,12,3,4,0
4622.858960219854,17,5,3,0
5078.486428314679,11,6,2,0
6384.323706129073,13,9,4,1
3170.783928936327,4,7,1,0
7321.145096914311,23,3,0,1
4266.565793632889,9,0,0,0
1267.8488085686074,19,4,2,0
5568.713449759575,1,0,0,1
6347.124496753844,3,3,0,1
2537.509608154876,11,6,3,0
6858.14815970503,10,6,4,0
7249.615321852302,3,0,3,1
2218.8513765855823,10,8,3,1
7868.2541743582005,8,1,0,0
1129.9886667498236,9,4,4,0
1620.1152688779073,5,5,0,0
1477.8775897080188,14,0,0,0
7152.447731512924,9,1,3,0
5236.06895583807,21,6,1,0
1221.0737443620717,20,5,1,0
3525.38572985495,5,5,3,0
4924.307710433067,0,5,3,1
672.2953594901194,20,6,0,0
7059.918865416673,21,9,4,1
6429.810265855073,23,8,0,1
4044.1281547452227,19,8,0,1
7737.177288997068,20,1,2,0
3344.999029304422,3,1,0,0
7872.9620006968,22,4,4,0
5345.020390434998,21,9,0,0
5079.196829665262,13,6,3,0
1331.809387889801,19,2,4,0
7056.012427645629,21,2,3,0
3422.780054925318,19,3,2,0
1302.0560792309225,7,2,2,0
105.79712220619354,10,2,4,0
4480.2466906888685,14,7,1,0
4221.559978870797,18,6,1,0
5756.232210841423,7,6,4,0
7122.613133877328,12,9,4,0
639.8556442210211,17,1,3,0
5853.314440271197,21,8,2,0
1503.3584930601698,23,5,4,0
6866.125539991526,16,2,0,0
6553.412793323941,5,8,3,1
4328.646071109428,14,8,2,0
5683.391174993376,12,5,3,0
2518.2291549040683,17,9,2,0
3771.987351967853,10,5,0,0
6573.986997195221,12,7,2,0
3676.825251399845,0,7,3,0
2865.597131276907,17,5,2,0
3956.2285157661477,4,6,3,0
6626.852773235561,5,3,4,0
2684.9883387301275,0,0,0,0
1394.2239371202716,6,3,3,0
5697.552092544593,3,7,1,1
6608.695810601114,8,7,1,0
809.596640795649,14,1,2,0
1922.793531483778,5,6,4,0
1140.0660581391462,16,0,4,0
2786.791585599422,19,1,1,0
3605.5560763487742,17,7,2,0
5991.866564021635,21,9,4,1
5210.924941128985,3,3,4,1
4969.323896990058,8,2,2,0
2822.237698144187,13,1,3,0
6732.373186912656,2,5,1,0
3772.9409033483257,0,3,4,0
7832.94397943116,10,2,3,0
5074.966395674416,0,2,3,1
1014.4866088081993,11,9,3,1
5411.039608793095,8,2,3,0
2604.206603376433,4,7,0,0
5492.185937505349,14,8,0,0
561.780979558434,17,8,2,0
1403.1770902217952,8,4,1,0
6846.619384951762,12,0,2,0
1821.3005584030016,12,9,0,0
6697.143796317306,23,4,2,1
2237.8123271930112,12,0,2,0
5144.840870919367,9,8,3,1
5554.733835211099,9,9,4,1
4103.674751394698,21,7,0,0
2445.9588601903665,6,6,0,0
1705.0917890869134,21,1,2,0
270.34888972659763,4,1,4,0
2435.051477919587,19,3,2,0
5227.0365102976075,6,8,1,0
7506.747023495619,19,8,0,0
6970.279835693101,9,7,3,0
6129.687888399744,9,4,3,0
6308.636509310123,20,6,3,1
5321.5543032905825,23,8,0,1
2085.993426240194,12,2,0,0
7258.02427049311,14,3,3,0
5367.504833687143,5,1,0,0
4485.722844688617,19,8,3,1
892.3608063617812,11,6,1,0
3579.209072732371,18,5,1,0
3685.5643782594007,10,4,1,0
6917.186058133747,5,6,2,0
4375.452520401369,0,2,2,0
3046.302389018425,1,4,4,0
7814.518626442721,22,1,4,0
890.2111436438938,14,4,4,0
3383.274684353997,3,6,1,0
340.9872779953853,4,9,1,0
5920.533445531608,14,6,1,0
7345.022034832209,10,8,0,0
2243.8984497561632,9,2,0,0
6867.441706008972,16,7,1,0
2341.2847525428724,1,4,3,0
7286.607442343102,19,6,4,0
6032.925419256288,23,0,2,1
6440.229680847302,9,0,4,0
148.9624120256337,19,3,3,0
7702.668804806837,2,4,0,1
5814.734581602234,18,9,1,0
2441.485007612136,4,2,0,0
6636.010345546481,2,5,0,1
2255.761981327365,7,2,3,0
6982.666947331193,4,4,0,1
905.0802213434364,11,0,0,0
5630.969389799062,13,2,4,0
4327.884320776058,6,6,4,0
776.7930892125493,10,2,3,0
1938.9411569294177,7,4,1,0
104.17027003713174,4,6,4,0
3752.7998838887243,7,1,0,0
2413.615759776203,11,2,2,0
4788.868086960581,14,3,4,0
2381.4162726303944,18,4,2,0
2402.853296498343,15,8,1,0
5946.829623859169,13,8,0,0
389.9019736469358,6,3,4,0
7223.645486559938,7,8,1,0
6818.849675757496,6,3,3,0
5344.09844239512,17,1,1,0
4747.806453008538,23,9,3,1
7138.958472626519,5,0,3,0
1486.714785332072,18,6,4,0
636.3584517156747,3,3,2,0
1919.8838084267572,22,7,3,0
6357.6533382080215,2,7,0,1
282.18878247823415,16,7,4,0
4664.5406464925,21,5,3,0
7963.522941949523,18,8,4,1
6846.290270231128,14,3,0,0
4173.958283903497,5,4,4,0
513.8090697467055,11,3,4,0
6651.83124751375,18,4,3,0
4793.833172876798,5,1,1,0
923.8893114912369,10,4,4,0
755.3889921627328,19,9,3,1
7277.466421395557,19,7,0,0
5355.256102189937,9,8,0,0
6635.147960537461,15,6,1,0
7032.436307756728,17,6,0,0
4576.319954626336,13,5,3,0
4141.983582281555,3,1,1,0
3446.2671455163168,11,9,3,1
2538.987969389999,19,9,1,0
3479.5947070654006,22,8,1,0
6192.1678475626,20,4,3,0
4817.3778309659765,7,5,1,0
7140.7237031889945,6,0,3,0
3549.823214961606,8,4,0,0
4858.681181856438,23,5,0,1
5052.30388697045,16,9,4,1
4735.6188126390725,9,1,2,0
5622.557015818703,2,6,2,1
1903.2805796565763,20,3,0,0
4101.348401478596,7,4,4,0
838.2772984527396,13,2,2,0
3079.1680645202764,6,4,3,0
3903.8982136270088,15,3,3,0
5219.532955066053,17,9,1,0
7604.495765426697,10,5,2,0
4807.205277054105,5,1,3,0
5950.033359831596,19,2,2,0
4052.597145664146,20,9,1,0
5074.661730853769,13,0,0,1
572.1030679895185,20,6,4,0
2038.8606888305667,12,8,1,0
2898.0154801750837,3,1,1,0
3782.584373277076,19,6,1,0
369.961720291558,19,2,4,0
1124.492659938775,10,4,3,0
2218.13039079149,17,5,2,0
7772.4038637539,0,7,0,1
2654.119321788891,11,3,0,0
3858.9182596061,17,1,4,0
1572.8012133434515,6,2,0,0
4888.186668250767,11,7,4,0
2249.0623080502146,0,6,4,0
1659.9056646152221,21,5,2,0
4134.998164425602,3,4,2,0
49.01886428756447,17,4,4,0
66.2739410305565,14,0,2,0
1756.455128769353,2,5,3,0
298.587293194065,6,8,1,0
868.6659042748776,5,7,0,0
2714.190891463319,14,9,0,0
6421.672508240604,14,0,0,0
4578.5289037375605,5,5,0,0
4103.778469021549,7,2,3,0
2351.4431415489325,7,5,3,0
7454.370986865367,21,8,1,0
3179.135254691347,0,5,4,0
701.306670532193,12,7,2,0
4938.446796361821,22,5,1,0
915.1379558454282,23,5,0,0
2765.059026699528,20,6,2,0
4061.758450048882,12,9,1,0
6994.409084857981,10,3,0,0
3950.9049098192486,3,7,1,0
5619.5588344231555,6,3,0,0
7942.570627797568,11,6,0,0
1056.2555135843631,12,0,3,0
2201.4785465285586,21,8,0,0
3159.635724403183,11,9,1,0
3377.516287417957,15,8,2,0
3291.1134967480384,5,6,3,0
7261.349965439656,13,7,2,0
5713.690992512517,18,1,4,0
4865.202186655177,15,9,2,0
2478.434879312943,3,9,4,1
6591.204121849251,4,6,4,1
7640.708789322486,8,0,3,0
6570.480268989061,23,2,2,1
17.513016005825868,2,5,0,0
5093.028954616339,21,4,3,0
413.8273746295953,9,4,3,1
2064.569726568106,16,8,0,0
480.89997928043465,18,5,2,0
4832.344646330355,9,2,3,0
5494.2863583733915,11,1,4,0
920.3286663369114,22,8,0,0
3073.791869944611,6,9,1,0
3652.6108890995583,17,3,3,0
2955.578908978528,18,4,4,0
972.5948788791184,14,8,2,0
3354.4875825488657,6,4,2,0
6010.668492228303,11,6,0,0
572.7062779433775,21,1,4,0
646.0392125848181,6,1,0,0
2841.396478228694,9,3,3,1
7534.097064393306,23,7,0,1
5350.238310549697,21,1,1,0
5430.966303597155,19,9,0,0
2898.5503267487306,9,6,0,0
4751.318025712265,22,0,3,0
85.9988163018083,4,8,4,0
5090.58789104429,17,9,1,0
7306.729145872013,8,5,0,0
4902.524879416829,15,0,3,0
6990.220254763429,6,9,3,1
5793.16457845142,9,5,3,0
968.8645391475036,4,4,4,0
7220.114191750305,6,4,0,0
536.2185356244202,4,4,2,0
4274.069943019372,14,3,1,0
1141.386304728694,18,6,2,0
98.59435279357801,9,8,4,0
3379.163909720474,7,3,0,0
2363.850457694979,23,1,2,0
3890.573947911836,8,1,2,0
4619.713094442734,10,1,2,0
354.6938831100341,21,6,1,0
988.4113445143464,1,3,0,0
4471.3459596211505,2,3,3,0
2748.6229886154024,12,0,0,0
5834.742032957837,10,3,2,0
5220.071730492557,9,5,0,0
6765.606882104305,14,1,3,0
5541.480149220456,5,3,1,0
3442.2989637342343,0,6,0,0
5385.368146043487,13,8,0,0
2206.672488172071,17,1,1,0
2453.9764227318105,23,7,1,0
6312.936353566743,10,5,2,0
3574.1240336306496,7,7,2,0
6388.050822444228,21,1,1,0
6580.266877477886,2,0,3,1
6861.210889601964,13,6,2,0
7333.498710550452,1,8,3,1
3450.7268380038036,15,8,1,0
2554.340212477505,5,1,0,0
4659.67897901994,0,3,1,1
2972.5235253838323,13,0,1,0
4810.587963567862,9,6,4,0
5646.158971837378,5,1,1,0
5508.798122844634,8,3,2,0
2999.5503317258704,6,1,0,0
1339.0473125815288,1,0,3,0
3447.0820610053493,10,6,4,0
1145.0401819348604,13,5,2,0
7121.325796294547,4,1,0,1
2770.29029859917,8,3,3,0
1239.9056790504737,6,2,0,0
208.45484044647827,13,2,2,0
5168.349978360442,15,2,0,0
5097.0340280506725,21,3,1,0
2728.130311817427,15,0,0,0
578.3365513369698,6,0,1,0
3279.98301468738,9,6,2,0
2493.183873031832,20,4,4,0
5418.5795146814,5,2,1,0
4848.20509937426,16,8,0,0
2919.926856939332,0,4,0,0
1747.0509712686458,1,9,0,0
7904.347549413957,13,2,2,0
3634.742961462938,3,8,3,1
5507.752515062995,8,0,0,1
1128.7209757889943,22,8,0,0
3887.2896487768853,5,4,1,0
225.15607535637656,16,5,4,0
4046.1136676940473,20,1,0,0
7712.31916990603,10,7,2,0
3076.7326703214726,3,2,3,0
316.77312053641816,20,0,3,0
252.49154840015152,8,6,3,0
3106.9541457752216,15,2,2,0
1284.3993670232364,2,3,3,0
191.70001014384636,3,4,3,0
6050.927843531664,23,0,1,1
3670.891456010716,2,8,3,1
2317.511951921373,12,6,1,0
7201.165048216763,18,1,1,0
933.5309868032023,20,0,1,0
7647.571037497777,0,1,2,1
2515.1639054319357,22,2,0,0
7107.787360107906,22,2,4,0
4825.528297453295,5,7,3,0
6614.525341133192,21,4,4,0
7872.185239867662,2,8,0,1
2310.8014753608722,2,2,1,0
7689.278205833706,15,5,1,0
3118.9077497448507,9,3,1,0
3087.167678371694,16,7,1,0
2726.394898514773,6,0,3,0
4333.553820743944,12,3,0,0
1237.3896202120043,10,6,0,0
4431.923325437299,9,8,0,0
4335.929975217982,6,0,4,0
6096.404991775936,23,7,1,1
6670.031445690996,5,1,2,0
3526.32859574783,23,3,0,0
2422.1543285651924,0,3,4,0
2078.38250405017,16,7,3,0
1561.017574455451,11,1,1,0
465.89241968120393,3,6,4,0
2742.871590783533,2,2,2,0
2165.6302985856123,5,8,2,0
7731.507000001927,15,4,3,0
4463.882065869101,12,7,0,0
2781.479927048908,8,4,0,0
4645.8384699446,10,0,4,0
1117.8776272588357,19,8,4,1
3555.1297748716124,20,9,0,0
5011.743399761405,12,6,0,0
3913.738165180649,22,3,4,0
3217.2215112313224,18,6,1,0
7950.817869253087,2,4,2,1
7043.116523380671,11,9,2,0
4989.130635484724,18,8,3,1
4557.172002652351,7,1,2,0
4967.180536197549,13,3,4,0
1614.4903020403538,21,5,1,0
3164.126257398227,8,4,4,0
320.47896546274006,23,0,0,0
3806.990569707179,16,8,0,0
4346.481548741517,5,8,2,0
1825.8591401451606,3,2,1,0
7712.410633088282,3,3,3,1
7276.08961444325,18,3,4,0
5778.535167469968,11,9,3,1
4269.426096979074,1,7,3,0
6960.403431383241,16,5,3,0
1049.565488868586,14,1,3,0
6325.125805227705,9,3,4,0
1002.9424076649522,2,0,0,0
6354.7142470824965,19,2,4,0
2209.761708169599,3,3,0,0
7017.339195240421,21,7,0,0
7552.616540134056,0,2,4,1
1194.6237753938995,0,4,4,0
3704.0914624978213,17,0,4,0
7847.994088410667,3,3,0,1
3869.842450605307,22,1,4,0
6909.062442503789,21,3,1,0
4711.908519439902,14,4,2,0
3005.762613817217,22,2,2,0
2289.839526429332,20,5,1,0
1629.7686132332678,21,1,2,0
6095.57654006469,9,4,0,0
3095.391352050108,16,3,4,0
4092.6473202950056,21,4,4,0
3941.1422126094494,11,8,4,1
4620.345838718884,19,5,1,1
6925.289279268295,11,6,1,0
7846.011051949518,15,7,0,0
3263.6357475476666,4,8,1,0
6621.013782239893,15,4,4,0
6117.399718264468,16,7,0,0
4590.363966887308,22,1,0,0
7648.596913177405,14,9,4,1
1607.7937516495804,12,8,3,1
878.5673614254232,7,1,4,0
6832.4259258086,20,4,0,0
3516.0027839868176,1,5,3,0
6776.515989385449,7,3,4,0
7145.256190537342,9,7,4,0
504.34846098447616,6,9,3,1
7068.300780073555,9,2,3,0
3589.3108476785305,3,4,2,0
4085.9077495888364,10,1,3,0
5014.607126190216,8,2,1,0
7411.428940807044,3,7,3,1
157.83317496596342,2,4,0,0
3817.3635292009476,10,2,3,0
5503.337729232333,2,4,4,1
5783.042126797336,17,8,1,0
5541.7967901391785,18,2,3,0
1079.8088596179343,13,9,1,0
2398.6677290315915,23,6,2,0
2872.9306257090225,10,7,1,1
6436.475475397642,23,4,4,1
2233.6851799543515,1,2,2,0
1689.5861861182893,1,5,3,0
7659.796912209579,1,2,1,1
75.86196448218385,9,8,2,0
7982.577741177416,22,1,3,0
5416.186284364878,14,2,3,0
6628.612049095691,21,6,1,0
2360.4820737878144,11,9,1,0
119.45064494814453,10,7,2,0
5904.266800899432,16,4,1,0
6673.986053020403,17,4,3,0
5925.106674968385,13,4,4,0
1147.0880469702047,16,3,2,0
6028.656238444468,14,8,4,1
6152.5376429505895,11,5,4,0
5270.031422782089,15,7,3,0
6130.096882700712,22,7,4,0
6768.141910223469,5,4,0,0
4910.76489332848,1,8,2,1
713.394688187584,1,1,3,0
3903.584338289351,15,7,1,0
625.8064306994825,1,2,3,0
3263.3065331042844,7,6,1,0
3259.816380559393,6,8,3,1
532.7487039012315,0,4,0,0
2793.8201690859873,3,7,2,1
892.4297998365621,10,3,4,0
6466.840504023731,19,0,3,0
7581.765767585944,6,0,2,0
583.1702196872192,17,5,2,0
7641.146082297153,3,7,2,1
4182.999911697278,16,9,2,0
2400.0275952412217,10,1,2,0
619.5122918329273,10,3,4,0
4007.4910232229904,19,2,4,0
6357.151778203535,10,8,3,1
5658.156385747252,14,2,1,0
406.55696165447023,13,7,3,0
587.8501737663886,16,6,2,0
3225.971894647934,1,0,1,0
2365.8474999133064,17,7,3,0
1862.9126628331026,15,8,1,0
2251.630968775165,11,7,4,0
6428.8445326585925,9,9,2,0
7434.178288786672,15,9,1,0
3243.7960427478934,2,0,0,0
7249.357462049314,7,6,2,1
2575.358131476816,21,8,4,1
3814.113705818614,21,4,4,1
1812.1018375389178,23,1,3,0
5125.605957195872,1,7,0,1
7831.954015822597,21,8,1,0
4829.927302866812,0,6,3,1
2865.7236024878234,13,4,4,0
5184.3004806942745,3,7,1,1
987.7508243307736,3,5,4,0
7109.829346721862,8,3,4,0
4027.1561864847918,2,0,0,0
3597.551187606938,4,5,2,0
4688.988983685886,0,7,1,1
5000.146983001273,21,2,0,0
578.8475707809716,18,6,4,0
5462.524683681102,0,6,4,1
1939.243784122659,9,8,0,0
5713.051296890186,21,0,1,0
6581.165681101653,11,4,4,0
6432.6482678823995,9,7,1,0
4422.245234426074,1,2,0,1
4163.758289024456,15,4,4,0
1147.2933109085966,7,0,3,0
6203.892472473069,13,8,3,1
2174.9179966714814,14,3,4,0
3976.0799054294826,15,4,2,0
2277.771372955496,10,2,4,0
1074.9577621825467,11,1,4,0
5038.3137866494335,1,6,4,1
439.3846184091161,3,4,0,0
5990.418646838969,2,9,4,1
2544.106428112628,8,2,4,0
6.076870570860134,17,1,0,0
4091.4774682016523,18,9,4,0
379.581008678187,6,5,3,0
2212.9756147780913,3,9,3,1
5657.277017208451,5,5,4,0
506.2035248668176,18,2,0,0
6715.511246386239,0,8,4,1
35.54028165537195,15,0,4,0
1978.3568342692085,10,2,1,0
5928.527928935811,21,0,2,0
2533.5798470858076,3,6,0,0
819.6296425877781,17,1,2,0
2885.070180809421,22,3,1,0
2166.7943246442815,4,3,2,0
6742.4816577736365,21,7,4,0
2510.216601093219,5,3,3,0
6312.515111849178,1,2,0,1
7135.517797761824,11,9,0,0
3473.3702695143534,21,2,4,0
7279.995435115864,8,4,2,0
3021.657841435727,19,5,0,0
7712.806939838415,11,6,1,0
718.8697485819556,12,4,1,0
5497.719035693426,21,6,2,0
3953.0432534531446,22,3,1,0
3104.2521996178984,16,4,3,0
5063.531470595064,4,5,4,1
5632.337447616478,19,8,0,0
39.88434085422115,12,5,4,0
1339.7899445338537,12,9,2,0
5705.803174821378,9,0,4,0
5332.75138155776,14,6,0,0
7728.5498035037745,14,2,0,0
6089.49713305501,17,5,2,1
7606.427798312047,17,1,0,0
5621.811309770782,1,6,1,1
2387.927408072348,22,0,4,0
847.3925533955975,10,1,3,0
6255.68178744276,12,8,3,1
5154.973025699947,10,8,3,1
390.24716908440337,3,6,2,0
2883.603474878322,14,1,3,0
7654.614524796868,21,4,4,0
4005.7071599530586,22,3,0,0
3464.6694424775387,10,1,1,0
3664.3083432485555,17,1,3,0
1675.0173784212839,15,9,3,1
2952.813831064038,9,7,3,0
2961.656981617477,11,4,1,0
423.5783863988419,12,7,4,0
6141.703190000757,8,1,3,0
3334.9529330715122,20,1,0,0
6578.328195097304,12,2,2,0
6803.532268953563,5,9,1,0
1699.8924673157712,5,7,4,0
5260.541089950178,10,7,0,0
3780.893024283039,18,2,1,0
7041.853119682273,10,0,1,0
1729.8467300157506,9,6,2,0
5424.116536478804,22,3,2,0
4863.978217410517,14,2,4,0
2365.935313186803,12,4,3,0
1097.124224691125,22,5,2,0
5214.859885015826,7,0,4,0
5910.086677767984,4,8,1,1
2528.4406133879834,1,5,3,0
5160.436669158399,15,2,0,0
3164.0716063539685,12,0,1,0
5707.089031844529,18,8,4,1
1597.7261227779545,8,1,0,0
7122.268946076214,14,9,1,0
2302.83972374231,5,5,2,0
2945.4489721104424,7,5,4,0
469.44515688239653,23,2,0,0
896.5401375086047,13,5,2,0
4129.315912185063,4,1,0,0
2144.403450440132,16,7,3,0
6684.664404808844,21,0,3,0
122.47364229635598,6,5,4,0
3035.85691913213,8,0,0,0
2702.0776464188957,15,8,3,1
159.52440918622028,17,8,1,0
999.3253500090792,12,5,1,0
3312.0731859744888,17,5,3,1
3945.4523526573357,9,8,3,1
3237.2965293026787,0,4,4,0
4249.84673890469,20,8,4,1
4763.077740870924,17,4,1,0
84.34094991704586,18,3,2,0
3715.4407998307634,1,1,0,0
7708.176430896268,3,1,2,0
4154.663079635742,10,0,4,0
5421.95042833433,2,9,2,1
2498.351544045481,8,2,4,0
6193.061068331336,9,0,2,0
6184.50724759954,1,5,1,1
4172.761900994841,6,6,4,0
7808.230517117313,14,8,1,0
1008.7739670274137,18,6,2,0
140.49658079220004,9,3,3,0
6162.414902997983,23,3,3,1
6458.208521232236,19,7,0,0
966.0567968190071,13,3,3,0
2128.3347495040557,3,0,0,0
145.33114511619812,10,8,2,0
2350.0023431906147,2,2,0,0
6186.2692819797785,22,0,0,1
4146.0944190620685,16,8,0,0
2788.0242673804632,6,9,1,0
2977.0556627761107,10,9,0,0
15.822237595167893,17,4,4,1
2401.905217884061,13,8,2,0
5173.437639395254,13,2,1,0
7793.684578311775,5,5,4,1
6777.251311736277,8,6,2,0
193.64174234100537,21,4,1,0
7188.99203437534,2,7,2,1
6266.671314322514,16,9,3,1
6244.107107949988,11,5,2,0
3666.676093233554,3,5,3,0
3187.0523171712503,19,6,3,0
2426.811252021375,15,7,2,0
530.2303973401544,23,1,3,0
1829.7417311321244,9,6,1,0
1976.5960616493069,6,8,3,1
3875.196172333062,9,0,0,0
5980.818030740568,6,0,1,0
3793.109578041583,22,6,1,0
467.46637333004907,17,4,1,0
7662.52945890069,8,0,0,0
7542.080931157428,21,0,0,0
6282.590397471525,17,1,0,0
7930.666573005943,16,9,0,0
4358.136250738102,10,8,0,0
7702.3329602743825,0,2,4,1
609.4622997309224,16,8,4,1
2928.6175823496637,3,5,0,0
1806.923237714093,3,9,1,0
1570.685507653489,13,5,3,0
1130.7195763969453,8,6,3,0
4981.197064320143,12,9,4,1
6251.668236699704,15,7,0,0
4628.495703365784,0,2,2,1
1179.9668631577363,2,7,3,0
6489.9345406181,18,5,3,0
5089.457883774009,7,5,1,0
3108.3848204853293,17,2,3,0
5394.671712810823,5,5,4,0
2082.9403090464484,19,7,0,0
2764.811706911213,5,6,0,0
7340.299315840261,4,9,3,1
2327.583522843006,11,9,2,0
3762.556203922703,8,6,4,0
7121.678393481137,8,2,3,0
5663.232195388882,16,9,4,1
502.3147931867985,18,2,2,0
1182.687839010368,16,4,4,0
67.69351822147496,21,4,4,0
5049.219712882162,15,8,4,1
3584.1490361562946,11,8,0,0
1078.527432963693,2,9,2,0
7663.68329784888,13,4,0,0
4239.629492945231,16,4,1,1
1938.936886432549,21,5,3,0
4007.3255513818867,15,7,0,0
5438.564560217187,20,5,4,0
614.532547698648,11,5,1,0
2201.2570013078966,23,8,2,0
6456.689099617529,1,0,2,1
3680.020638869277,7,3,0,0
4374.884250548198,11,9,4,1
3465.3639376647066,20,9,4,1
355.9800414308259,15,1,2,0
1330.1694896621466,7,8,4,1
3567.1054017414176,15,2,3,0
1677.4377959363828,9,9,0,0
404.5823341341315,19,1,0,0
6749.979064094331,14,7,4,0
7849.634270667106,3,3,2,1
6346.1772776039315,14,1,3,0
6831.010449028813,3,3,3,1
1939.6071568847779,10,6,3,0
7685.212669228032,5,6,1,0
1579.42100710516,3,0,4,1
7611.681333842849,8,0,3,0
7958.580255257779,8,2,4,0
5695.223831939659,2,1,2,1
7849.244135675616,22,2,2,0
4558.470537638994,4,3,2,1
2080.036556492842,14,6,1,0
3498.7821058966388,8,1,2,0
4750.519678353394,1,6,4,1
589.2870884059848,2,4,0,0
4980.634400614883,20,7,0,0
7849.516804914545,11,7,4,0
1524.9106600209025,15,4,0,0
6341.797954725625,4,9,3,1
7263.6508562680565,9,7,0,0
7549.894234597666,14,8,1,0
7681.28415722155,13,6,2,0
4174.069811578168,13,5,0,1
7818.576724392072,22,6,0,0
6059.695106039839,12,6,1,0
1297.5631327145104,15,2,1,0
3817.81635121142,7,5,0,0
5748.057747099172,7,5,3,0
1982.4858249735712,16,8,0,0
5126.7183924733545,16,0,3,0
5334.47082997772,2,6,2,1
1305.7844517494843,0,0,4,0
4522.857073059787,16,9,2,0
6174.157153273968,23,3,0,0
3993.6708379648558,15,6,0,0
101.76441862497887,16,5,3,0
77.26256028894096,1,5,1,0
2859.449605040247,13,4,3,0
7409.921577112097,6,6,1,0
1833.270852930852,18,8,1,0
5076.737692529139,0,5,1,1
1780.496586193098,16,9,1,0
2576.7515673280914,9,6,0,0
6785.096506363864,5,8,4,1
5832.2472309482255,6,6,4,0
767.717222119119,5,5,2,0
3432.4726577865367,4,2,2,0
238.21226034388943,1,0,2,0
3849.716722091057,17,9,3,1
5301.159923550039,23,8,2,1
952.4284756672217,16,6,2,0
2314.6350865787795,23,2,2,0
3185.7038208897447,22,9,0,0
7356.650542125118,6,8,2,0
7946.073848306597,20,2,4,0
364.06583546994875,18,2,0,0
6089.258348345659,6,6,1,0
2976.9339108867343,22,1,3,0
3142.7031989046927,6,9,0,0
6035.348461909446,15,6,0,0
7347.819325002542,11,6,4,0
7607.674113047875,14,0,2,0
4619.095075376375,14,9,1,0
2860.18366860752,10,1,4,0
6301.45494144094,1,4,4,1
2011.7560591820907,2,3,0,0
4514.771860523974,18,2,1,0
2871.834799891361,19,9,4,1
5254.76543429447,14,7,3,0
1926.9893085835877,15,6,3,0
1536.785601149932,0,8,4,1
7346.32149797012,14,2,0,0
818.9204451815475,11,9,3,1
4050.1334723407786,6,0,0,0
1770.7179997892563,6,8,2,0
316.2450567887113,10,8,2,0
292.970452239954,19,0,0,0
1405.8980679860897,10,7,4,0
6934.828984275472,16,9,2,0
2263.4175580963283,2,0,2,0
7603.92106874949,15,5,3,0
4655.070232448603,4,8,4,1
3495.7304472012847,1,2,0,0
4642.810233182289,22,5,2,0
4136.003589884011,6,2,4,0
6071.4161487898145,9,4,2,0
2263.556047452954,4,6,3,0
2827.6378808444174,14,9,4,1
7153.283948753339,11,3,1,0
7571.919822637492,9,3,3,0
7141.003028754364,21,6,0,0
3358.486711688722,16,4,4,0
6244.022196540019,19,0,2,0
3813.3041877422847,19,9,4,0
3982.831117908087,10,1,0,0
1641.4174719129853,7,5,4,0
4731.086774551839,14,8,2,0
1493.1565025380166,1,6,3,0
2655.8597690422143,16,3,3,0
6840.9664619513815,22,1,2,0
1660.5710946407876,5,3,1,0
573.9104899615953,20,4,1,0
556.7157029394664,12,1,3,0
7526.572241422347,7,0,0,0
4057.8289015048676,10,3,4,0
3278.2495141770614,14,5,2,0
6487.974255158308,12,0,0,0
6687.428293644575,17,0,4,0
2660.8673097592587,17,8,3,1
5550.476369502993,16,4,2,0
6170.126912735833,21,1,0,0
5238.932241493307,12,1,4,0
1217.0026230267945,2,3,3,0
7007.685252718871,20,1,3,0
4315.0609491243895,23,3,4,0
2263.3670488281796,6,5,1,0
3404.699342574363,11,6,1,0
305.3808677392645,3,5,4,0
1027.2950757732283,23,3,4,0
6125.546270374308,10,9,4,1
5.0930198691522985,13,2,3,1
3335.443798715926,17,3,2,0
4182.468897779279,6,4,3,0
441.8021879077735,4,3,3,0
7784.759912963801,15,2,1,0
1812.872023341127,10,0,4,0
2437.0687634920655,21,2,3,1
2435.0203854789434,2,4,3,0
1847.1812136282124,15,5,4,0
16.78320758005977,10,3,2,0
5836.111628733531,9,0,1,0
7734.929770895286,22,9,0,0
1798.2263988639352,22,6,3,0
5306.062298468362,1,8,2,1
5936.461134034927,15,5,0,0
6788.160905828745,16,5,4,0
3383.920430123805,9,8,0,0
2426.932590595232,17,3,4,0
2605.734596514134,11,4,2,0
5702.40755812261,7,4,0,0
6535.15183471256,2,4,1,1
1457.0036722140383,19,7,2,0
2970.673360221333,23,0,0,0
7216.011873009455,2,9,3,1
6454.51468995944,5,9,0,0
7878.942930085994,1,2,0,1
6035.214836158236,2,7,1,1
3148.5956322182387,16,8,2,0
4727.149482787129,8,1,3,0
5289.808962707326,3,3,2,1
632.254251455406,21,7,2,0
4358.253188035402,22,4,3,0
5676.0200236385135,1,0,3,1
1342.7338254884778,23,5,1,0
6246.15058081733,8,8,4,1
4672.263380210323,13,8,1,0
7618.013176652269,10,0,3,0
344.1662741640991,1,3,0,0
2126.2824697559586,20,0,0,0
4814.423265002093,1,6,2,1
2375.996498086416,4,2,2,0
5716.821191749582,6,1,4,0
6073.247233762839,21,7,4,0
824.6151327114633,3,8,4,1
4113.266441333108,13,6,4,0
4073.579991950492,1,5,0,0
2957.399757873251,22,9,3,1
7463.734276244529,11,5,4,0
6620.913027386404,9,8,1,0
5579.189008367546,0,4,4,1
5716.041452701305,18,4,0,0
3696.420569785887,22,1,2,0
7368.351196167124,15,5,1,1
5558.290440890017,14,5,4,1
5833.203587938253,13,5,0,0
6894.218775779826,8,3,2,0
2196.2023567908172,20,6,4,0
6457.53187641429,22,8,0,0
1565.948620637154,14,0,0,0
2766.008908197878,6,2,3,0
2688.2055818873923,3,9,0,0
7828.311119771179,20,8,4,1
6853.015103864675,17,4,0,0
5610.853043414127,7,5,1,0
5817.818809115044,11,7,0,0
4498.771991248555,14,8,0,0
7576.98988353261,14,7,1,0
3972.5887292944803,16,2,4,0
3047.2390904098065,1,9,2,0
1308.46751876807,11,0,3,0
6290.714189827158,2,4,2,1
5876.879236944354,6,6,4,0
3077.9185330004584,5,1,4,0
206.42134460403872,13,0,1,0
6712.783635105496,22,3,2,0
96.28677771531869,4,2,0,0
5631.079738134263,3,3,1,1
7762.2055922598265,14,0,1,0
3504.1023185448867,6,1,3,0
1883.6123729426424,2,0,1,0
5640.443725296836,12,2,2,0
6537.939495414603,9,3,4,0
4373.710377042389,22,0,3,0
7736.447025672889,1,5,0,1
418.091429655399,11,1,2,0
4040.8408084447024,23,9,0,0
5749.039308843788,21,4,1,0
6901.810566837686,11,7,2,0
1438.1486172027815,18,3,3,0
6401.027836700633,18,4,3,0
4423.89307036977,20,8,0,0
3175.446687509756,2,1,4,0
1058.0616534898531,5,1,3,0
6923.0395924767545,1,5,0,1
1262.3992993968243,23,5,4,0
2481.7539343767485,12,2,2,0
2323.9140280396828,8,8,3,1
6971.95520335588,12,0,3,0
5383.260438700139,22,2,0,0
6374.467770545021,13,7,3,0
2007.4908508460294,18,7,0,0
5000.868426357956,10,3,3,0
4576.109135234271,13,7,0,0
6663.478862422227,15,9,3,1
7249.166048547678,9,7,2,0
102.19338796170753,19,0,2,0
5393.789252875047,15,2,0,0
419.4272139622335,1,0,2,0
4393.12502729346,15,1,0,0
2304.6236687042074,13,3,0,0
2457.678913179519,20,2,1,0
2826.903235101591,17,5,2,0
4972.233130151633,5,4,1,0
2675.72947552181,6,4,1,0
5862.928909469292,12,9,3,1
3239.1964476630883,1,6,0,0
551.4838364781191,14,6,4,0
6271.159940660437,16,8,1,0
2289.6378051186844,12,7,3,0
3464.9712023961047,6,2,2,0
5485.123846359103,0,1,4,1
2662.9869764039527,2,0,0,0
457.40232089299144,19,9,3,0
2994.498770867445,17,5,4,0
7555.866418640956,6,3,0,0
5135.666506401973,20,2,0,0
5373.475793594319,16,1,4,0
5060.09581833293,11,1,3,0
1595.942150980697,15,3,4,0
3349.5792434977297,23,0,1,0
6008.763687914729,9,5,0,0
815.4763159375074,22,9,2,1
2226.4329448372496,15,4,4,0
2214.1712721844997,19,9,4,1
3458.9913261180754,17,8,0,1
7843.048083832769,14,1,0,0
544.6828607371564,22,8,4,1
4152.0144500728575,10,8,2,0
1439.0206326876225,17,9,0,0
7765.558980550904,5,8,0,0
910.8615202960763,0,9,1,0
3231.790013880922,22,9,3,1
5904.390453752677,6,3,1,0
5637.912652079425,11,4,2,0
3384.7154519669884,19,7,3,0
2775.4607227819824,3,7,4,0
3183.9109665302003,9,0,2,0
2117.888723953321,20,9,2,0
1646.6368449608644,1,0,1,0
3866.9023819833255,8,9,3,1
2151.9273797605206,9,5,2,0
2303.2560108535145,19,6,3,0
5255.764727479083,10,1,4,0
7748.455966940638,13,1,3,0
4831.0794184722035,2,4,1,1
620.4508391844054,0,8,1,0
609.2909927632655,6,4,2,0
7611.6286506603,3,7,3,1
2381.8398685071325,6,7,1,0
741.0755537293911,15,4,0,0
4794.361474267301,9,7,1,0
4991.071982430677,14,7,4,1
5189.796036848912,15,4,0,0
2142.8792127210427,5,4,3,0
125.8099202947279,3,3,2,0
7720.297878788502,3,0,0,1
2010.8899003003644,23,8,1,0
5409.830172980117,22,1,2,0
5654.505809680283,3,0,2,1
4882.009299550488,21,5,2,0
2506.6946167381175,21,4,2,0
2172.4145488437057,16,0,3,0
4783.357920208111,12,6,3,0
6929.434590725474,1,6,3,1
7574.136162742548,19,2,1,0
851.7169062080422,5,7,3,0
1242.8547577187703,21,5,2,0
7558.1663889707215,0,3,0,1
5893.5991505366665,7,9,0,0
7064.5356295140355,17,9,0,0
1625.0479099120685,20,9,0,0
4702.749039519668,3,2,0,1
5610.6110573677015,4,0,4,1
5442.494524148547,4,1,0,1
3268.1727684792513,14,1,0,0
128.08215907201128,9,4,0,0
4665.493824150084,7,3,1,0
2028.546805740972,6,1,4,0
3604.7826979124084,11,8,0,0
7660.860215595119,10,6,3,0
3195.2873645512655,12,7,1,0
6719.213845282092,14,7,4,0
1512.3821429652628,16,1,3,0
5381.321681710106,21,4,3,1
7816.170600739353,21,2,1,0
819.6353414791297,17,9,3,1
71.51793810640014,7,8,2,0
3471.4944270977517,5,8,1,0
745.5407369956807,10,5,1,0
5988.33287566147,8,3,2,0
7316.816567469229,4,7,1,1
3474.9976768065267,6,4,3,0
2073.3995790327504,21,2,3,0
3478.0545354578453,14,7,3,0
5788.965303710758,20,5,2,0
77.38802183506597,21,4,3,0
4717.684645930154,3,0,2,1
4908.267020674595,18,2,2,0
5103.317533933005,12,6,2,0
1939.9665294471133,0,2,1,0
5713.851523408123,0,0,4,0
735.6749332225523,21,7,2,0
1598.1663400520724,13,6,3,0
7020.373023002583,8,4,2,0
5911.091590058898,23,9,0,1
114.89570432070528,11,4,1,0
1990.7682016565527,17,5,3,0
1719.1798315303506,8,6,1,0
2170.096592655596,7,2,1,0
1984.2403633876918,13,3,0,0
504.89773446405167,8,0,2,0
3674.2294301915786,19,6,3,0
5863.20413091539,1,9,4,1
4855.820139115905,0,1,1,1
5384.608990441648,12,6,4,0
653.7876823972321,9,5,4,0
7612.168227863413,7,3,2,0
6708.742211574983,6,1,4,0
6441.697096372824,23,6,3,1
6584.755521308931,11,6,2,0
7462.020512521427,16,4,4,1
4356.3104590790135,11,8,2,0
1606.2547328516691,15,2,3,0
4936.184944781066,9,8,1,0
5944.337541875172,11,4,0,0
5904.649559865433,10,1,2,0
4173.984948214206,13,8,0,0
552.3274610719566,21,0,1,0
2972.047942748872,19,0,3,0
7366.5290346645415,12,6,1,0
4677.669033510621,1,2,0,1
4308.9638863294285,19,7,3,1
2154.483847485637,6,6,4,0
2950.7491147330484,0,6,4,0
7163.291982779589,2,0,2,1
5333.372064977051,19,0,4,0
6300.159278884901,11,1,0,0
3637.4916574259028,4,1,4,0
5043.8265195519825,11,4,2,0
1990.826951901944,2,8,3,1
5645.159338116473,19,6,4,0
3423.6726629581817,4,1,2,0
3543.151390943891,0,4,4,0
5196.331984992169,15,4,4,0
7490.563568644068,8,7,0,0
516.7307411359243,9,8,2,0
6598.822182589326,9,7,2,0
2342.602967745484,12,1,1,0
3554.1360387784907,15,3,1,0
180.1970635561966,19,1,2,0
2411.863392285333,3,5,0,0
4023.5367848278934,13,3,4,0
454.1277383927749,16,6,3,0
3931.3103564184053,4,1,4,0
7417.249477723127,12,8,3,1
847.6187787719027,2,4,0,0
6116.703620963657,4,0,1,1
3280.320071741061,15,2,2,0
5243.113847622082,18,3,0,0
2085.591600891909,18,2,3,0
1280.1406390181596,16,5,2,0
1287.8986010984554,17,5,3,0
568.5831054169415,17,9,4,1
1489.2454056854378,22,6,4,0
5315.433982986801,7,8,4,1
7054.116441688847,17,9,2,0
6513.934856301339,8,8,1,0
5482.6488074465005,18,6,1,0
887.9027479717658,9,0,3,0
2317.053633136119,1,2,1,0
2481.9059682031393,16,4,1,0
2003.4057864489816,23,9,3,1
4122.4702493792365,12,5,3,0
4286.752749962982,10,5,3,0
2858.303371493026,15,4,2,0
2833.544324097806,19,5,3,0
6629.30200525912,6,8,2,0
6315.396322315886,2,0,2,1
2465.8276742875614,15,0,2,0
7310.738608766708,18,8,3,1
7622.756060935036,19,7,1,0
2617.3066235301762,15,8,1,0
2838.6274656004734,1,6,3,0
4047.545056608561,13,9,1,0
7529.26089620672,19,5,3,0
7011.1738679727805,9,8,2,0
825.0308608558005,18,1,4,0
3144.8822924549727,23,3,0,0
4429.202662049426,10,1,3,0
4027.5441180495627,17,5,2,0
1554.935228155457,10,0,4,0
6871.240085489397,8,6,2,0
5417.141560059715,18,6,0,0
6704.077456940169,19,6,1,0
6870.82041339903,9,3,1,0
5988.105050057589,2,7,2,1
3516.48875699149,2,4,0,0
4886.321306348319,23,1,2,1
1287.1214219273465,7,4,1,0
5390.795112711887,5,9,2,0
1438.1297796355495,19,8,4,1
5553.126976128704,0,9,0,1
1840.6372952279794,19,0,1,0
944.8226447010087,23,1,2,0
1326.4494986929446,5,9,0,0
20.92712107646679,1,7,2,0
5751.323244738975,18,4,1,0
5860.546387221741,6,8,0,0
4121.89213255651,10,5,1,0
1295.0955944377927,10,7,4,0
673.0169283979645,3,0,4,0
157.93608666610965,19,8,3,0
1330.1566748369396,15,8,0,0
7127.390002190258,4,2,4,1
1936.0870494049457,23,0,3,0
2837.3992611016392,6,7,0,0
847.2371484282588,15,7,1,0
1782.7786314616214,14,8,2,0
4156.20044338774,4,5,2,0
4863.9827013497425,0,8,1,1
1966.5917517588575,19,9,4,1
466.56861300481205,21,8,2,0
3131.3077886735523,21,3,1,0
1877.4559505560414,8,4,3,0
1760.3336162222665,20,5,3,0
7679.103107694074,4,5,1,1
4932.322384976163,21,9,0,0
4457.243153160906,5,1,4,0
3329.121952668959,2,3,4,0
3434.4099457740035,5,8,1,0
4329.535505685456,7,6,2,0
5572.956307253678,5,8,4,1
5618.658038973726,15,5,4,0
1377.6927921050692,15,6,3,0
4003.4014528526327,20,8,3,1
3298.604969797645,2,3,3,0
6964.863095323727,16,8,4,1
5053.19427514092,20,2,4,0
4262.3700109957745,5,7,4,0
927.5801642204444,5,2,2,0
4847.074925140674,21,2,2,0
942.0452259134662,18,2,2,0
2700.9665716481877,19,8,0,0
1147.0215086905832,14,9,4,1
5538.12880795983,18,2,4,0
1653.9856501200402,1,5,1,0
3137.915688638268,7,3,1,0
7165.919847062136,6,1,0,0
1638.5094852747675,7,2,1,0
4064.901486350439,12,4,2,0
3357.076931022346,21,9,0,0
149.90170816060922,14,3,0,0
6343.101118014638,11,4,0,0
557.0220209852248,14,0,3,0
3796.668892710744,13,3,1,0
4487.622968036905,6,9,4,1
5029.269520633624,16,2,3,0
5510.6098763164655,4,1,2,0
2029.912706264107,19,6,3,0
84.78031938430274,9,9,2,0
5788.932080527521,18,8,4,1
4287.574511783891,17,0,4,0
6689.761037141954,23,6,1,1
6571.99996139105,9,0,3,0
6747.392711464126,1,4,4,1
3883.3318065364238,5,0,2,0
2672.359024715741,2,2,4,0
6333.507829718003,18,7,1,0
3613.096433668893,4,3,2,0
1471.6203602454589,6,0,0,0
6840.517286393987,6,0,1,0
7061.066214794916,9,7,1,0
3733.14650034066,0,7,0,0
610.2193198417508,10,3,4,0
3105.6695888858653,22,3,1,0
6429.283587403514,6,9,0,0
7214.683358227098,5,1,0,0
1631.7645762682787,5,1,1,0
540.4540281420458,12,5,3,0
7019.4168727970455,15,7,1,0
3118.292487136108,12,6,3,0
4336.378909319168,1,6,4,0
7744.686167345818,18,2,0,0
537.1849996742117,18,1,2,0
5188.302469579504,18,9,1,0
597.4728534860623,17,6,2,0
3006.8740830896704,5,3,4,0
6431.497288821607,1,0,1,1
3470.610500881297,18,0,2,0
7977.472919454089,5,3,4,0
4474.678983148085,19,4,3,0
2572.691410324448,22,4,4,0
1764.7900506085014,21,0,1,0
2807.4116716178637,14,2,1,0
2983.4035237076087,5,5,1,0
554.365853403068,2,9,4,1
2959.7457244170514,10,6,1,0
3716.586965315103,7,0,4,0
5783.2883291492435,21,7,0,0
5255.552230349255,17,3,0,0
5671.581413557088,16,8,0,0
71.8676366054725,18,5,2,0
1745.2508596463856,18,0,0,0
5295.165885756853,23,1,0,1
3874.4949985970784,20,2,4,0
47.48123796842584,16,1,4,0
6436.93466624242,3,9,1,1
6183.612538456247,6,6,1,0
4389.611208133533,4,0,1,0
536.3742895812956,15,8,4,1
6133.287821013014,5,1,4,1
4671.7901339122545,13,3,0,0
6256.770017377884,19,7,3,0
6015.217204204744,1,2,4,0
6425.001565302908,17,8,3,1
4146.474490904975,17,6,4,0
1126.8945229571523,12,9,4,0
5370.903999670611,17,2,2,0
4965.687911490505,16,2,3,0
5939.314231656702,12,4,2,0
1363.1986433756288,11,4,0,0
1563.8267232028122,2,9,2,0
7123.824090168531,21,4,2,0
6001.072498624306,6,8,0,0
7266.286767159082,0,8,3,1
6070.928992705546,4,5,1,0
4779.256671392463,20,6,4,0
5234.79123253785,0,9,3,1
7113.57775190038,3,7,0,1
4632.5600023229645,0,8,2,1
5060.968638005457,12,5,1,0
1256.0313444487867,13,7,2,0
3794.000154828241,14,1,4,0
5732.594910105001,16,9,0,0
2171.1868730393417,11,7,1,0
1622.0221732936568,6,1,3,0
2514.0453317542024,22,7,3,0
1935.7975208027035,18,1,0,0
1723.2265331059848,22,2,0,0
3401.682488730355,2,6,2,0
7263.168918498855,17,8,1,0
4058.941875676053,3,2,4,0
1507.4234446185076,2,4,0,0
620.3884967000882,11,8,1,0
5570.768380377713,22,6,0,0
3065.4761216689208,11,1,0,0
6575.538417949947,16,4,3,0
5277.788595282957,5,4,1,1
6370.950397078242,14,8,3,1
2179.2085851504976,1,1,3,0
5540.40958507616,7,0,1,0
2116.1755676262815,13,3,3,0
7512.852493205081,4,3,2,1
5092.812380859328,2,0,4,1
2599.47184240186,9,9,4,1
2159.7473390267196,6,6,2,0
1531.4580476477897,10,1,0,0
5558.654466355354,14,8,3,1
1753.6313259184287,1,6,4,0
4764.449611090275,4,6,1,1
2120.757040268232,10,0,0,0
5297.441713626979,7,8,4,1
6520.443129681611,12,9,3,1
6225.311818941502,10,8,4,1
6088.0063907916,16,1,3,0
1505.8406335095553,14,9,0,0
711.637651141227,0,8,2,0
5593.095883756648,18,1,3,0
2949.9359742858387,15,1,3,0
3461.6080800947616,18,7,0,0
254.03699688316155,12,2,0,0
2080.3137119540183,22,2,1,0
274.24284897633987,21,6,0,0
7034.090251946975,22,9,4,1
1950.9564823321512,3,5,3,0
4460.9106707362,10,6,2,0
316.63966868573766,17,5,0,0
5336.444893488736,17,8,3,1
2587.6036293039806,9,1,2,0
7183.863899726538,16,7,1,0
7105.504920527616,12,5,4,0
2605.6984938021733,13,3,1,0
7208.182361045291,6,5,0,0
7969.280599622736,9,5,4,0
6604.198234670965,2,9,1,1
6759.746425303056,1,2,3,1
1995.8248451921738,18,7,0,0
4615.735678867762,6,4,1,0
542.711032169106,4,9,4,1
763.8689048892494,2,3,4,0
7991.146433206159,1,1,2,1
2616.480799160158,22,9,4,0
5986.730376830526,21,0,4,0
6454.287098949398,5,6,0,0
6864.896051702797,13,9,4,1
7981.038237730241,6,2,2,0
1935.7643996286583,21,2,4,0
327.6048607432991,1,2,2,0
3292.476186366715,10,9,3,1
1044.994955282431,20,2,2,0
184.2949838506307,2,1,0,0
2886.6124829961814,8,5,1,0
6270.987317346515,7,9,1,0
4531.614626344442,10,2,3,0
2505.6600237367807,17,0,0,0
5236.464333914294,0,9,3,1
1859.9853515689417,14,8,3,1
119.97966134631977,3,5,4,0
6116.005324559237,3,5,4,1
4991.825963487752,9,9,0,0
6099.609482885175,10,8,1,0
316.30944341788654,17,1,2,0
6697.771424506064,22,9,4,1
4958.111969290245,14,8,0,0
4509.3458289475575,2,2,0,1
4998.78931467568,6,2,1,0
6916.143808712571,6,2,0,0
4697.557369938462,16,0,0,0
4649.698287205993,21,9,1,0
7925.479860740797,19,6,4,0
6055.057685713201,23,9,1,1
3541.1389745818265,15,6,3,0
5660.639015263257,15,1,4,0
3116.897621175849,7,5,3,0
1834.8593225555744,2,3,0,0
4776.830755717637,19,6,3,0
7425.815874421042,14,6,1,0
7433.4704625236245,0,3,1,1
2738.532698453395,9,2,2,0
4223.781342442451,1,6,0,0
1697.0290090660403,6,8,1,0
7965.070720443573,13,3,4,0
7849.0376734041465,15,5,1,0
5197.823893011041,14,6,4,0
6436.2904071214,6,9,0,0
5722.225789463182,12,2,2,0
4747.2999612205485,9,4,2,0
431.51723592623705,8,0,3,0
3640.8409187085254,8,5,1,0
5399.916485828448,5,4,0,0
5421.865253000059,23,6,3,1
2988.115334286957,11,8,0,0
7533.827433330955,22,3,0,0
1343.019472733064,19,8,3,1
4005.373772493407,19,5,0,0
5528.617392523828,21,4,3,0
5578.600768105015,13,1,1,1
5190.86845936668,19,0,3,0
2205.929266547622,6,7,1,0
1253.8715166495426,7,5,2,0
5089.342912979553,7,6,3,0
4796.420418534804,7,5,2,0
1438.9513022624817,1,9,3,1
5642.587468836654,13,6,0,0
3644.100073910583,9,8,2,0
5343.745929867207,17,4,4,0
6699.749802762355,17,0,4,0
1361.9787864725006,17,0,4,0
158.06321963470924,15,8,2,0
6233.925178234315,19,4,1,0
4879.530914095164,4,1,3,1
5598.618359128863,19,2,0,0
6706.049025034197,4,0,0,1
6423.4734239218815,19,5,2,0
7687.556574695953,22,5,4,0
4289.800955422686,9,2,0,0
3910.5225831159432,16,2,0,1
3218.088163126387,12,6,1,0
1233.7598875394153,16,0,0,0
4582.99482689177,17,4,0,0
2219.7151319862005,12,2,3,0
7370.853560142739,16,4,0,0
4667.610480195395,14,3,3,0
4744.75724316234,11,5,4,0
2842.622663711695,9,8,1,0
420.65486906177136,12,1,0,0
258.791404157044,10,9,1,0
3389.564477504814,2,7,1,0
681.1001978874166,21,1,1,0
4856.741409543412,9,3,2,0
7048.379180089061,10,8,3,1
7063.903958067183,5,3,1,0
5274.068054007198,0,6,4,1
1693.7984926260833,5,4,0,0
6904.659666714182,4,1,1,1
7089.317015329099,6,7,1,0
1577.245411698905,21,9,0,0
5900.721555736564,11,9,4,1
2295.723793672348,11,1,1,0
6422.1092972616725,6,2,1,0
7977.917009729304,1,9,4,1
245.05791260849554,0,6,1,0
7179.440096998501,22,4,4,0
4982.931116121271,17,9,1,0
7787.194040222746,11,2,0,0
3722.7510926237887,6,1,4,0
6779.866504918133,18,5,0,0
503.84057844322643,21,9,0,0
2685.556005375974,2,0,1,0
540.7972193209237,9,7,4,0
7802.868352165169,10,4,2,0
6536.706388638335,4,4,0,1
6821.1166328615345,1,1,0,1
7504.032025313984,7,6,0,0
685.402371527684,13,4,1,0
3087.8527521441,7,7,1,0
572.9239379067969,22,4,0,0
1690.2908468924788,5,8,1,0
1838.7793874161905,0,4,1,0
3755.5121523253915,23,2,1,0
2152.1545287918725,0,1,3,0
812.3199640079999,7,4,4,0
1344.091257307391,10,9,1,0
1182.468130598967,17,9,3,1
7784.748999308825,23,4,3,1
6075.5435928131965,9,5,1,0
7742.252914830148,11,1,3,0
3520.725189630729,19,4,2,1
2230.5560108929394,22,0,3,0
6387.354111687448,15,2,4,0
2613.4000747389687,4,2,3,0
2398.5700727742596,15,2,1,0
1863.8854077016103,23,2,0,0
1041.7834309027617,11,7,2,0
2055.422172829044,5,0,3,0
2845.7813890487323,4,5,2,0
5393.583694125115,0,5,4,0
505.20591354451534,18,0,3,0
1688.002982624417,9,0,3,0
6473.144004131953,13,2,2,0
1179.6407790522474,20,7,3,0
2744.44794644756,2,5,3,0
6917.94808025583,5,3,0,0
1243.627862591824,4,4,2,0
666.4810007674282,16,9,1,0
3878.881270664687,17,2,1,0
2422.8439926718984,11,5,4,0
4509.449874048413,4,5,0,1
6431.420099415383,8,5,2,0
1101.5021627811816,11,8,2,0
4647.6891810115085,19,9,0,0
4046.542539316962,8,7,0,0
1156.9098941755306,2,5,4,0
4993.867891804214,0,1,1,1
2192.7551407968695,21,3,2,0
3905.23537675938,14,5,0,0
662.7672325951097,9,8,2,0
3679.374537422916,13,1,1,0
2455.1754270023484,6,5,2,0
6579.937783426908,3,9,2,1
460.5449223439594,4,9,0,0
3351.765162972048,19,9,0,0
3670.159235930847,15,6,0,0
5801.423580011454,2,7,1,1
4596.429162846237,16,8,3,1
5339.362635867477,12,4,1,0
6217.50903878579,5,8,0,0
6898.312774397219,4,8,4,1
2514.4345962961515,15,6,2,0
4306.491529384404,10,1,2,0
6721.664087121403,16,7,2,0
7915.661792065626,4,4,2,1
7116.706891794886,5,7,4,0
2974.8807646818923,9,1,0,0
1565.3563051631102,20,6,3,0
3917.693336565677,0,4,2,0
5934.423407429158,20,3,3,0
3943.089720672614,9,9,1,0
3868.03100219278,16,5,1,0
6706.652216548996,2,4,2,1
2894.4232136421547,1,5,0,0
6879.058425119107,16,8,4,0
3257.40438360903,3,0,2,0
2629.2236798983236,1,0,1,0
3634.6493400415934,4,5,1,0
6100.763434605573,9,1,3,1
1012.3862127726343,0,7,4,0
1575.371630896779,0,6,2,0
7611.80138117642,3,5,0,1
1408.0555609139521,6,3,3,0
4543.979906858782,13,8,4,1
4636.619160962193,13,6,3,0
3919.5475740917072,17,6,0,0
5159.738262371665,1,4,1,1
1842.4646727519594,0,0,2,0
4423.534830875102,20,1,2,0
2980.525175698943,21,7,0,0
5295.029740735366,15,4,2,0
1134.08222926833,21,1,2,0
4569.164947631612,17,4,3,0
1486.236491289673,15,7,0,0
2232.751289604716,22,3,3,0
1753.584853587048,21,2,2,0
1466.7880500511928,23,4,4,0
6606.5590577275325,5,6,4,0
2289.2320034488184,9,1,3,0
7417.354636006273,1,0,1,1
7759.562570134801,6,4,1,0
4572.227457147093,20,6,0,0
1148.2939757124825,16,7,4,0
2999.5132058197523,2,7,4,0
6382.869445468971,19,9,3,1
2942.288875933078,11,8,2,0
700.702660330796,1,0,0,0
4456.495362870863,6,6,3,0
6761.741207710798,16,9,1,0
6368.431465212301,18,7,2,0
1405.109505342174,11,5,0,0
5383.753092227671,8,9,2,0
1767.9315861679986,13,3,1,0
1749.569238744617,1,6,3,0
6993.2038275749555,20,2,3,0
2001.1032771581401,3,1,4,0
2109.6625354114994,18,5,3,0
10.22385913658994,20,1,4,1
6965.998927833513,15,5,3,0
6341.795531607032,21,9,0,1
5020.49483604997,16,2,1,0
6003.374782691044,1,1,2,1
1220.6282965588118,16,7,1,0
3669.2971387276657,18,3,1,0
2812.999001853503,7,3,4,0
754.7433274248468,23,6,4,0
3891.613229293318,19,7,0,0
7366.31350448937,5,8,2,0
325.27265681030235,11,9,3,0
2335.230003382882,22,7,3,0
1664.2897849645992,17,3,1,0
1908.982496057242,1,1,0,0
7267.934242275605,18,9,2,0
3747.2120886031494,23,4,3,0
3733.063806453851,9,6,1,0
6085.802261429982,2,1,0,1
1240.165171019382,11,3,2,0
3900.686506029906,15,5,1,0
3442.7317868978726,11,7,1,0
4777.300970920516,7,9,0,0
7996.463837487257,4,5,0,1
6156.743908185967,10,5,0,0
3185.9362956243303,9,5,0,0
6621.286652931006,2,3,2,1
1369.8133646832791,22,2,0,0
248.5571720401362,8,0,0,0
1639.5647378518631,11,1,0,0
2726.590391133506,5,1,2,0
4087.093155889181,18,9,3,1
4922.957478626892,15,6,1,0
7285.292709129302,20,5,4,0
4081.282806355909,22,7,1,0
4012.6987787827065,23,8,2,0
406.6928635347422,13,4,0,0
284.11786348650935,3,2,2,0
4411.5238955213945,17,3,3,0
3508.2380129205144,9,7,4,0
6714.247257867488,17,2,3,0
1289.6332797712023,11,1,0,0
204.64843862581154,18,6,2,0
3595.064949601356,7,3,2,0
1903.6410612342986,0,7,0,0
401.6669148440054,13,0,0,0
5798.163303346793,22,7,4,0
897.1860346581935,5,4,3,0
4868.514402562135,13,1,0,0
2251.9927525842786,1,0,0,0
1392.100922588401,8,5,3,0
3041.113425739943,11,8,0,0
6412.558980902514,4,8,4,1
3139.788147352059,1,8,4,1
6007.403345442391,18,3,3,0
1008.2629429092098,6,5,1,0
6183.307500222308,6,9,4,1
1899.281932628656,9,5,2,0
5420.758073461538,16,4,2,0
4528.423530953766,13,1,1,0
7433.51201410744,10,6,4,0
3101.6435312126355,19,0,0,0
533.9906847313514,5,5,1,0
158.14810698226697,7,4,0,0
6615.734194977161,18,4,2,0
4200.26142310315,18,7,1,0
6203.07619442042,23,8,4,1
1879.23267209206,23,6,2,0
2763.9445453783037,23,9,4,1
245.6804583294949,16,7,0,0
7692.131134970026,23,1,4,1
5344.603914073004,23,1,1,1
7465.974676635653,17,7,0,0
2127.643777395433,11,5,1,0
4893.651571749158,8,7,0,0
5429.60724649964,22,8,1,0
2543.8098535594195,23,8,2,0
6785.633333949962,15,5,1,0
7577.555895887482,17,7,2,0
7079.416665979555,15,1,3,0
5913.840472635284,15,7,4,0
2223.3301144010074,3,2,0,0
2256.5202566345256,22,0,4,0
7707.065761966073,21,6,2,0
87.22454500585776,6,0,2,0
5729.819536070945,0,0,2,1
5651.438069629321,23,0,1,1
4983.402879893631,22,3,4,0
7920.920224464492,19,3,2,0
2498.476088930983,0,9,3,0
2723.075051027019,7,5,2,0
636.1205265577116,22,9,4,1
3545.171101667181,7,2,2,0
2092.0829672476107,9,9,2,0
2750.3766839102655,0,5,0,0
6677.401463093744,20,6,2,0
7484.198685652328,20,0,4,1
1489.935910681459,13,5,0,0
2983.2089077699598,13,9,0,0
7429.401344112575,9,0,2,0
499.15864321033496,18,6,2,0
743.4224222504712,15,9,3,1
1306.5139587038038,8,4,4,0
4763.726608844364,19,9,4,1
1208.0258066929498,15,3,1,0
7744.770669698614,19,0,1,0
3576.48264543187,7,8,4,1
4014.6360929995803,6,6,2,0
1977.0356333642249,10,1,0,0
3770.3272182156943,20,3,3,0
5296.999492932907,5,3,2,0
6010.6612099475715,14,7,0,0
6032.175321265755,18,1,4,0
4625.239445989237,13,4,2,0
7235.356401075888,14,9,3,1
6540.1757392123445,5,7,1,0
6057.599677015511,23,5,0,1
449.56614583528267,9,3,2,0
59.98930794609627,13,4,3,1
1703.5159811778062,15,1,2,0
5309.871133338051,12,4,4,0
3292.5239236159537,10,2,0,0
3222.2380430979974,2,2,4,0
7077.272171395762,7,6,4,0
7165.024970814051,2,2,1,1
7273.856236108418,1,3,4,1
2514.455221737643,20,6,3,0
5529.991222850398,13,2,0,0
2176.7072842885855,19,9,1,0
1528.9256154302261,20,9,2,0
1481.1364964922168,21,1,4,0
2740.1504288044343,14,9,2,0
3442.5111701396745,2,6,1,0
6648.438622585271,0,4,2,1
963.5292923143332,14,0,3,0
5880.732149922179,19,9,1,0
4253.982038943496,21,7,0,0
2307.12301469456,1,2,0,0
3945.0925783399325,17,6,0,0
2403.0368478672963,0,5,0,0
4770.6752321302565,8,9,1,0
3473.5821632276775,2,5,1,0
1319.4222049856355,1,7,1,0
937.0816810727953,3,3,4,0
4375.8319781666805,15,3,1,0
7219.792201122397,21,2,1,0
2754.9417040286958,0,0,1,0
5865.335857244872,8,9,0,0
5270.997532743437,7,2,3,0
7452.781539904301,5,0,0,0
6568.743233306631,19,5,3,0
4535.009044949176,17,7,3,0
5257.958833381688,15,2,3,0
7187.599800339359,7,3,0,0
3199.152682772544,22,4,4,0
2617.72367333293,3,6,2,0
91.43461366339473,2,5,4,0
6613.275838160756,14,1,0,0
6408.840699724902,5,6,3,0
840.1138722107103,0,7,2,0
4616.974762155938,17,0,4,0
3714.533676844265,22,5,1,0
954.0792185953461,10,8,4,1
7844.642975350484,2,6,0,0
1721.4936202695267,12,4,2,0
542.5372698240363,16,9,1,0
4760.804799117767,17,9,2,0
5912.239083678596,13,8,2,0
264.38535114725977,6,1,4,0
5271.447521622542,6,6,3,0
4260.673548231878,13,8,4,1
830.6037459560121,23,1,1,0
1384.3283961861648,14,9,0,0
4545.954507042064,11,5,4,0
2374.3791200387404,11,8,3,1
7506.834250567272,7,2,3,0
6550.828134724986,15,7,4,0
7868.619816076736,8,4,1,0
2081.0683574085597,1,6,3,0
7757.9404442198265,13,2,3,0
3452.714788983505,23,7,1,0
2783.4127685334684,23,1,1,0
407.5444681199792,15,7,1,0
426.858236587523,4,1,1,0
5537.629991293505,4,6,4,1
3666.142310500053,19,1,4,0
1816.040400158665,20,6,2,1
4913.692599070235,17,0,2,0
2026.6006554096389,17,5,2,0
4623.165875983658,4,9,3,1
2876.8739321266094,10,6,1,0
6589.300051761493,12,3,4,0
6566.465805330401,2,0,4,1
3821.4164329885984,16,5,1,0
2809.7987791334494,17,3,2,0
2903.665573489961,13,2,3,0
6446.687632717402,11,3,4,0
2628.794964966908,13,5,0,0
1676.429692786234,17,4,3,0
682.0832932930781,19,1,3,0
3736.211501470845,1,1,2,0
3859.646130864136,6,2,1,0
6728.065139671243,14,5,0,0
1773.8033780862816,9,0,2,0
3051.0252329788573,14,6,1,0
6468.203882455059,16,7,0,0
6589.870767938043,10,6,4,0
3079.965552450252,1,2,0,0
3675.6965661770137,20,5,2,0
2429.770697340017,17,3,0,0
7460.7762529624,3,4,0,1
953.5569071039346,8,2,0,0
7470.3266368967525,16,4,4,0
5472.512282423569,16,5,1,0
4254.919360730416,16,7,0,0
266.10919097204453,15,5,3,1
3807.391553616956,19,8,2,0
3264.9460994968445,7,9,3,1
1293.944401741105,22,9,1,0
5252.994779987752,14,9,2,0
7769.351504409445,0,9,1,1
4499.699544460878,18,3,2,0
5719.452445169347,14,1,3,0
552.2613682653042,8,8,3,1
3344.247631556873,4,2,4,0
935.2860888901445,15,6,1,0
4904.302705114401,12,3,3,0
7508.164854922166,15,0,2,0
5295.91297111075,21,7,0,0
619.0403712738001,10,3,0,0
2840.5563088557374,12,5,0,0
4407.553718629608,5,6,4,0
3228.6460102853516,19,7,3,0
6669.983863749003,16,9,1,0
6518.294682656364,4,1,1,1
4896.589005725255,16,8,4,0
2990.7962713359784,0,9,2,0
2046.414308237137,4,2,3,0
851.4651741139688,4,0,3,0
2842.4069794749994,6,1,2,0
3308.3142750757174,15,7,2,0
5408.204286207068,17,9,3,1
5266.9877952591,5,5,3,0
565.5145764318493,1,0,0,0
3165.0982268721064,12,8,1,0
1458.3220434028085,9,6,0,0
1258.7175790078616,20,9,0,0
6619.280687149281,19,2,1,0
340.112157646479,10,6,4,0
3356.36709283746,20,5,4,0
1349.788227853313,1,2,4,0
7035.2450743494,7,7,4,0
4458.538903633906,23,0,2,0
1854.8881878329,21,4,0,0
4021.9061608951793,18,7,2,0
5853.233445826411,19,2,2,0
7665.153481310873,16,9,1,0
1767.4658039421245,15,5,4,0
7090.0232681741145,9,9,3,1
7474.7613927690845,4,1,4,1
7331.782253533869,13,8,0,0
5085.137783110969,23,1,2,1
5040.416132205488,18,4,0,0
3228.6690123046633,3,2,2,0
6020.421069018785,19,9,2,0
4252.695676715701,15,8,2,0
5421.1173794702145,23,8,3,1
3430.5209412711197,14,6,4,0
5853.3142300248965,8,9,2,0
6596.64978324837,2,4,1,1
1175.7578715395148,22,8,2,0
6664.273076015953,8,6,4,0
4324.6707716635065,17,1,4,0
6758.103943176344,3,9,3,1
3453.2571421964117,18,0,2,0
3035.4286806373652,23,9,1,0
7320.9105564751935,3,9,3,1
2013.0982940494684,8,3,3,0
6754.477540662714,0,9,2,1
3874.744477212686,0,7,2,0
4115.193063197322,19,5,3,0
2471.2039105084245,18,1,3,0
4586.47239394903,2,4,3,1
2605.0635142283095,9,8,0,0
318.95896686201024,11,5,3,0
2179.6288497281266,17,5,4,1
56.000452035692476,13,6,1,0
7826.946522519569,9,4,1,0
7726.148942508881,9,2,2,0
3164.266603291079,17,2,3,0
5828.32498044547,23,4,1,1
2769.7197567913477,0,3,1,0
5370.389790902379,14,4,4,0
6444.413194152603,7,8,4,1
7574.316176314464,2,4,0,1
3204.6971454181275,17,3,0,0
6267.467373733602,8,3,1,0
2131.09796280379,15,0,2,0
7922.706768830219,20,9,1,0
211.02794212098738,14,3,2,0
4830.212807976462,4,3,1,1
5277.75032330236,12,8,4,1
5505.92422880766,21,3,3,0
967.4986924187666,19,6,1,0
7508.545618867678,6,0,0,0
1453.560316005412,15,6,2,0
4983.91345890253,6,1,2,0
1785.2952525890641,21,7,1,0
2461.1952540850607,15,0,2,0
4373.936041116354,12,9,0,0
3340.461381423789,16,2,4,0
1286.0036798071678,8,7,3,0
1371.636537354682,11,9,3,1
3348.067581361583,12,7,2,0
6059.477411312629,8,4,1,0
7184.227351548069,4,4,2,1
677.6006597637659,6,7,0,0
3147.8657409374114,0,9,1,0
806.4632819643987,3,4,4,0
137.6568826576201,3,8,0,0
5295.440867738434,15,0,4,0
4821.583288522869,4,4,1,1
1308.3378149500152,21,2,4,0
1874.3336005790475,3,2,0,0
194.54349038792446,5,1,0,0
6680.402909526758,22,2,2,0
7797.651315408169,2,6,1,1
1087.998996673553,7,7,3,0
1855.6443340535584,16,7,3,0
6947.934143955737,17,7,4,0
7412.078064659698,17,0,3,0
3359.9209255404485,11,6,3,0
409.7266657912476,0,1,0,0
319.9377103740911,22,9,0,0
4593.729179221738,11,3,0,0
3146.1963956009663,10,4,3,0
234.07615848334785,12,0,4,0
4668.102876538891,2,3,1,1
95.36378002923466,7,3,2,0
6300.038805403437,2,8,4,1
2454.9304175134557,16,8,0,0
326.86273405881064,12,9,4,0
4708.876006760311,9,0,1,0
3184.486893392272,16,7,0,0
7790.534304790411,2,3,1,0
4355.868306717099,12,3,2,0
2205.5372523908813,21,4,4,0
5676.963722748628,5,1,2,0
2175.578560328977,13,0,3,0
7234.425114803483,9,4,4,0
3000.9021542064747,19,6,3,0
4401.199159395761,15,9,1,0
409.33196507470973,17,8,3,0
3411.839297428085,12,1,1,1
6659.746499589654,9,7,2,0
6446.162198879919,5,6,0,0
1798.4268780339423,9,1,2,0
1812.5021727294486,4,4,3,0
6539.355971144828,5,6,1,0
7443.535369253757,6,2,3,0
767.4105655776634,10,1,0,0
3603.218822212671,15,5,4,0
2702.9469603190105,11,9,4,1
6966.154201382227,11,5,4,0
672.7816928667501,22,3,3,0
1692.951910751509,19,0,4,0
6020.984359004022,4,4,1,1
415.0943226048186,15,0,0,0
3942.820368810743,5,7,2,0
3539.6457422643616,8,1,1,0
2678.5374260150456,4,8,0,0
3159.6056609747957,20,8,2,0
4241.8749925072125,22,2,4,0
1295.132030315123,15,5,2,0
4578.107046877324,17,8,3,1
6444.43147275339,18,6,3,0
6082.486633672322,11,3,4,0
1235.4297380267205,1,2,4,0
1198.249510583084,9,1,1,0
2149.054070120582,11,9,1,0
2891.7924370965925,13,9,3,1
3270.6023733608185,17,0,0,0
5439.179248582595,18,9,1,0
458.16005516585403,5,0,0,0
282.20827028740075,4,3,3,0
3138.3249507365526,15,3,1,0
5578.823718643153,13,8,0,0
1551.5155669370781,12,9,0,0
5133.828327643732,20,0,1,0
2082.325962832694,1,3,4,0
7089.258439964064,1,2,2,1
7166.041104411599,11,8,4,1
2381.8111982292053,0,4,2,0
1843.800062936108,18,8,0,0
3293.375256669519,15,9,1,0
1928.050023515289,6,5,3,0
5380.708827117171,20,8,1,0
6609.387152963543,6,0,4,0
5386.3715866351795,15,3,2,0
6595.681825758549,5,3,1,0
3178.9523368487557,17,9,2,0
1254.7541808173426,0,9,4,1
5904.917824443749,0,5,4,1
2886.993668606723,13,9,1,0
5371.810247706914,5,0,3,0
2168.7983161442166,5,9,3,1
654.430930279348,3,4,2,0
7940.6914549246685,11,2,1,0
1253.8310559051413,17,0,0,0
7907.4258467380305,9,5,4,0
7818.353060868746,2,2,2,1
6351.575740744777,2,3,4,0
5277.08658184557,7,8,2,0
4624.567366757422,21,1,1,0
6929.481855295789,22,0,2,0
2319.068975347806,0,9,2,0
3744.111293816592,17,5,0,0
4957.022805085183,14,0,2,0
3292.4678545765814,20,0,3,0
3422.7542004516927,19,6,2,0
2645.6259166791647,16,1,2,0
4516.033374392866,10,3,1,0
6805.343351480852,12,3,2,0
1616.2193821604712,19,1,0,0
7475.792144833764,9,5,1,0
5514.255791717096,12,9,4,1
6587.069335376841,16,1,3,0
4451.744587576943,20,7,3,0
6237.236027885388,0,3,4,1
134.52217672904035,19,0,2,0
6547.951496112384,15,6,0,0
325.9101783875053,15,5,0,0
7119.857444021086,20,5,0,0
7935.742164172953,2,2,0,1
2356.0693601033386,1,9,2,0
1686.4968575049202,5,6,4,0
6124.080094045035,10,5,4,0
2027.9455956574245,2,9,3,0
6925.171253461766,0,9,4,1
827.2265242990263,10,8,0,0
1012.0117950529693,12,2,2,0
7833.316683029421,4,2,1,1
5392.341991668687,17,3,1,1
6775.863359309477,14,2,0,0
2598.0133719253863,17,3,3,0
5413.487577417232,14,5,1,0
4755.963409332235,19,0,0,0
4827.1852103829615,19,1,2,0
5461.847014004084,19,9,1,0
4604.996589167143,6,5,0,0
3435.3536425748143,16,5,1,0
2211.001941572472,7,0,2,0
6149.80774065105,12,5,4,0
1814.0480778754736,15,8,4,1
5540.372677704541,9,7,2,0
1870.4959170813665,13,9,2,0
5004.514708785859,5,4,4,0
5977.890745696586,19,3,2,0
1753.617541807781,21,5,2,0
484.2466903861597,6,4,2,0
1052.1350752384217,5,5,4,0
4849.945753331849,16,9,4,1
6796.324017774756,20,2,1,0
364.7495857772178,23,6,4,0
5874.539316037962,7,7,1,0
2733.8425743706666,11,4,4,0
3830.8343175065825,3,4,3,0
7431.232101015297,9,3,1,0
2659.1121803630845,5,9,2,0
3725.368786846191,6,4,3,0
114.39090601164544,20,9,4,0
657.3817664386827,7,7,4,0
2072.4397711225984,2,4,3,0
227.67866536448986,7,8,0,0
5052.845731755767,14,0,2,0
3414.054862628972,20,6,1,0
4387.420895810536,0,4,3,0
1401.3042512411548,12,3,1,0
2370.976575345746,21,2,4,0
5312.276676447537,17,9,0,0
7722.595275425047,14,6,0,0
408.08210494966255,6,1,1,0
7123.622645237852,14,4,4,0
4617.165204483112,2,1,0,1
4513.5369362112115,13,6,2,1
4004.726888986044,19,5,4,0
559.8057168039462,3,9,3,1
723.5654296306045,3,6,3,0
4809.291485244394,2,8,3,1
2730.963778627289,4,1,2,0
7338.558192288557,10,8,4,1
3255.691346188981,7,6,1,0
1150.5352623276156,1,1,1,0
5719.177073848778,15,9,4,1
2350.3606044208736,9,1,2,0
4206.135107310366,17,3,4,0
5584.173120113835,6,1,1,0
7202.611569060553,4,0,4,1
6338.568602439401,6,5,3,0
5412.5067376424295,20,9,4,1
5438.667293249173,5,4,0,0
7567.667529036532,23,2,4,1
2370.113659484806,0,0,1,0
13.891193098518324,10,8,1,0
2179.2767023885986,12,7,1,0
1747.041580115818,11,5,3,0
5296.367507986415,0,5,1,1
5071.5242401254045,20,3,0,0
4749.723754724267,14,1,4,0
134.86632845958235,0,3,2,0
5831.580545332927,2,1,1,1
2591.6256478215046,14,6,4,0
5322.122632108016,8,8,3,1
4454.844535874716,13,1,4,0
2745.1337487961177,22,8,1,0
1080.9372554973415,21,8,1,0
759.8790867955452,23,7,1,0
6652.989073232227,7,0,0,0
7347.588348942056,21,4,4,0
5200.055433880575,3,9,2,1
831.9557483095646,19,3,0,0
3219.2075990214844,19,6,2,0
5832.868904840732,5,7,1,0
6239.6679676604945,0,9,2,1
950.1578852172534,17,7,2,0
5.245597168832415,5,1,0,0
5698.535681815437,13,2,0,0
2855.986427009714,10,9,4,1
2039.5782462879906,16,9,2,0
108.1152709672559,8,6,0,0
4324.69375705819,21,3,4,0
6809.950129730724,6,5,2,0
7661.26501194934,13,7,2,0
4528.130880153248,16,7,1,0
4118.118315280454,7,6,0,0
685.0258019864826,15,1,3,0
4393.238048333085,11,1,0,0
3042.93273632833,11,2,1,0
4859.046570664197,4,3,4,1
3112.8671512729907,4,0,0,0
1926.1914919856822,13,4,2,0
764.2473754508701,5,6,3,0
2522.7729644882215,6,9,4,1
777.6754501305795,22,4,0,0
1419.2911218377515,20,6,4,0
7898.75258784347,16,4,2,0
3555.607937468416,8,9,3,1
4257.314773207608,21,7,2,0
6989.580137254036,12,6,3,0
7964.573359423049,8,0,4,0
4663.802022510728,15,0,0,0
6500.728199248152,3,4,3,1
2618.893489571719,1,1,2,0
2449.422939791092,12,8,3,1
3224.616249351509,12,1,4,0
5381.695565075825,18,8,4,1
5459.122555594515,11,9,4,1
2525.339280022359,3,1,0,0
1070.0133434723464,9,3,4,0
5061.008070441741,15,2,0,0
1030.9652681991722,23,5,1,0
4630.047603293494,18,3,3,0
5548.90991381019,7,8,2,0
5606.388913673641,5,8,0,0
6029.009524723476,3,9,0,1
6983.511075417488,6,8,2,0
4002.1721407584837,13,2,3,0
5843.342270288922,12,2,4,0
4955.286019249865,20,3,3,0
1497.1863186824721,4,8,0,0
210.3887107309183,8,5,4,0
2279.9083784870854,2,8,1,0
3547.054482169267,9,7,2,0
4938.762025707107,14,6,3,0
6800.424847373127,19,4,4,0
1573.9845050657943,20,8,2,0
1008.7705702383244,16,3,3,0
7708.022180057249,22,3,0,0
868.8162522143749,23,7,0,0
3830.5361055069775,5,3,0,0
4686.582011702449,2,6,1,1
4333.288495154969,17,3,0,0
692.8270954783809,4,0,0,0
460.93017745893684,12,9,0,0
848.3400025509802,0,8,4,1
4686.773532561537,16,3,2,0
4357.037376636397,2,2,1,0
1873.7576323337703,18,2,3,0
5104.004264055505,20,8,1,0
6561.439678934917,19,7,2,0
337.4237839735172,21,9,0,0
3987.548898666599,11,6,0,0
5516.036744761009,7,6,3,0
2022.233856922148,7,3,1,0
2465.628387818727,14,2,1,0
4911.035034400124,10,3,3,0
7183.992671082677,19,5,1,0
6480.345740321681,0,3,1,1
4667.12610170117,15,3,1,0
5843.122633469207,13,1,3,0
2921.75564931135,6,6,3,0
5129.519397149568,5,5,2,0
3732.121821064818,20,1,1,0
1523.5394109781994,3,4,2,0
5615.397499648671,21,5,4,0
4453.934775603832,7,4,4,0
2872.179547718963,21,3,1,0
7291.156824678653,18,8,0,0
172.36827202473248,2,2,4,0
2529.606344239721,3,1,0,1
459.76677523228426,12,8,2,0
6133.385893191909,20,7,1,0
5618.349095639772,1,8,2,1
2654.160988796855,10,9,2,0
5406.924903145549,15,2,3,0
3170.518123436619,9,0,1,0
6051.249062422362,14,0,3,0
3636.198383579965,9,2,2,0
3301.176424014166,1,3,0,0
7478.165674328966,5,1,1,1
2010.7784036261482,13,7,1,0
967.9764832725406,1,2,4,0
4678.422190509368,9,3,0,0
7754.72788921201,16,5,0,0
3025.8245137488575,7,9,2,0
500.98392521210826,15,5,2,0
2717.745612139992,13,1,2,0
4049.92357628487,9,5,4,0
1299.5744380245485,12,3,0,0
5266.527233361654,0,4,3,1
7982.0063651365535,9,6,0,0
3616.657110471643,21,6,3,0
2841.05481105805,11,5,1,0
3208.629813841561,16,9,3,1
925.5936962696331,23,5,1,0
7066.7724434026595,13,5,2,0
3321.531115893209,4,3,0,0
3101.258919341606,18,2,2,0
5279.223732079142,4,0,0,1
3539.0572003443326,14,2,3,0
5187.626583118729,12,2,0,0
496.26308959564614,16,8,3,0
6510.718133059208,0,2,0,1
7524.329103270824,13,7,1,0
5191.8792623442905,3,7,3,1
7636.754601226192,8,2,2,0
1215.7013533878564,16,9,2,0
3821.9424348954276,2,9,2,0
4816.4448378938505,12,5,2,0
4655.984496132388,11,7,1,0
3214.6869238169006,15,7,1,0
2707.98485288326,3,9,4,1
1018.9580602905983,17,9,4,1
3136.980892245414,22,8,4,1
1305.4732167683537,2,8,4,1
5876.253583555286,16,7,0,0
1674.603329279247,0,6,3,0
473.22961574984816,18,9,2,0
4421.167271848788,21,2,0,0
4763.8617130916155,3,6,1,0
6975.944924937641,16,3,2,0
4617.967991279366,6,1,3,0
2767.1194255189484,1,7,3,0
6425.079992802933,11,1,1,0
4324.529751033431,4,0,2,0
638.845875626378,15,4,4,0
4528.975229704407,7,9,2,0
7264.608270646191,22,8,2,0
3173.5194408582734,7,4,3,0
2374.1247861889015,12,1,1,0
1152.0383088590704,13,9,2,0
1215.8069478731818,10,3,0,0
3465.008017312842,5,7,0,0
4767.460194171429,15,6,1,0
649.5201643309659,22,4,4,0
7516.8508692562,21,3,2,0
6042.293271474341,14,4,2,0
4695.058226677883,15,6,3,0
6628.367174157232,12,4,2,0
646.0931207128458,11,7,4,0
3817.3268274763295,17,6,2,0
5042.594549258999,17,6,2,0
6630.079984415723,13,8,3,1
6268.839132593896,1,7,0,1
2220.16865145863,21,7,0,0
7527.3369556258385,1,5,4,1
999.1450022398085,2,6,1,0
7001.693280876111,23,7,1,1
7767.667295588925,7,4,3,0
1421.3424181648913,10,9,2,0
5777.918183309263,11,1,3,0
327.0827226300977,3,6,0,0
3246.355486987544,8,9,4,1
4132.684977085404,23,2,1,0
4647.258581147525,16,9,2,0
7487.818299747233,23,7,1,1
5379.644244917086,15,5,0,0
3852.8172199978,16,3,2,0
6478.351914945785,14,1,0,0
7604.509903530499,19,6,1,0
181.41885871491527,21,0,1,0
7860.25757168703,6,6,0,0
693.6264518141243,9,9,2,0
6516.022300253747,3,9,0,1
2246.276346648543,23,6,2,0
1061.7763637422047,23,9,3,1
3521.64583951211,13,2,3,0
5153.43285268367,13,3,2,0
3050.710000962683,13,3,0,0
441.2504392201782,13,3,2,0
4797.69181157144,21,8,1,0
7219.7141925048445,19,5,0,0
3068.806850748277,17,9,2,0
1734.5805571584622,14,8,1,0
3543.4058807328593,22,3,4,0
391.65987483500305,18,6,1,1
6564.798237919797,12,9,2,0
6611.594783546743,11,8,0,0
4706.063705119879,18,9,0,0
2828.057597062424,18,2,3,0
6399.267998744038,19,2,2,0
4439.722763182996,1,5,1,0
6608.328806857379,20,7,1,0
5053.51304670125,2,0,2,1
6276.321758336315,9,3,1,0
4790.511130775991,4,7,4,1
3316.0578403842514,11,5,3,0
7663.777150109469,6,1,0,0
4331.205029906364,8,7,1,0
4842.690700731604,1,0,4,1
1767.7986771209203,9,0,2,0
5007.078061471076,5,6,1,0
4575.003157616136,11,9,2,0
1482.7829915864645,5,2,4,0
481.398843338384,2,7,4,0
4836.852761119595,9,8,0,0
6110.719693455812,8,7,2,0
4189.593960521455,19,0,3,0
1818.0471394305673,4,0,0,0
5333.843203660815,2,5,2,1
645.44528424377,4,0,2,0
3537.460469891627,7,7,4,0
1311.1172333953693,7,5,4,0
1479.7501132237676,13,4,2,0
1622.3401235198382,23,5,4,0
3096.7229210666032,21,3,2,0
413.945893935079,16,0,2,0
3185.35856022814,10,6,0,0
4096.101039682033,15,9,0,0
3868.93780830577,5,8,3,1
3065.3588827223093,10,3,0,0
6713.977131525666,9,3,1,0
1166.8869059019303,22,8,1,0
4048.045466532085,8,3,4,0
501.0211285676516,23,9,1,0
573.8896526288884,23,3,0,0
4593.057468168385,14,7,3,0
4530.317306978129,6,3,2,0
7024.877935191434,17,8,3,1
4465.200036902285,0,7,0,0
7678.529208136777,14,4,0,0
394.3153129574385,1,8,0,0
788.5714398220248,21,7,4,0
357.30656325519925,1,9,1,0
1486.2884184166526,9,3,0,0
4332.4545369787165,19,3,2,0
5166.349590512287,14,0,1,0
369.453337799607,9,3,1,0
7568.037264315566,18,7,4,0
6738.112186319797,21,4,3,0
2376.4167948459594,12,5,1,0
622.1143041606114,23,3,1,0
1363.2471503863628,10,4,0,0
1019.9205879710065,21,9,2,0
990.65381549508,1,7,0,0
4150.900700882543,20,8,2,0
1970.5503027347354,12,2,1,0
2868.3270336505097,21,9,2,0
7916.095140407658,21,3,0,0
5476.092420158131,20,0,0,0
7592.100433040776,0,4,3,1
1144.739657489759,4,3,4,0
3060.2051012863913,20,5,3,0
4440.080767242423,21,5,1,0
618.6807048004605,6,9,2,0
38.47861180552313,12,5,0,0
5365.122498706356,12,2,0,1
5136.347036827476,19,6,0,0
3289.256535946896,22,2,0,0
3919.704387876101,20,5,1,0
3326.4667897337563,5,9,4,1
196.9203335348864,19,0,3,0
2686.2959917086123,11,7,3,0
1420.7726319013323,7,6,0,0
791.9013918654431,8,8,0,0
7653.979868945352,17,2,2,1
4796.881001712114,10,7,0,0
5830.6069924716385,19,1,3,0
2526.3331274126094,10,8,2,0
3148.2113003046516,23,0,2,0
1899.2073312043042,23,9,0,0
780.2405393685708,14,6,2,0
1436.3579413454625,8,9,4,1
6381.124792145404,2,0,0,1
5421.978712444287,16,5,4,0
4377.696363503888,16,0,0,0
3803.343533569811,2,3,4,0
7379.862097830715,18,6,0,0
586.5159074904539,8,1,3,1
2248.4035018371383,16,2,0,0
2802.753139297859,22,3,3,0
6260.494368641239,17,5,1,0
7940.154388194961,22,8,1,0
1929.1607654834388,14,3,0,0
6995.087136425959,0,5,3,1
6645.8289696521715,9,6,3,0
1801.135894145924,7,3,2,0
3197.6639786927844,9,5,2,0
3280.3345899936903,1,2,4,0
7825.874244869834,18,4,2,0
1451.2307515242921,13,9,0,0
6394.2679789827325,7,3,2,0
2676.870749814014,18,6,2,0
5848.3084144804025,0,5,0,1
3362.9879793438245,15,6,0,0
4628.986306116737,23,5,4,1
6661.731127742419,14,1,3,0
6434.303692046154,19,6,2,0
6932.053352399903,23,7,1,1
481.64051613054886,4,6,3,0
5537.94417155276,2,3,0,1
1124.199076890494,16,3,2,1
3329.469451307196,9,4,4,0
4390.964378362234,4,8,1,0
3224.902180550912,10,4,3,0
4159.295348045045,5,1,2,0
7972.22783884496,3,4,0,1
1086.0624231342736,6,2,3,0
5405.271082464722,18,9,1,0
3171.0277262529935,6,7,0,0
1068.4133422640937,13,9,1,0
1274.1004231776046,16,9,2,0
7594.438484433707,22,1,3,0
7037.413966210537,16,3,4,0
7256.800473518099,12,4,2,0
7932.304542739956,0,3,2,1
1670.481543118101,1,4,4,0
2846.737502225674,17,9,4,1
5355.406144249309,3,3,0,1
3873.001306185875,12,2,1,0
3350.024319359776,0,0,2,0
2865.7009384380663,3,3,0,0
4752.276152387901,1,8,0,1
4606.869461977456,3,0,2,1
1295.8553833435994,15,6,1,0
3776.56000095992,3,2,4,1
4430.006850797749,8,7,2,0
4564.444075157467,16,5,1,0
1684.8070073342526,20,0,4,0
5939.459781057033,22,9,3,1
206.46676309445172,19,4,2,0
2841.8806850675855,20,7,2,0
6242.80012504239,1,2,1,1
4513.3239038379415,2,3,0,1
2092.9936479243274,22,6,0,0
5561.150189147666,14,5,1,0
4541.290598527807,6,6,2,0
6370.9676576038155,3,8,2,1
5881.526363587638,11,8,2,0
4882.812836679696,0,1,3,1
3907.980514109958,16,2,0,0
1069.7910947118496,3,3,3,0
2094.3574779936434,3,5,2,0
3355.700285972097,21,4,0,0
4796.3977996160775,22,5,2,0
4112.094302446362,8,7,2,0
2309.0352850464383,20,1,1,0
56.682540528735856,9,5,0,0
3972.4325790970074,18,8,2,0
2288.5797785551335,18,4,4,0
5878.193364180728,14,0,4,0
196.4503908375155,21,7,2,0
4680.698351389798,16,3,1,0
7532.086528860993,6,7,2,0
1399.4020905564387,2,3,4,0
3775.83767855101,4,7,0,0
735.9188245780197,15,8,1,0
5007.326888529514,22,4,2,0
4406.500786366823,6,4,4,0
3261.887366081595,15,1,0,0
4173.409286682561,8,8,4,1
7173.114394459736,0,3,1,1
1574.372946976981,2,2,3,0
185.40327108425114,7,1,2,0
6894.010753169312,17,2,0,0
4619.051073691312,23,3,1,1
7125.81435141743,23,8,1,1
4777.5770611883145,17,5,3,0
6482.237914227821,23,9,3,1
3440.238540024408,18,4,2,0
6000.130150649709,6,8,2,0
7304.766527784399,19,7,1,0
4579.123094959039,5,5,2,0
1450.3772787462244,10,2,2,0
2154.0369321664343,4,6,3,0
1593.1633922947592,11,9,1,0
1978.6219356278846,0,5,4,0
2454.791517561536,18,7,4,0
4443.294625091742,10,5,0,0
4705.993077563343,14,9,3,1
3414.8654791986796,15,3,0,0
4925.28913466758,2,9,1,1
657.1915302628705,10,6,4,0
706.8669552799889,10,6,4,0
1378.7765355594793,9,7,4,1
4147.029596832556,1,1,0,0
1715.887456193017,19,5,2,0
2269.8588059231556,4,2,0,0
3205.5011252030877,22,7,4,0
6495.869661462987,22,3,3,0
115.82777662331665,7,3,3,0
5196.783667791796,12,1,0,0
5352.667865670279,14,5,0,0
6390.2529639513095,1,5,1,1
7462.3597477872045,11,0,0,0
166.00210234957217,23,7,0,0
1234.5007255781634,7,2,4,0
7089.939495977665,20,0,2,0
3670.855904685188,18,9,4,1
4518.902158273041,22,0,2,0
5305.902493766564,0,0,4,1
5434.137502942621,7,4,4,0
7454.264524515483,9,4,1,0
7975.610592206299,12,0,2,0
5762.658900142867,4,4,4,1
2301.3335675951807,21,6,4,0
7038.620456343277,8,4,2,0
398.521211753389,9,8,1,0
1852.4914187315972,13,3,2,0
7179.598811122401,23,8,1,1
2053.2511579426427,10,7,1,0
1769.105221675879,13,0,3,0
1109.3117186562768,2,3,1,1
6873.598502387097,20,6,3,0
4002.965782232738,15,0,0,0
5400.771158417968,19,7,1,0
1916.3357406798623,16,1,2,0
6065.533165984676,4,7,3,1
6081.244331971978,6,3,0,0
2504.2212091418596,16,7,0,0
3288.4076509172114,19,0,1,0
1681.4737680544558,21,4,2,0
7812.60538146662,10,8,1,0
5166.592603582001,11,6,4,0
7476.678326320547,23,2,0,1
2430.5674213149196,1,3,4,0
6256.217849410134,18,9,4,1
6128.039857858513,4,6,3,1
5534.786936672999,10,5,4,0
7725.283607258069,22,3,0,0
3151.474912169993,18,2,0,0
1050.0850021001095,6,1,2,0
5375.312329656266,20,9,1,0
5835.831854815264,21,8,2,0
4602.609284803223,5,2,2,0
1658.5090556015032,10,6,1,0
4038.1252536464963,13,0,0,0
2500.9569438701897,3,7,3,0
3422.594892692679,7,0,4,0
5163.522513878088,8,1,3,0
5962.991867813223,1,0,4,1
1861.6364037562382,10,3,1,0
3245.576258372392,19,1,1,0
2156.9467600780754,21,0,2,0
1593.0597528256435,6,0,1,0
6268.180823866728,3,1,4,1
7274.475292023754,23,5,3,1
2965.006324548191,13,1,3,0
6011.475000368266,23,1,3,1
7176.477338468467,0,7,3,1
6769.763063189202,23,4,2,1
1466.5930413711112,11,7,3,0
7650.553592699323,18,7,4,0
3016.5281412335526,4,1,2,0
2717.2290860848216,7,6,2,0
504.1384615858538,10,8,2,0
3891.9583645685398,21,7,1,0
876.563857049225,3,8,2,0
1992.0758683147708,14,7,4,0
2538.9562610294147,19,3,3,0
6471.5664563160135,11,9,1,0
7004.531759915193,19,6,3,0
2423.2182081044502,21,8,0,0
6870.291479350369,22,8,1,0
6858.561344271479,20,3,4,0
6118.384348327064,9,6,1,0
1177.8274365513764,23,5,2,0
5524.131160971328,15,2,1,0
7560.467396321647,22,9,2,0
5461.91112774342,7,5,3,0
2656.2767086171325,19,7,1,0
4007.131642859496,7,1,1,0
5167.571721591674,5,2,4,0
4087.010417784386,2,7,0,0
964.0237691391037,7,3,1,0
2499.952036992905,22,3,3,0
6420.156264276292,9,1,2,0
6892.037278533662,4,9,3,1
1102.713761560984,10,0,4,0
7619.332085427804,3,6,1,1
2633.9368296996317,16,3,0,0
5300.198341152106,2,5,0,1
6015.842041923665,17,7,1,0
6496.510145929878,7,6,0,0
7566.268869296311,23,6,3,1
2506.7917864904366,11,5,2,0
6868.759104139678,20,3,1,0
1057.8367929724752,15,3,2,1
5641.8020462969735,13,8,0,0
5937.111947464317,20,4,4,0
5423.397313404557,15,8,2,0
2022.2563154005481,3,8,4,1
6984.979960386551,0,3,3,1
1355.023414646308,0,1,4,0
433.8101582090425,21,1,2,0
5741.132599942238,14,8,2,0
3806.428343285706,19,8,1,0
6793.538669569615,19,2,4,0
3070.26014276078,2,4,3,0
1350.387315119164,13,4,1,0
6692.355328796609,8,1,1,0
4393.532504962373,18,1,3,0
1517.6203601608872,7,9,1,0
5764.470068698633,1,0,3,1
4091.353539723557,3,1,0,0
4836.482293011357,0,6,1,1
3689.8822139616223,10,0,2,0
6630.528325624961,4,0,0,1
6637.3539118859835,1,8,1,0
5676.563630485968,12,1,3,0
847.6840122847159,16,3,0,0
6711.636625923031,16,2,0,0
5369.748779360614,17,3,2,0
5577.708207204375,20,6,1,0
2907.047809028954,8,9,1,0
7034.840051475268,5,1,3,0
5804.345943877685,19,1,0,0
905.1607799009098,2,8,2,0
3265.1853850772704,7,5,3,0
7091.6109938713325,2,6,3,1
382.33763007054506,0,4,2,0
7691.525874038186,19,4,1,0
5434.904733714904,12,3,2,0
5052.850941258796,20,7,1,0
2168.1212556214914,4,6,4,0
1994.0903509697207,15,9,0,0
7536.755464811321,20,1,2,0
2389.6882716018113,23,1,3,0
6205.1648472684,15,5,1,1
3148.008776665598,23,0,0,0
1118.3362959237083,11,6,0,0
90.6688050743948,12,7,2,0
4356.33740943693,3,9,3,0
7806.351654298716,8,7,2,0
2956.24386950459,15,2,3,0
2860.7527102743934,0,6,4,0
2756.0124847062893,4,0,2,0
4166.747979252343,20,2,1,0
3528.115742977227,4,5,2,0
7039.91744068248,23,8,2,1
4046.638729829305,18,4,4,0
4064.5239163176075,8,4,4,0
1111.28089979085,7,8,2,0
7862.002629578536,18,8,3,1
2003.5332624962932,17,5,4,0
591.5457193395233,14,4,4,0
5306.8542605567945,3,9,3,1
4764.9541294041965,14,1,0,0
3324.089503672002,12,7,4,0
3380.426909876021,17,7,4,0
6281.586048766218,19,6,3,0
1569.7225575966943,4,7,3,0
6562.9252849643935,17,2,2,0
5191.73317559067,7,2,2,0
3354.6633413672976,0,1,0,0
3666.9387895880295,18,0,0,0
2056.894421452836,22,2,0,0
6018.154089912314,16,2,1,0
4105.433564730615,1,6,3,1
2570.2320692849994,18,9,4,1
4770.420675508797,15,8,3,1
7965.896944150328,17,0,3,0
3484.921925854148,1,7,0,0
7365.927749225063,5,0,3,0
2763.409635196906,6,2,1,0
442.58799186526215,5,3,4,0
1637.9156404155888,5,7,0,0
3352.4676709048354,8,0,2,0
1760.9812541135793,7,1,4,0
6.815170554953022,23,4,2,0
7320.437294291481,21,5,2,0
6751.815892791277,20,4,3,0
5939.626390738143,8,2,4,0
1346.6776921899989,11,9,1,0
967.3067917988385,17,6,3,0
545.4999720317034,22,0,2,1
5793.613364239505,5,1,4,0
7430.819645699643,22,8,3,1
3447.133888199731,3,3,4,0
957.5296726084051,6,7,0,0
4101.580601753192,17,8,1,0
2793.911100131748,19,6,1,1
3001.7252701782318,4,0,1,0
4972.53834012488,17,4,2,0
5751.151315531308,9,5,2,0
889.2757729909209,7,7,1,0
289.5438952977787,0,9,4,0
7954.67076997229,14,7,0,0
1865.663149579837,2,8,2,0
435.3750466431303,14,8,3,0
1523.0532561218802,13,3,3,0
316.46798155597145,0,5,2,0
3137.5281024642873,20,2,1,0
6420.202266688338,7,0,4,0
2733.2493758129763,6,5,0,0
3556.2463379925407,8,0,3,0
5406.316254671673,17,8,2,0
4073.608090208692,11,5,4,0
6892.258259740487,7,0,1,0
6928.955221990824,7,2,0,0
84.23601045177337,5,0,0,0
6225.480220333177,2,1,3,1
3688.5651339321826,1,5,3,0
7910.780127722786,13,6,2,0
3868.440446624104,7,0,0,0
7895.2330833794385,5,9,1,0
6037.782042839864,3,4,1,0
1992.596052483384,4,5,2,0
4309.467859399227,20,3,0,0
7937.124437631269,12,5,3,0
6860.95720897663,8,4,1,0
783.4483158608127,12,6,4,0
5652.444114495918,8,3,2,0
2767.90878903715,23,0,1,0
60.823183733383196,23,1,4,0
3230.8303473708615,15,5,4,0
1881.8616016911456,11,9,1,0
6551.85981781117,1,1,2,1
2701.958217721895,18,4,4,0
6621.0519331607675,15,3,4,0
9.780520984188492,23,6,0,0
2466.0141044588227,12,3,0,0
1933.1158883905568,4,6,0,0
1872.3710517435447,22,7,4,0
550.1520250248743,23,6,4,0
1501.0585419319614,5,1,2,0
4446.618811235531,20,0,3,0
2334.431777337767,23,4,0,0
3342.0712847215377,16,6,3,0
3018.050708375772,16,0,0,0
7007.859875374157,16,7,0,0
7242.865497089071,2,2,2,1
3946.190988388601,12,6,2,0
2644.5968227732574,11,2,1,0
858.8716284988973,5,3,0,0
7627.45602065985,21,7,0,0
486.51442447787815,20,1,0,0
2384.713969158402,12,5,2,0
2388.0392783541834,13,9,0,0
2566.6082826910183,6,8,1,0
1318.4733119629122,4,9,4,1
6266.375640234959,13,8,1,0
984.3704064180838,17,4,4,0
5081.078739929537,3,2,2,1
995.1489835130105,0,5,3,0
568.9324225556877,6,8,2,0
7275.888881968583,19,5,3,0
1525.0794867180518,12,3,4,0
6570.894985704836,3,4,3,1
4359.323814501551,12,6,4,0
627.462874272113,3,9,3,1
7643.808290547349,2,2,4,1
1979.4545301001808,7,8,3,1
6877.864536094089,19,0,4,0
1354.6359962475906,7,7,1,0
6832.273342724114,16,4,0,0
110.76435917782541,14,9,1,0
4096.684750272998,3,8,2,0
6156.693422475347,5,1,3,0
7478.690162354803,23,0,4,1
7274.071078970864,21,9,1,0
6557.9008320334215,5,6,1,0
7106.089840542126,9,9,4,1
1597.7613882674266,3,8,3,1
2277.0534442152716,8,4,2,0
2315.303356743863,15,3,2,0
3019.546178358582,6,3,2,0
3149.5987597295834,13,7,4,0
4358.71982061413,5,0,1,0
1283.238708114699,0,0,2,0
5531.517076968985,17,7,1,0
1344.6944817395295,11,1,2,0
2485.9163144258573,21,9,2,0
4029.2443191962016,14,5,3,0
6372.5422893802015,0,1,4,1
5917.056519743624,14,4,3,0
5166.047179502126,14,2,1,0
1250.4072183384603,15,6,1,0
4378.627538196544,20,8,4,1
704.1347818900841,0,1,2,0
3022.0185984892228,2,6,4,0
3311.0646596682236,11,7,2,0
323.2924583688018,6,9,0,0
2195.5348552624246,4,7,0,0
7645.417490795582,0,6,4,1
7629.292699598368,0,3,0,1
2821.8547987490515,14,3,0,0
349.5853710418508,7,9,1,0
1436.8640399288115,10,8,2,0
3140.7812585011534,13,9,0,0
7582.498685263992,22,8,3,1
1133.8865129797935,12,4,1,0
6109.309170127357,18,6,2,0
873.9169023006632,11,6,1,0
7850.154331243259,21,8,3,1
3056.0239103775343,18,6,2,0
6203.000138497953,3,7,4,1
2744.0157070749988,3,6,4,0
5023.212672884675,2,3,1,1
1540.1685974965937,5,1,4,0
1172.4380492792154,4,2,2,0
7504.82279584721,10,6,3,0
7341.5899868459455,8,8,3,1
7100.314177001995,2,1,4,1
5005.340434081915,8,6,0,0
6467.104348674145,11,3,0,0
556.9503106064425,2,6,0,0
2681.6383899159796,19,4,4,0
2513.056482433464,16,6,4,0
5086.9843490111425,20,5,4,0
2850.882398897771,11,1,2,0
1192.311719241228,17,6,0,0
4773.754267931282,3,4,1,1
6515.999445749307,9,8,2,0
3060.0773382074854,17,0,2,0
1062.4883772123612,7,0,4,0
1577.5221375160204,8,1,4,0
1903.679024829225,18,7,2,0
2402.681255991317,12,8,4,1
5144.146588697941,5,6,0,0
4809.559148879063,21,0,2,0
5570.158493228478,6,6,2,0
2903.203366329448,20,7,2,0
6592.8612267804265,5,6,4,0
1636.6808509403033,10,4,2,0
3754.980776407641,16,6,1,0
6408.505078723735,18,9,1,0
1445.368388622291,11,1,0,0
883.3555943575597,20,8,2,0
7070.053321665478,20,1,2,0
2746.722653759771,23,1,4,0
5472.541648647711,12,4,3,0
207.66209109018814,17,7,3,0
5521.92487283355,6,5,2,0
2532.2299858180295,22,8,0,0
450.6481244315967,4,5,1,0
4880.453028577195,15,4,2,0
1930.2265095050202,21,0,2,0
3097.5239002047806,3,7,0,0
649.2435942306762,22,2,0,0
1181.5701925040878,0,1,3,0
2387.3279977892707,3,6,2,0
722.6272069784563,2,1,2,0
7287.05598616709,3,0,4,1
53.34611025590745,0,1,1,0
3873.4624498201697,11,5,4,0
990.3634277697488,12,1,4,0
2464.8943203761987,1,0,1,0
7408.846180747032,8,0,2,0
1297.7479534255249,6,3,3,0
7726.8293961480695,12,7,1,0
1650.3260440304266,21,5,0,0
5933.821037192302,1,3,2,1
4375.684732854007,0,5,1,0
7076.40742713609,17,5,1,1
4434.176077747532,6,8,1,0
4278.800957154688,17,3,3,0
1567.6867129453572,18,5,4,0
1334.0037496030116,7,9,4,1
7332.330763168536,22,0,1,0
2626.066399806022,11,6,1,0
2979.797628428353,10,6,4,0
6079.790149134965,8,0,3,0
2713.8937419703448,3,7,2,0
7616.739260878827,6,4,4,0
5904.732513145408,16,8,1,0
4781.446794374493,10,7,3,0
7047.756808555296,1,2,3,1
401.5992372541146,22,0,1,1
2060.216224052724,17,2,0,0
3722.9654920961752,21,1,3,0
1819.6934230748107,11,1,4,0
5952.521972480705,8,3,0,0
7354.0682082745325,10,1,2,0
3393.0421088477324,4,7,4,0
2740.3501378946003,6,4,1,0
7692.598103439842,0,0,0,1
3561.595200456189,23,5,4,0
3914.941961592019,4,6,3,0
2816.4407293735335,5,0,1,0
7276.840041732046,12,2,0,0
4553.7990888383965,10,8,3,1
6098.585824517249,7,6,1,0
6495.394713215336,19,3,1,0
2738.083090128479,1,5,0,0
3472.3861789064385,14,5,0,0
6788.531836378086,9,2,0,0
2909.226536648103,7,1,4,0
6352.511391947551,1,4,1,1
7528.233618982625,20,7,2,0
4987.566932678716,14,2,3,0
5934.310163177852,5,4,0,0
6441.753009768873,4,2,1,1
6761.0919929286565,21,6,3,0
3163.4514361650836,21,5,2,0
414.8513561121054,2,5,3,0
3218.0007885377327,10,0,2,0
5391.6810571237975,10,1,0,0
3605.5513343174384,15,5,4,0
5992.960391128887,2,7,2,1
2859.0745236019675,8,4,0,0
5079.779408126717,2,1,3,1
1495.4263398075268,18,4,3,0
5996.2086459764305,10,8,3,1
4367.839270660142,13,5,4,0
1636.4947864300716,1,4,1,0
2338.829832114969,6,9,2,0
5990.1266251117495,9,5,1,0
3863.3968791138577,9,8,3,1
1732.1713659426123,19,6,4,0
7738.33316701053,0,9,0,1
5722.4245334360185,5,2,4,0
7657.29298615567,20,9,1,0
3419.704837655944,13,9,3,1
3803.427223830305,1,4,2,0
7184.151953399229,5,3,4,0
4202.76947526185,0,4,1,0
5659.6949006858085,2,7,1,1
2021.122155576762,3,5,0,0
3576.578117277611,12,3,2,0
991.9816771537891,2,4,1,0
1651.8103868363087,14,6,2,0
12.54260506471054,12,7,3,0
318.92408793103857,21,4,4,0
7818.38416629955,10,1,1,0
1942.6177926184146,3,5,3,0
5308.169122484495,16,8,0,0
6713.602091902894,4,2,2,1
4407.530371596331,20,6,3,0
1229.3902781712297,23,7,2,0
5826.29091650265,7,5,2,0
4804.010023746167,20,2,1,0
5851.348461832264,23,0,2,1
6159.124249742412,9,2,3,0
7803.405889639537,6,5,0,0
4590.638423813546,16,3,1,1
2736.4206959613616,6,0,4,0
5189.474132417396,23,5,0,1
552.1834703947959,18,0,3,0
7179.691559981083,8,7,1,0
959.4511856488833,23,2,2,0
2626.103488897117,1,2,0,0
6526.884318105836,21,0,1,0
4780.512464754041,19,2,4,0
3152.1159846181495,18,6,4,0
3790.118096703296,5,9,4,1
6837.106408651432,9,7,1,0
2723.335066548838,12,7,0,0
6957.84923007331,1,2,2,1
709.6347756586484,9,4,0,0
6215.503505483002,9,0,2,0
6781.143326272617,4,8,0,1
1458.6321344345233,21,7,0,0
3445.6205263157426,3,9,1,0
1328.1706984359266,22,1,4,0
5654.300011308771,1,9,4,1
4285.105405652946,6,0,4,0
5084.410156933027,17,3,4,0
1575.913300814908,16,8,0,0
1697.9081671090942,10,7,4,0
336.7711174517014,20,2,0,0
2579.9299438898593,17,9,2,0
4480.158567362731,7,5,3,0
6864.189637408644,11,8,3,1
5337.084942432152,23,9,2,1
3485.9936055810126,0,7,0,0
7625.195314581131,19,9,4,1
5755.365378603776,20,4,1,0
7441.670796886087,11,8,0,0
4223.065846310965,5,8,0,0
2074.939676971151,2,2,2,0
427.3493574859523,4,7,2,0
5810.048387613385,13,3,1,0
974.8174690542453,11,9,4,1
2425.6871505343775,12,6,3,0
4262.10490853176,12,9,4,1
4517.5106192990825,16,7,4,0
4806.662659912153,23,6,0,1
1334.2113661458566,14,4,1,0
3041.0005515490816,5,0,0,0
4939.467845800149,11,7,2,0
7758.701822747109,1,4,3,1
5822.410945909011,3,2,1,1
7381.217037966193,19,1,1,0
6098.885406221845,20,2,4,0
4735.777166294742,11,8,0,0
1540.2268362450745,2,1,4,0
5335.151786880642,16,9,4,1
4988.919629849457,5,0,1,0
4821.741017805845,23,1,3,1
3920.838014565985,16,1,2,0
4231.609548894258,16,4,4,0
2678.868004309242,10,0,3,0
4156.904977675214,22,9,4,1
1584.4594658994336,6,7,3,0
6442.369306896212,1,1,0,1
1490.286752816169,18,5,2,0
684.305487666284,1,4,1,0
3492.7869807254733,21,1,0,0
5268.167978850965,12,9,4,1
3504.5460153436634,23,0,4,0
2217.649284950712,23,5,2,0
4467.578615204074,15,5,2,0
2779.2836716205384,16,2,2,0
7463.277182562431,10,7,4,0
7381.547891130559,8,8,4,1
4021.4627006769033,23,2,1,0
2626.432532175977,8,8,2,0
5898.373649583329,13,7,3,0
298.5199831471178,12,4,1,0
3800.7782033189915,10,5,3,0
2693.9055371913164,11,0,0,0
7364.684401394925,21,4,2,0
100.96420304509692,2,9,1,0
4424.754931368201,0,9,1,0
5926.605330627674,7,6,0,0
3882.7188102547098,18,0,0,0
687.7972261509597,12,9,0,1
7779.828813273079,6,8,1,0
4146.493398851903,12,6,4,0
4915.419023330496,5,3,3,0
1896.695212746521,2,3,3,0
3870.5671904288965,5,9,0,0
3436.0501882067833,2,6,4,0
603.79225680586,12,5,4,0
853.7520266120005,12,2,0,0
6700.592794352103,12,8,2,0
1922.3605178916891,0,5,1,0
1563.6913806315513,7,1,2,0
4041.767052744863,4,9,4,1
6151.133315243291,19,1,0,0
500.26241603900843,16,0,1,0
4616.579317507855,8,4,3,0
958.087490510384,12,9,4,1
296.50610135081956,12,5,1,0
426.687897536928,4,2,1,0
6674.1420451264885,13,3,2,0
948.1900066063522,10,4,3,0
365.98515847627414,13,3,2,0
3506.009597707584,6,8,2,0
6752.727808176488,23,2,2,1
2102.954970031969,16,4,2,0
3376.5923771197013,3,6,4,0
324.18064784719104,9,6,3,0
3595.3827205083326,9,5,2,0
4623.016579693884,14,8,4,1
4569.401894748397,19,6,4,0
2662.7514039340494,11,3,1,0
2527.6877794017682,8,9,1,0
857.4558333981001,2,8,0,0
2937.5525735669157,14,5,4,0
800.4598776393524,11,0,0,0
6133.934577972853,14,8,4,1
7730.363010496746,0,6,2,1
7760.745281050322,14,5,2,0
6921.243439506274,10,5,0,0
4808.333233970255,4,3,2,1
5608.42124946482,6,3,2,0
2285.2203924299106,11,2,1,0
5048.009509280102,19,7,2,0
3647.9181477718203,5,7,1,0
3858.728631516575,21,1,3,0
6063.423600199388,2,4,4,1
2258.937253000027,9,8,1,0
2547.7266954976867,20,8,1,0
7397.51112007345,21,6,1,0
454.5132373335231,3,3,4,0
3887.6462158146564,12,3,4,0
7302.842399260854,18,9,4,1
4884.852247506165,4,6,2,1
4373.524558325996,22,2,1,0
2001.704712938695,21,2,4,0
2749.487535070264,17,4,3,0
6817.12708435852,0,5,4,1
4475.948963488823,20,7,0,0
4120.363839085455,20,0,0,0
801.1398097525313,15,6,1,0
133.14511085870936,15,7,1,0
7709.663083552958,15,4,1,0
3019.004407458299,21,9,2,0
4827.688431485537,18,1,0,0
642.3220101323435,15,3,0,0
5466.498714355757,0,5,1,1
7460.870836104157,19,8,0,0
4607.4436977143705,19,1,0,0
1013.2920023914074,9,3,2,0
4655.863612150446,1,9,3,1
6131.945968771695,13,4,1,0
3254.300209909279,7,7,3,0
7039.3027947920355,5,7,3,0
5191.220212092129,2,1,2,1
7194.495101722174,15,5,0,0
4989.924963422461,16,5,1,0
1054.6473361785697,11,4,4,0
2480.985230285987,18,7,3,0
1618.350611278393,23,9,3,1
7271.067849246314,19,1,2,0
6084.398537963424,2,1,3,1
5412.804959435498,12,6,3,0
2411.2257254548153,15,8,3,1
1476.4379525414572,10,2,2,0
6052.82644847135,19,6,0,0
3795.892777303242,15,2,3,0
1810.18746944428,19,5,1,0
4934.892715431374,1,2,3,1
327.46914784692353,3,0,3,0
2612.731181755387,3,5,1,0
3751.1131717561216,16,2,2,0
1187.9268812046996,0,0,4,0
7877.312548338762,0,4,1,1
1676.7334298939659,4,7,4,0
1047.173274695908,21,7,0,0
1632.2613167257366,11,7,0,0
6153.643759611995,5,2,3,0
3406.9177458783834,5,7,3,0
4525.500438321541,16,3,2,0
172.96821010595414,21,7,4,0
280.27831204364986,12,2,0,0
3569.3752708669945,7,2,0,0
6534.15866939698,23,0,3,1
7082.484835266984,11,7,3,0
698.2190079271435,14,7,2,0
4309.213001297677,18,8,3,1
7306.271341802768,20,5,3,0
3106.8421714111014,19,1,2,0
6637.378822269807,16,0,3,0
1073.8967569234924,8,7,3,0
7483.478944894051,20,9,3,1
6012.629423662765,17,3,4,0
7530.968470331279,1,6,0,1
5414.554782252289,10,9,1,0
2910.414436335419,22,3,0,0
7505.758474335156,19,0,4,0
2208.156376591882,16,7,1,0
2660.7193138835514,20,9,0,0
5607.963301923914,17,8,2,0
6123.703814705464,14,9,4,1
7435.580853373985,6,8,2,0
1642.395260404395,15,8,2,0
6384.994291577696,0,3,0,1
5909.675696908723,17,8,1,0
515.037477247515,21,3,3,0
3100.8490139756045,7,1,3,0
2265.709829195488,6,9,4,1
2439.400942710473,1,2,2,0
7863.660302039833,11,1,4,0
5144.005420772023,15,0,0,0
5742.820881559029,8,5,2,0
7813.058010333499,19,3,3,0
3020.728250748821,10,6,0,0
6415.7121467801835,14,6,0,0
3479.0750516194403,2,9,4,1
6956.921706160763,22,0,4,0
1449.357042783869,20,8,1,0
7581.750985628915,12,7,3,1
1754.079808744983,20,9,3,1
2613.1329533125477,12,0,4,0
6050.75691168371,1,7,3,1
3153.0723568154267,5,4,3,0
4867.649957247741,5,0,0,0
3559.3651410500806,11,3,2,0
5940.247647032806,3,6,2,1
1830.5083626870437,4,4,1,0
472.37160795883165,22,2,2,0
2402.935532797165,7,3,3,0
3797.0977756231,5,1,0,0
1348.3203172804651,20,7,2,0
2841.6043308028275,2,1,3,0
3202.8642312570805,22,5,3,0
463.847790287747,7,6,4,0
4668.541449232715,18,6,4,0
7075.325706630444,20,0,2,0
1218.1845890596542,10,7,4,0
4784.475067145105,17,8,3,1
5319.5899432622155,9,6,3,0
3357.58076995221,19,7,4,0
5610.275210977338,11,3,0,0
3288.7986902106413,19,7,4,0
4039.575117379592,7,2,0,0
63.787591212643704,18,0,4,0
5535.302312506837,20,7,3,0
5292.434718163072,15,5,3,0
312.0150142241248,20,8,4,0
2949.159608624089,17,2,1,0
7832.359567129381,8,7,0,0
3368.7888177360915,3,8,1,0
4018.0535140290744,8,8,3,1
7279.89161448695,1,6,0,1
5739.508697546722,8,9,4,1
4658.650698338168,8,2,0,0
6383.448427321875,17,2,0,0
6915.608300315506,10,1,2,0
3657.8201335394488,12,0,0,0
3803.491377630024,5,1,3,0
3091.477230536427,8,4,1,0
7733.815589447592,15,0,1,0
5578.8442030513515,3,9,4,1
670.368414333538,1,3,2,0
6904.362188387582,6,9,1,0
3847.0767269859634,14,9,1,0
554.6874818477872,5,0,0,0
4399.989455030672,10,9,3,1
3340.228410410738,19,7,3,0
7022.606491876686,16,4,4,0
1635.936855857052,3,9,3,1
6612.584552890003,18,3,1,0
4463.721086027695,6,2,0,0
441.60937419168505,10,8,3,0
7774.903184097249,12,5,2,0
4103.358876605083,20,0,2,0
2330.560449581502,2,7,2,0
3757.907701704118,13,9,3,1
6863.572979222325,1,1,0,0
2442.700479458583,17,8,3,1
1545.4477899111691,4,6,1,0
1036.9246192123971,12,2,3,0
2386.385890129739,12,3,2,0
6241.484455885147,23,2,2,1
3775.652789736117,23,5,0,0
1823.7154215298522,13,8,4,1
1333.6490718799448,11,9,2,0
2665.172164700481,20,8,2,0
7519.695361221242,12,0,4,0
2747.498567157245,17,9,3,1
7905.0519872573095,12,5,2,0
3884.4174938440224,3,0,0,0
1437.4155267297563,22,3,3,0
7129.665033889108,21,6,3,0
3685.541208212941,9,3,2,0
5678.822391318673,22,8,3,1
7869.774107757168,4,9,3,0
406.1519258081921,17,4,0,0
778.0730055015993,7,8,3,1
5765.0516479947355,13,0,2,0
2258.1909013472987,1,3,2,0
1478.489668616042,7,6,4,0
319.6982291587373,15,1,1,0
179.66446232968343,6,8,4,0
6197.012396942728,2,2,0,1
1079.7952518195523,3,3,0,0
3744.4263246893515,6,3,2,0
4849.145037359966,3,7,1,1
3429.6726455479256,8,1,4,0
221.71768542818367,22,4,1,0
6269.094513190331,16,1,2,0
89.05323021051963,16,5,3,0
6096.309705547985,19,8,2,0
7146.969427836041,13,8,2,0
3465.5551688520923,13,0,1,0
4286.662072416897,12,3,0,0
3818.482223978142,3,3,3,0
3116.722905894393,12,0,3,0
7099.95916028603,20,9,0,0
7151.998417806574,16,1,1,0
2689.8518353090685,14,5,1,0
4922.482683347511,17,9,0,0
7415.625959356184,10,2,4,0
7696.657699036105,3,8,1,1
4074.12752817427,19,2,0,0
3625.3343182481926,10,2,4,1
2233.1610558485636,9,8,2,0
7671.180626157328,21,2,3,0
1146.8003642605745,12,5,0,0
4640.737460501561,21,5,1,0
2263.989388811518,7,0,3,0
2235.671281330634,12,6,4,0
3242.723856072627,8,8,3,1
7990.349521846158,0,8,0,1
444.45562318437743,0,8,2,0
4630.441836537234,14,1,4,0
665.1644034920411,21,0,4,0
1240.3940357741992,3,5,4,0
3519.305719474325,19,5,3,0
4086.128750114798,0,3,2,0
2074.0453048743693,11,7,0,0
2535.0747613409576,10,4,0,0
700.3013269461848,18,6,3,0
2429.2421718347828,14,8,0,0
7732.63472284745,20,0,0,0
7557.935516471491,9,8,2,1
2682.351929645195,0,3,3,0
4568.977220548699,23,6,3,1
7277.215151932,2,3,4,1
54.43966201396891,13,3,0,0
6486.415144849047,14,3,1,0
7587.214574547407,0,5,2,1
735.1492459967887,9,4,2,0
1295.7742498332036,21,1,1,0
7686.166690656986,0,8,4,1
4302.633448404568,14,5,1,0
118.50209260143099,2,9,1,1
2064.7678301144156,20,5,4,0
3602.2996757795327,19,8,1,0
5544.806743643017,22,0,4,0
5866.6172232037125,21,6,0,0
7963.394995839021,11,2,4,0
2303.6520390731534,18,3,3,0
4308.069714438459,15,0,3,0
4268.921765137542,7,2,1,0
3248.133849280664,23,6,3,0
1357.4493412701495,13,5,4,0
7819.765222654822,17,0,0,0
6827.270907399356,22,8,4,1
3989.1725612124264,0,3,2,0
4827.947154358818,1,6,1,1
1821.9521232095,23,3,0,0
4352.577627782017,11,6,1,0
5561.286214306199,16,4,2,0
4123.760391950777,1,0,3,0
7922.329938826605,16,3,2,0
4892.676541700571,20,2,3,0
2970.9348321743914,6,5,1,0
6178.355460788625,5,5,1,0
1367.8477800952282,5,0,1,0
3079.203930581601,21,1,4,0
2778.936808268799,7,1,0,0
3457.2977253866793,4,9,4,1
6255.329708300167,14,3,2,0
3875.9633921464424,6,8,0,0
6353.145529876372,2,1,1,0
4614.0287806032275,9,7,1,0
2739.845130087155,2,0,1,0
6480.780055749362,13,7,3,0
1910.1259160719671,21,2,2,0
1798.941923499365,2,4,4,0
4038.500877818412,0,0,2,0
2090.489721466901,0,0,3,0
77.65084443497449,18,5,3,0
5188.138730753918,3,2,2,1
4091.195102671822,1,7,3,0
3566.914926872824,10,3,0,0
7735.913274373431,23,5,1,1
4571.737475783495,11,9,4,1
6908.135464426129,12,8,3,1
1119.9046384602557,15,7,4,0
4555.8056727197745,15,3,1,0
6944.497115713569,18,9,2,0
4666.930529452785,22,7,1,0
5745.523354125377,19,6,4,0
2979.488324658598,20,4,0,0
744.1338887113475,19,6,2,0
3665.912859540936,8,6,3,1
3158.862729756666,15,9,0,0
6937.146158119684,6,1,1,0
1955.7424423080156,12,6,4,0
7734.040149143189,3,2,4,1
7665.314267836947,12,7,4,0
1984.8149863561523,7,7,1,0
2787.6753840411775,1,8,2,0
7164.968148286711,6,3,3,0
7733.14465606438,10,9,0,0
3550.2956271741723,16,2,1,0
2571.371379898978,23,8,4,1
4211.121635946079,13,8,3,1
5503.71480489405,12,1,4,0
2191.4287504229633,14,5,1,0
5893.103031079487,21,2,4,0
418.00057013155504,20,4,1,0
399.10946965150947,8,1,4,0
3093.370202638634,2,3,1,0
2831.0181705254613,12,2,4,0
2528.4875568603825,12,1,3,0
3930.7030025379354,8,5,3,0
2569.264990581012,17,2,4,0
1542.1020581523949,4,3,4,0
2479.2090449633642,10,5,1,0
7799.359661117828,1,4,1,1
3291.8517688738148,16,3,1,0
3560.4786509823944,22,3,2,0
4614.477194659365,19,1,4,0
7866.809443471741,20,9,4,1
1936.6022051039254,3,3,4,0
5451.850473706809,21,7,4,0
5729.297624866084,17,4,1,0
4860.558712260562,23,9,1,1
713.1838253949694,19,9,2,0
5416.593845241474,7,7,1,0
517.437214734223,18,5,4,0
4771.160483151426,11,9,4,1
5917.951511887833,10,4,0,0
1691.7042755065036,15,3,1,0
6733.767950304478,4,9,0,1
247.6786752363691,2,8,4,0
6751.283844948157,11,9,1,0
3685.330759888907,14,4,4,0
1744.6155797534977,15,9,0,0
1074.5562692267742,12,5,0,0
7626.690804821069,6,6,3,0
585.9613727113478,14,0,3,0
1596.7518923877258,2,8,1,0
2785.8396677272026,11,7,1,0
4963.777617444158,7,4,1,0
4360.684676782406,11,2,1,1
1009.5197218364503,17,4,1,0
2321.3752299870257,2,4,1,0
1913.8204098327626,11,8,1,0
1712.2751216502793,22,6,0,0
3292.0989701574963,20,1,0,0
5633.731463470297,22,4,0,0
1743.5361930768013,1,8,4,1
2936.5976432253365,13,1,2,0
3130.3848275950922,13,7,4,0
7811.7699528361045,3,2,1,1
7637.557523248156,16,3,2,0
6402.099974102847,14,1,0,0
1937.0630719493854,15,8,0,0
548.9583261628992,4,5,3,0
2538.6485810763947,23,8,1,1
2138.0224227234776,16,7,1,0
4049.876772170419,22,8,3,1
6222.934640992005,6,4,4,0
6867.29189633647,22,5,3,0
6759.688362857016,14,6,1,0
2880.6061119784267,16,4,0,0
5499.43857596816,11,0,3,0
2506.1094092061394,10,8,2,0
491.93981816528577,18,1,0,0
5614.014298495524,10,6,4,0
83.57128279545383,1,7,0,0
3276.414786730616,14,7,4,0
2638.3872580700954,4,0,0,0
5548.553420458225,17,9,1,0
6131.132554719229,20,6,4,0
2436.2366145904143,20,8,4,1
6493.957980486604,15,2,3,0
2354.8645002369453,3,7,0,0
3573.379248092557,22,7,4,0
5817.513123478001,9,8,4,1
5544.897232652184,21,7,0,0
7899.010936136039,1,4,0,1
1805.1623886063753,14,4,2,0
5300.231718748961,3,2,3,1
4879.40685666484,15,5,4,0
7321.212143647789,6,9,0,0
1255.1153224507761,11,2,4,0
6015.626317877529,2,1,2,1
4548.307587068803,16,6,2,0
2200.953628954304,8,9,4,1
3798.107138606657,7,2,3,0
2673.5438935730335,22,3,1,0
4636.6106552937445,5,9,4,1
7112.559883463254,14,7,2,0
4556.593350375555,9,0,3,0
5055.62073452104,22,8,0,0
4152.389037682102,5,5,3,0
414.06822403157986,14,1,3,0
1866.7041622243735,13,2,4,0
3938.5538268095015,18,4,3,0
2485.3310935389145,12,5,0,0
1458.1999641007478,13,8,4,1
4035.5420711379143,2,1,2,0
2585.8642986155633,3,4,0,0
2068.570607171451,13,6,4,0
3714.5634124358444,13,6,4,0
1070.6076433669743,7,3,1,0
7422.327135937881,9,2,0,0
6942.278272864316,8,7,3,0
5662.42658299558,13,1,0,0
854.1795515697074,7,4,0,1
6208.138649485196,10,9,1,0
6464.618838231607,9,4,3,0
6143.27811862613,17,0,1,0
916.1572675183331,3,6,1,0
5153.044116756779,3,3,1,1
6675.4267420164415,11,9,0,0
4620.940442751244,17,1,1,0
5173.026964948572,7,7,2,0
3669.616018013318,2,3,3,0
4232.0150224730005,17,0,3,0
279.8429825220431,6,7,1,0
5113.50936067641,0,6,0,1
656.1704670648178,21,2,4,0
3482.941681750086,12,2,4,0
2344.7775058509255,2,6,0,0
4365.696461942646,2,1,1,0
1071.6636025080406,14,4,1,0
5534.688998776679,20,6,2,0
6361.11723774312,18,5,4,0
1311.0188256965362,3,9,4,1
838.9831333782979,12,6,3,0
1168.3962848849364,12,1,1,0
7017.634857378521,14,6,0,0
4227.873147742068,18,1,1,0
3740.7516630799832,15,6,1,0
858.1609937233225,6,7,2,0
5198.2002740219095,2,9,0,1
6944.656737201244,19,7,2,0
6626.346025241006,1,4,2,1
5010.3073983015065,17,6,2,0
606.8533396301307,10,7,2,0
903.6142322722236,0,3,1,0
399.2253519430483,15,1,3,0
2063.546335857292,16,6,1,0
1089.61342994722,15,0,2,0
2084.084081818209,9,1,2,0
3083.5391554730986,16,9,3,1
7544.14735864873,2,6,4,1
4884.956597954628,17,9,0,0
6680.615416535284,18,0,2,0
5684.260248195096,13,6,2,0
904.4625285604208,20,4,1,0
5888.683648959721,1,2,2,1
2204.4155580652,11,1,2,0
5114.667236722677,10,6,0,0
2730.9909792756935,16,8,1,0
7981.38974480095,5,8,4,1
2112.094078576739,18,9,2,0
2236.648113840286,12,9,2,0
7445.724683221374,6,7,4,0
202.03201506739975,21,1,3,0
5575.028458046209,10,0,4,0
5803.984493933345,6,7,4,0
6691.846726396143,12,1,1,0
7795.64228855461,12,3,4,0
7804.937343657436,20,3,1,1
526.8876767438788,0,1,4,0
6575.605385409455,18,3,2,0
5172.247919590764,18,6,2,0
5180.500364312864,22,5,3,0
1031.157663284485,14,9,4,1
5203.246395732998,13,5,0,0
7859.948231906977,2,3,4,1
7294.9894634678785,20,1,0,0
3515.84963313478,19,4,4,0
324.3840464223243,3,2,1,0
2901.5364525516375,6,2,2,0
6611.990541246439,0,3,0,1
5613.4853162140025,22,4,0,0
3677.4525264736812,23,1,4,0
445.5367735948546,18,5,2,0
3418.0233489473044,2,5,3,0
3754.8543930444785,19,7,0,0
7428.801485488617,14,1,2,0
5130.483398139365,12,7,2,0
2496.665068653918,21,7,0,0
4204.919524283518,13,3,1,0
533.1121860381697,6,6,1,0
7780.683044019646,0,6,4,1
2883.6789159361547,12,0,4,0
3825.549502530521,3,0,2,0
2845.4953740241963,11,7,0,0
5461.68128227902,6,0,1,0
5299.5461058450965,1,2,2,1
5724.001872680439,16,5,1,0
2148.8051207473072,0,7,0,0
2528.7695069067076,13,4,1,0
1006.3835926141826,21,4,3,0
5245.80222490967,20,3,4,0
323.17803304854215,0,3,1,0
4783.470272510055,2,6,0,1
6958.218599388812,10,5,0,0
7127.20302557562,6,7,3,0
3595.0568941578435,8,5,0,0
3677.1329872635247,21,9,3,1
620.3686181490988,2,6,2,0
5367.766378417071,0,9,1,1
6570.9690658808995,18,9,0,0
1961.0171615646807,1,4,4,0
3373.3005486587504,20,5,1,0
6711.520497438336,23,0,3,1
7017.578138959992,4,2,1,1
1949.2239422124865,16,7,1,0
4406.812223158207,18,2,0,0
1543.9827393334374,4,0,4,0
819.5207192957546,22,2,2,0
7289.4084086287,20,3,4,0
6564.957496335713,13,7,3,0
6081.479039916376,9,8,4,1
394.88671891105764,20,3,4,0
6750.611697718508,6,6,3,0
3507.162386863543,7,0,4,0
2742.449010750398,7,8,2,0
4374.078506397885,6,3,1,0
735.3691755748289,12,8,2,0
6054.389162072429,13,2,1,0
4661.568439721926,18,4,1,0
1496.7878245009742,10,0,4,0
1509.9164371535196,1,2,1,0
1478.0679693235304,16,4,3,0
460.7340884777122,5,5,2,0
4704.44860272662,8,7,1,0
6723.583679820123,18,0,4,0
144.89822082917186,4,2,4,0
396.792136545332,8,0,4,0
4584.298362112132,6,4,0,0
6556.868004661488,3,7,2,1
2617.2774300962255,17,3,4,1
2800.167118467739,17,8,3,1
4772.790247486723,19,5,4,0
2197.332048547555,16,5,0,0
217.73388679108464,3,4,2,0
5883.15200222226,21,9,1,0
5007.071053966918,15,4,2,0
4648.1442124499945,21,6,1,0
5934.7646112896255,22,7,1,0
5403.47054630849,4,6,4,1
1651.0264954856775,8,0,3,0
2823.0859703120923,1,0,3,0
1013.2505827206069,1,9,4,1
1043.2068222759588,3,5,0,0
5411.184992120531,19,2,1,0
6869.507855325073,19,8,3,1
7702.047007969806,16,6,2,0
5028.635204807808,19,1,0,0
1476.890080270851,20,2,4,0
849.674511864201,18,7,0,0
6503.743517436378,2,0,3,1
4632.158028498194,4,4,4,1
4948.18874300469,9,9,3,1
6252.7893995939,5,0,1,0
5627.701435720951,2,8,0,1
6676.493731584493,16,6,1,0
454.4301741517284,9,4,2,0
5981.427490788306,23,5,1,1
6807.567794790153,11,2,0,0
2292.649664454223,0,2,2,0
5125.375955576056,17,6,3,0
2516.7257003765917,18,6,2,0
7663.97867652722,21,6,0,1
272.22146162185254,19,1,4,0
4640.443786444475,3,1,2,1
1336.1958586608732,14,4,3,0
5699.200540391384,8,3,2,0
1411.2428159322035,5,6,1,0
1886.8891788773687,11,2,4,0
3957.494634310836,17,4,0,1
7319.105425225041,22,1,4,0
1697.6564053230268,14,0,1,0
1158.1989688392378,18,8,4,1
6073.019770672975,8,3,1,0
4007.4531610097783,21,7,2,0
7294.721973492263,23,6,0,1
1177.183384492939,12,0,1,0
5169.193504719199,15,9,1,0
1866.8687734837613,12,6,2,0
1258.2996270698563,0,1,1,0
5469.018174182378,17,2,0,0
4751.508536170322,21,0,3,0
6039.845529606838,2,6,4,1
2479.153298687228,16,2,1,0
3586.5333927756087,21,5,4,0
3246.7460522616957,4,6,4,0
7872.795264412281,5,2,3,0
2341.530409131406,20,1,1,0
2362.063820582401,16,8,0,0
2839.612929584716,16,8,1,0
4518.92967991612,0,6,4,1
2022.3203403886432,6,4,2,0
7322.743073332295,21,3,3,0
2129.156091105777,15,3,0,0
7167.046773823757,4,0,0,1
832.2831338544443,15,3,4,0
5254.21880568522,3,6,0,1
7256.349219913758,10,4,4,0
1354.1517599938452,13,8,0,0
7746.774045993544,12,3,0,0
3625.802466522016,23,2,4,1
7565.992291985991,7,5,3,0
5416.176248822226,20,3,0,0
2416.1870246390445,19,1,1,0
1510.4786867122657,14,4,2,0
2433.3616945696695,17,3,4,0
748.6741870550866,6,4,0,0
1155.2243909149215,20,8,3,1
841.7602205701168,18,3,1,0
3386.433632213754,8,5,4,0
6365.649118179404,10,3,1,0
1135.3615159596397,9,0,2,0
1046.9118632128254,13,1,3,0
5149.21445139106,15,5,4,0
1581.47794083469,7,7,4,0
785.3922546813878,0,8,0,0
1338.954382753593,11,3,1,0
7390.232510034825,2,5,4,1
6572.662665945646,1,2,1,1
2835.746176028977,15,8,2,0
5248.2870347825055,3,7,0,1
4300.519010975964,1,0,2,0
5418.6084865430985,11,1,0,0
5462.955863939761,23,9,0,1
5031.728450404644,16,8,1,0
2132.480441455782,19,9,0,0
316.8563339987309,20,2,2,1
3647.25642201092,9,2,2,0
7128.336208102177,19,9,2,0
4558.130581856014,7,8,1,0
6659.966378406753,17,2,1,0
7933.036621975019,17,9,3,1
1313.1115520855187,17,4,4,0
5535.762224940148,1,5,3,1
5395.977121731697,11,2,3,0
7839.743801629436,9,9,0,0
7884.877867952639,7,7,0,0
5494.995500734415,18,1,3,0
1952.7002618976433,9,5,4,0
6389.453925854139,10,1,3,0
860.6979280172496,13,8,1,0
6246.690936852171,14,5,2,0
7282.018012536848,23,8,3,1
3065.7529911736397,22,3,0,0
5046.929183389729,9,2,4,0
3443.9911431141263,3,1,0,0
3504.931614630087,6,7,1,0
2486.41525841942,10,3,0,0
6098.226315500346,23,1,0,1
7489.731630511209,21,8,4,1
7526.3031195795165,21,7,4,0
1402.376372575096,2,4,0,0
6998.575479004246,4,7,0,1
5900.764374209842,1,4,3,1
2026.4350185188625,11,6,1,0
542.9404803075089,20,4,3,0
2147.638148740602,4,4,4,0
7298.104853068297,6,3,3,0
5067.2635057917,3,4,3,1
5769.832013878486,10,6,0,0
2060.933047117221,21,2,0,0
5756.5083038206885,8,3,1,0
229.83144269200045,3,7,2,0
3005.6941594552454,21,5,2,0
5015.893021595938,8,7,3,0
1173.0420415028552,11,1,1,0
6584.913577703243,15,8,1,0
1884.0752340012896,0,6,4,0
5219.987496983478,7,4,0,0
3244.5511548897607,0,6,4,0
4770.368545843789,19,1,2,0
864.0671682681204,18,3,1,0
140.21783537325055,3,6,2,0
7276.967596905508,13,1,0,0
2160.6919200936263,22,7,0,0
6558.31763722977,13,9,0,0
7994.80565227524,8,9,2,0
1695.3929077012947,8,4,1,0
2125.040075760928,16,4,4,0
5304.564002139152,14,7,1,0
7723.7618336319665,9,0,1,0
7326.9357137849975,16,5,3,0
4025.4897829243514,8,1,1,0
6361.906708801163,3,0,4,1
1090.2880955337089,13,6,3,0
7819.618282711078,2,3,1,1
7715.004106117712,20,0,3,0
1314.0130182439718,11,9,1,0
2398.8878828008374,21,5,0,0
805.7392050666016,0,9,0,1
2177.3822031909467,0,5,1,0
6528.5665363745775,12,2,3,0
3029.6332792862495,13,5,4,0
711.7337523383333,15,9,0,0
2741.093070607342,6,8,3,1
7851.159757259034,9,5,4,0
5039.3203440973275,14,0,3,0
3332.2067665172312,7,9,1,0
1336.4754154106736,10,5,0,0
7889.483494283139,23,7,0,1
6567.687829058715,13,6,0,0
2255.4110330951007,12,7,1,0
565.1992222909097,22,7,4,0
457.72133123357645,12,8,4,0
967.4233052967429,8,2,0,0
4648.244825997301,16,6,4,0
7430.463552537912,17,5,0,0
3976.463706907846,18,1,4,0
6744.3491322372965,12,4,0,0
3569.8635257791634,11,2,4,0
5670.125448413763,20,4,3,0
5856.322534605574,19,8,0,0
1395.8398286971926,19,7,0,0
2892.922391511615,7,8,2,0
5100.230741521501,23,8,0,1
570.2193824340077,10,7,4,0
2895.513801164838,6,7,3,0
4280.721732918134,0,5,3,0
7969.814821891886,9,5,4,1
3798.8958331664135,14,5,1,0
6529.373773129017,3,9,0,1
3459.377944107609,0,5,3,0
6372.143827344573,10,8,4,1
4765.341338952767,4,9,3,1
7093.330554811675,18,0,3,0
3290.4857060391287,18,9,4,1
4836.413836472723,3,5,2,1
5041.999351547525,1,7,3,1
3341.976619694784,6,0,3,0
1158.7747892814148,12,5,1,0
753.0074582641228,19,8,2,0
138.28904704406665,20,5,1,0
6988.906442640491,11,1,4,0
1895.616923348363,1,0,0,0
1695.9964605077355,21,3,4,0
5889.603026406394,8,5,2,0
2563.528824133697,15,9,4,1
4050.8273158326333,7,9,2,0
1304.275967053163,23,8,1,0
7678.167043088444,17,4,3,0
6813.393293137813,3,6,4,1
6910.998035605201,23,5,4,1
3257.1561198331815,10,5,3,0
6100.077903588846,16,8,4,1
1155.2898623412923,7,4,4,0
73.90892572128332,18,1,0,0
164.68359596133485,7,7,0,0
4694.880890549461,5,2,3,0
3645.8822674572866,22,8,1,0
4146.532714523615,1,4,4,0
64.66780763566913,14,0,4,0
3384.3795241611188,0,3,1,0
5745.954948800882,5,8,4,1
3544.3361472296497,18,0,1,0
5859.092554466217,3,7,3,1
1867.986620352694,12,7,3,0
6506.070325831395,14,8,1,0
4709.507767425351,8,8,1,0
1690.0509799421004,2,5,2,0
1897.5802044513944,1,4,0,0
5026.103564233448,15,6,0,0
6640.3670477334845,17,8,4,1
3327.9441173230957,17,4,4,0
2070.1119308751,5,2,1,0
6936.75779725025,17,8,1,0
5355.799992547925,10,9,0,0
3587.4434708281965,6,0,4,0
3905.762061258018,22,0,0,0
1638.0304611514891,22,9,3,1
5016.2870273684275,13,3,0,0
2873.146371790395,17,1,0,0
7965.183187511422,6,6,1,0
3844.0672045187935,9,1,4,0
3889.6554214859575,7,6,3,0
4528.9850403483215,23,7,0,1
7334.46424493438,13,7,0,0
6407.540708378703,17,2,1,0
3611.7849080337423,4,8,2,0
5751.0006314525035,13,9,4,1
4691.952812752189,21,9,4,1
3941.4745543664853,21,9,4,1
1542.5646034108825,21,5,0,0
3714.170426321853,9,3,0,0
1970.3196032454844,14,7,0,0
7319.162988063979,5,3,2,0
2686.5774739032936,8,3,0,0
7618.350796194311,9,7,4,0
4266.777044307216,22,3,4,0
5054.197307515902,16,0,1,0
4345.808853692176,0,5,2,0
1039.3980326487736,13,7,3,0
3009.690645968488,3,2,0,0
797.6731676596033,1,1,3,0
4985.517583246137,2,5,0,1
3577.7591906275093,6,0,2,0
6224.98984770964,22,4,2,0
1767.6614955899618,13,5,4,0
1320.7056371425326,11,7,2,0
3253.626186555324,18,6,3,0
7413.050138830957,17,5,3,0
5684.822411024232,14,1,2,0
3354.294380219385,0,7,3,0
4140.590997185713,2,7,0,0
678.2830243609012,14,4,1,0
7876.6842915270245,3,2,4,1
5332.926401035877,14,7,1,0
2286.8055273650625,9,4,3,0
4688.538111750879,5,2,4,0
880.3115167216068,12,8,1,0
7726.864167116631,6,8,1,0
1402.4059781275107,21,6,3,0
5186.002392851437,0,7,4,1
1967.408427998749,21,4,4,0
5741.903254275044,10,4,1,0
6215.686831086047,13,4,4,0
5388.990732646904,5,1,4,0
4917.923184740264,4,2,0,1
7140.290406146333,18,7,3,0
633.6205543631155,18,5,3,0
2650.6635524126605,12,8,0,0
1990.0583996486134,6,6,1,0
7904.171626713046,7,5,2,0
3118.1712884366534,13,3,1,0
5862.238530426988,18,6,0,0
5479.377685228632,18,3,4,0
1700.589493631635,22,6,0,0
1915.786453291353,11,4,3,0
2253.8700856065075,22,1,4,0
3291.962589683737,8,6,1,0
1878.4288998759619,13,7,4,0
162.1136045610482,5,9,3,0
7035.747489173528,14,1,0,0
7725.050601890168,12,5,1,1
2735.8552443173858,6,3,2,0
2711.3625010066557,10,4,2,1
61.69904313109604,9,0,0,0
5443.604253201341,0,5,1,1
6604.391966510287,6,7,1,0
1177.1333613782253,17,1,4,0
1281.5324631903702,22,0,0,0
6321.7155835216445,2,8,4,1
4932.244533091387,8,1,0,0
363.66015823359754,4,7,3,0
4982.263188745942,22,4,0,0
2474.7971941359096,23,1,4,0
2952.9576179894134,12,4,1,0
6159.002689283557,15,8,0,0
6488.426865417522,15,5,1,0
3205.851231584446,11,2,3,0
7577.487723370807,17,7,2,0
3254.6694300268173,10,0,2,0
6175.829101664729,16,8,4,1
3873.598730191251,6,8,0,0
7180.770950544062,14,3,3,0
7262.551142983179,5,7,3,0
703.8973789293154,5,2,1,0
7492.264183825255,17,5,4,0
6605.151057955723,18,9,3,1
6331.529160929772,19,9,0,0
1611.286160785752,18,7,3,0
6441.928073993546,1,8,2,1
6801.811213806869,2,7,4,1
2316.756923960937,13,8,1,0
7618.319326506778,21,3,0,0
403.6318704613182,3,9,2,1
1203.5244797108817,21,0,3,0
4302.961198721857,16,6,4,0
4608.460806622866,5,9,4,1
5162.974915990722,18,3,0,0
140.66818887715434,8,0,1,0
7683.132363103931,3,2,2,1
361.4818014094812,6,6,1,0
1148.7803120236022,3,2,0,0
117.04606762082555,10,0,0,0
4537.033174186287,21,6,2,0
7458.473736948173,22,7,4,0
5329.247592813312,1,4,4,1
6582.146460501016,9,5,2,0
111.18322165134775,5,2,1,0
4338.41231134541,7,4,2,0
3679.2060051566473,14,2,4,0
3994.2487140452404,12,1,1,0
582.3444167548276,21,6,3,0
5477.060711749114,1,9,1,1
4028.2472167947826,19,6,4,1
6122.365054640805,0,7,0,1
3884.898619323414,14,0,1,0
1199.3061816303245,6,1,1,0
5187.814347852187,23,1,0,1
1383.228965030804,17,2,4,0
6979.794534021745,9,6,3,0
4906.864331358586,14,6,3,0
1261.8450490378493,4,6,2,0
7698.892769562249,23,0,3,1
4149.331879365888,10,1,3,0
587.8231227138817,7,7,1,0
5016.529070798462,20,8,2,0
2029.3252615674178,7,9,3,0
6430.529147759034,5,6,1,1
6543.4874781616945,14,0,2,0
7831.684110058021,14,3,1,0
4017.4469005409073,4,9,0,0
3642.380253423258,12,7,4,0
6029.037465544612,13,4,4,1
1064.1028974537028,10,0,4,0
4377.589532776028,19,6,3,0
4372.2495630461535,20,5,4,0
720.3376168690459,11,8,4,1
3346.782763627774,19,3,2,0
6827.011964544779,0,3,2,1
6849.948207847309,2,7,2,1
798.4051310328496,7,3,3,0
730.3134575689077,22,2,4,0
2105.2503386304725,11,6,3,0
6998.754670119178,14,4,3,0
1035.5761676626241,22,8,3,1
5761.374437006432,2,4,3,1
813.8191288067602,21,8,3,1
4986.9871407138635,7,5,3,0
2851.758056457563,23,5,4,0
6312.3671339121065,18,5,2,0
1873.3551383587821,19,6,1,0
5115.4186259727285,5,3,1,0
1889.2818639342001,17,3,1,0
5710.713963481669,10,8,0,0
6990.055886313186,11,6,2,0
1018.7803840184465,22,9,4,1
6933.432530321051,1,5,3,1
4750.634159042312,4,0,1,1
1021.2483744818567,3,6,2,0
3423.1971336008974,8,5,4,0
1291.0780464133577,12,3,1,0
5604.281371488223,12,7,2,1
6072.150734671507,14,6,4,0
850.8431795810277,1,7,2,0
4051.5881222936814,22,8,3,1
6517.927322927208,12,0,2,0
7489.623517200217,6,2,2,0
4110.575344600451,22,1,0,0
7602.4823927731995,16,2,3,0
4287.833318795958,7,1,2,0
3156.5530043262643,17,5,3,0
6786.3840127804,14,8,2,0
3946.396770112422,14,1,3,0
3777.8605719633615,4,3,4,0
3925.048352831577,1,4,1,0
6775.046089948614,15,4,0,0
6656.372625795977,4,0,1,1
3231.1423395594884,22,5,2,0
2669.7323796648475,5,4,2,0
3937.9645521928387,11,5,4,0
4584.316215348186,4,3,2,1
1910.5059989708357,19,5,3,1
6352.670902301147,7,8,1,0
3894.429712030721,10,0,2,0
2675.694159617577,13,5,4,0
859.0338387471049,23,0,0,0
1914.5670574268374,16,6,1,0
7594.50296818909,9,3,4,0
2444.271996122115,1,5,4,0
1355.0300184894472,2,6,1,0
3688.0789692816707,12,4,4,0
2460.166508165188,16,8,0,0
286.09820591819727,2,7,0,0
2588.546012148941,9,2,2,0
4355.148448396051,7,0,3,0
4415.940414299635,3,9,2,0
2855.688574809225,12,7,3,0
3581.185536239542,6,3,1,0
7724.315756286957,6,6,4,1
3021.9010754563415,15,3,2,0
2069.523372013564,4,6,4,0
1951.519017313747,16,0,2,0
3664.8280785695524,9,0,2,0
6077.363588991968,3,1,0,1
1651.8755325868433,22,4,3,0
5675.822536490441,13,9,1,0
174.0928376785832,4,5,4,0
3354.3691589816485,1,1,2,0
6208.041196296281,13,0,4,0
2713.169981416579,23,8,0,0
4512.078126055969,17,6,1,0
1643.8089664431568,23,7,3,0
5937.253152053748,10,5,3,1
422.9714306337332,15,8,2,0
6821.078445779625,17,7,1,0
1589.5801094412368,15,3,3,0
6995.8122635081045,20,4,1,0
2823.471284197636,3,1,4,0
5782.85517792352,0,0,0,1
2557.206255800577,13,5,1,0
7247.7638115210075,11,2,1,0
1017.463818519403,23,3,3,0
1432.2657152344266,9,0,2,0
3946.7758506446244,18,5,2,0
660.0978201099783,3,7,4,0
1571.8615766905866,19,9,3,1
7550.412225785055,20,3,3,0
7812.034840877358,2,9,0,1
3013.1933379967236,3,7,2,0
7386.671738006416,14,9,3,1
4360.873282009086,10,2,4,0
2161.5910146607675,15,6,0,0
5620.677775039386,3,2,2,1
5272.919943565983,5,5,2,1
7913.056926274323,7,3,2,0
2124.05306283722,12,5,0,0
5378.115723780575,22,6,4,0
420.9299214604279,19,7,4,0
913.6000793802717,3,5,3,0
36.327407733990626,4,3,3,0
7995.688145072087,9,8,2,0
6419.178208694085,4,6,1,1
6294.8505027946585,11,8,3,1
4080.259971928997,0,2,4,0
2404.0363278289924,23,4,2,0
1214.357954279094,9,0,4,0
2280.974537077477,4,7,2,0
3010.8899193234674,18,0,0,0
6051.699225357451,18,0,3,0
4319.596002280704,19,6,0,0
624.4815943110841,11,7,3,0
149.14192662650336,22,2,4,0
823.1457753748349,15,1,4,0
3286.9372160105477,4,6,1,0
7465.8773718069015,16,9,4,1
5101.032837267727,13,4,2,0
6415.598069504744,11,0,1,0
3733.6648830638655,12,1,2,0
2896.520335144367,20,2,1,0
871.6609798693987,13,5,2,0
7008.0845123787085,4,0,1,1
6266.364432078083,21,7,3,0
1349.1041902938123,22,1,3,0
4100.523208190703,4,4,1,0
3901.561589330353,17,7,0,0
5002.6069637287965,13,4,1,0
7569.764217460133,17,7,0,0
4640.272676891024,19,5,2,0
4324.037047895055,0,6,1,0
407.3318488126382,6,7,0,0
507.94527076410134,16,2,1,0
1502.837596657677,2,4,3,0
264.6038196755275,9,9,3,0
5948.106400082249,6,6,1,0
5788.025780431735,11,8,1,0
1092.7695942809853,21,5,4,0
6689.450811858271,14,9,3,1
1242.5143485946653,22,0,2,0
2412.8988180438837,20,7,1,0
1995.5703087951133,15,5,4,0
2981.595253091517,7,0,1,0
2041.036808290245,5,3,3,0
3914.162656875424,3,5,0,0
3262.22601143071,10,9,0,0
7892.623078780715,16,0,3,0
452.1311692751642,1,9,2,0
1141.7401042168763,5,4,4,0
427.34302179927687,3,2,1,0
5008.600353884094,2,6,1,1
440.80167292268806,6,7,1,0
6692.335700322106,6,2,4,0
4097.949352302013,15,9,4,1
4218.425958529362,1,2,3,0
4494.948089158993,7,2,4,0
1370.655581918155,14,5,1,0
1585.5339734003278,15,5,1,0
2553.9444963696724,0,2,4,0
4750.003844495702,9,5,4,0
1684.8916186420151,6,8,3,1
935.0721584304235,15,7,0,0
7761.084506915366,9,6,4,0
180.7446094029352,11,6,0,0
6422.565755661493,16,7,2,0
6305.341020852302,12,6,0,0
2381.2268401915426,11,2,4,0
1089.3347949784707,14,7,1,0
1169.3010304098602,13,7,1,0
5580.965779811354,18,0,4,0
5144.238695733959,18,9,3,1
6263.051665639837,13,4,4,0
7500.161973330842,17,4,4,0
5536.959269316403,4,0,3,1
1251.0330347287904,19,5,3,0
1951.3237210394584,5,5,2,0
6738.338878330551,17,3,2,0
1678.4020762944974,13,5,2,0
584.8159240510789,3,5,3,0
5627.724032067793,22,0,0,0
3223.1982121436854,0,4,4,0
7360.720220104499,12,1,2,0
5203.789293393824,10,6,0,0
727.8997274443277,2,8,4,1
7583.113255193018,16,8,0,0
2072.165322803766,17,8,1,0
2701.0138607982544,9,6,1,0
3221.0720073999187,15,6,4,1
414.53824975248443,20,0,0,1
3974.640800733686,12,5,0,0
990.9313361469615,19,4,3,0
3210.757761873372,11,7,2,0
2808.924754996714,3,7,4,0
6183.856466994895,7,3,0,1
6426.348240503686,11,0,2,0
1231.5359947007587,18,5,4,0
2935.5767430969136,14,9,0,0
2989.9585224494945,15,0,1,0
1215.526499269,11,4,0,0
6388.635772884268,19,4,1,0
5659.290485041709,17,2,1,0
1527.1023814447926,21,4,3,0
2936.9416592074235,11,5,3,0
850.9111737278312,15,4,2,0
5027.511743758886,19,0,4,0
975.3685367662142,10,6,2,0
7887.5436781562175,21,2,3,0
6246.55318712946,19,6,2,0
3124.9572039240406,13,4,4,0
4630.618638573439,1,2,4,1
7291.177820650188,12,5,0,0
4435.02374676463,13,0,2,0
1400.1153987516516,5,5,3,0
3032.7333278713686,11,3,0,0
6745.943195912814,6,3,2,0
5155.483062836995,3,4,4,1
5207.541452748734,6,8,3,1
6935.23777807947,12,0,2,0
7152.314594412725,10,2,4,0
7358.741611376593,7,3,4,0
763.3193000589831,18,1,2,0
4355.287385694992,1,8,2,0
5925.373622140457,20,6,3,0
6056.6301267904755,17,0,0,0
4855.696034750181,20,8,4,1
1338.464744793475,9,5,0,0
6380.377328763607,5,1,0,0
5762.290111451991,23,0,4,1
693.6554935345451,21,5,2,0
3713.1595482716384,3,6,4,0
1395.9493091768195,18,9,0,0
2703.12898047521,13,5,3,0
149.55833218445505,13,6,4,0
3205.637297944012,17,5,3,0
4401.265984643903,16,7,2,0
4958.562829652559,17,1,2,0
5309.605309304037,17,8,3,1
6691.149048254168,4,8,3,1
1727.6259436694615,8,8,4,1
968.2521703955513,0,6,2,0
6813.039689323916,3,8,3,1
1257.1194550667358,6,0,1,0
7798.2068502828815,10,2,4,0
6741.093144042103,13,1,4,0
4009.508464087345,9,0,1,0
7851.464292251591,18,4,2,0
783.5269492184937,7,0,3,0
2428.0107605949374,2,2,3,0
5107.604198249688,7,5,2,0
2803.304913443064,17,5,1,0
7427.338553086431,4,2,1,1
529.6805749816515,19,3,1,0
4397.5475973274115,10,6,4,0
4728.97580782394,8,5,3,0
5223.561349598906,18,1,0,0
2049.0514555378563,11,8,4,1
2919.7085880213162,4,5,4,0
6750.225834671496,15,1,3,0
1563.567437916428,12,6,2,0
6615.80843815103,5,9,3,1
4503.430106107426,15,9,2,0
6098.689151996687,17,3,3,1
5710.290893276455,16,0,4,0
1664.0544056021076,11,9,1,0
4552.657827788814,0,8,4,1
6942.446606676714,6,9,4,1
3459.7693132314253,13,7,0,0
7732.893207935417,17,4,4,0
3620.459725313236,22,2,4,0
1146.571165159738,0,3,4,0
3118.5302672209973,19,2,0,0
7613.860739092344,9,9,2,0
2561.1681904721345,14,7,0,0
6945.444788137167,10,4,1,0
7050.599200046709,3,7,2,1
2804.7412620340288,14,0,0,0
670.6449761148039,20,8,1,0
5797.840483724752,15,9,1,0
2495.5408306168183,14,2,3,0
6264.474295989291,16,0,3,0
3544.025511842163,22,2,4,0
3884.7076050292594,10,1,2,0
6224.385706954552,17,6,0,0
3061.994831837715,15,9,4,1
3547.8031258567016,14,3,2,0
3012.642797813129,10,6,3,0
2941.8874196418533,12,2,0,0
4209.942882327168,17,5,1,0
6471.3515587867,7,6,1,0
2897.337653820914,8,6,4,0
4196.416490699205,21,4,4,0
5367.464966913593,10,5,0,0
2159.168373197722,16,2,1,0
2223.7948251946286,0,3,4,0
7467.637950552521,10,5,1,0
5789.658913782054,6,2,3,0
4619.607476405355,7,6,4,0
5183.521835092793,18,2,2,1
239.24904761182984,3,8,4,0
4946.7332096657665,3,3,3,1
4078.523441427494,18,1,0,0
4368.268689836588,23,5,1,1
2878.5934955123826,8,8,0,0
656.3838122149704,16,9,4,1
1550.7471727283573,17,9,2,0
7606.20398213531,0,1,0,1
3272.553000356117,13,3,2,0
3736.131830867759,3,4,4,0
426.4147698782447,9,8,2,0
305.3420052041248,22,6,2,0
5738.865669138828,13,4,3,0
4307.066839648285,6,5,0,0
4072.104343809052,11,8,4,1
1948.780620729236,21,3,3,1
5959.282099381228,15,1,2,0
1350.0514499723927,4,4,3,0
1523.5282755698552,10,6,3,0
3688.3938099294623,3,3,2,0
2293.8074975849677,12,0,4,0
1983.4665349590052,7,7,1,0
5163.674968203886,6,4,3,0
5209.519103022263,10,9,0,1
6597.013973050434,10,1,2,0
3344.579992948942,16,2,1,0
589.3153027540711,21,9,3,1
2192.962747447054,13,9,2,0
7840.1436782585515,1,4,2,1
4772.087308985453,19,3,3,1
5679.347992984157,20,8,0,0
63.82584785518922,7,8,2,0
4148.054828799254,21,7,2,0
305.04161696676596,1,1,3,0
4555.995545671127,20,4,1,0
7366.562942840423,14,7,2,0
7747.51094835076,4,7,2,1
4326.7186397344485,5,6,3,0
3668.3474179914665,16,3,2,0
7560.411668516709,7,2,3,0
5390.510606813577,18,7,0,0
523.8697399095836,4,7,3,0
3728.475993451643,22,9,1,0
1925.7589226221098,18,4,2,0
3761.085549982209,13,2,0,0
3646.447248190862,9,4,2,0
4659.247698503862,12,3,2,0
2857.3800703422635,21,7,3,0
1318.3422434001448,4,1,2,0
4032.2368795467005,6,7,0,0
6642.4720603443675,9,9,4,1
5313.777763400481,10,5,2,0
2710.2510880721006,2,3,3,0
7484.506566957064,12,2,1,1
7298.099532137211,1,9,2,1
1678.7404530758697,3,4,3,0
320.14359303730197,2,5,2,0
5931.763123264344,14,0,4,0
6621.744039486481,3,0,4,1
7743.077204781085,22,9,0,0
7119.241970736044,20,2,4,0
4806.275471810287,3,1,3,1
4242.768452002984,14,0,4,1
227.5892048443774,5,7,3,0
1977.0182925239988,22,0,2,0
3679.619940104747,4,9,0,0
5029.888681168125,11,7,0,0
4460.228407380693,6,4,4,0
5942.374737505116,2,3,1,1
2241.736612441892,6,7,4,0
4521.796098181523,11,7,1,0
709.697235909383,14,7,4,1
3312.2558610477395,18,2,3,0
6002.535859472035,5,7,3,0
5548.739823165207,7,0,1,0
7925.188683691571,5,3,0,0
2226.7395522721094,2,4,1,0
3988.0234468959634,4,5,2,0
2639.595658123104,8,4,0,0
3527.621896903102,23,4,1,0
6856.3162883057585,15,4,2,0
5475.251556131951,21,8,2,0
7060.117324823916,15,9,4,1
1632.0713111134323,8,9,1,0
6987.522137142297,17,2,3,0
482.79938205618345,12,1,4,0
7109.351247095034,10,9,0,0
2635.9448667885194,9,1,3,0
2520.1281291454616,9,7,2,0
4099.148170705817,5,4,0,0
7525.818050847238,15,4,4,0
387.01201062783593,11,5,2,0
2821.0866456906087,3,8,2,0
6853.2930495232695,4,6,2,1
3171.4555470965565,1,4,3,0
1597.2593962885508,18,4,4,0
3401.229479744637,0,9,4,1
3087.4922494258963,3,8,3,1
7323.752530726294,11,8,4,1
6096.665334066061,1,1,2,1
4043.398868173331,11,6,2,0
7907.022680938961,15,9,2,0
3724.893862551007,1,0,4,0
470.6114574081004,16,3,1,0
2101.8832029108044,1,1,0,0
3491.3834893534045,3,9,1,0
1259.4364800482304,5,8,3,1
7580.783184960724,22,5,1,0
6135.956938053096,6,3,1,0
2149.956167420042,22,2,3,0
4728.482245475737,14,3,1,0
5772.986011091029,19,1,0,0
7530.52503660985,11,4,4,0
7053.6746166574085,4,8,3,1
4123.961847975019,13,5,1,0
6198.347695245176,15,1,2,0
4499.347306851542,10,5,2,0
4423.867600914093,11,8,3,1
922.3619569138442,18,3,2,0
1013.4705758391358,16,0,0,0
4238.621252104547,23,1,1,0
2154.5480521071577,6,4,0,0
173.1900351714467,8,9,0,0
5784.099435182197,13,6,4,0
264.73034053786887,19,7,1,0
4764.238344626916,11,2,3,0
4315.854384047879,14,8,2,0
7750.673451169547,11,1,4,0
3876.284049084395,20,3,0,0
513.49348384049,20,3,2,0
4415.745302612661,22,5,1,0
6729.563884075731,12,9,0,0
7974.810027830113,8,5,0,0
3445.5936736441345,23,2,1,0
2565.7884462614566,6,8,3,1
7253.693109131232,0,4,4,1
1533.9808219635904,9,1,1,0
4925.354175688249,5,5,2,0
3248.686821326677,14,2,2,0
333.4535078196645,14,7,0,0
2781.5713520740537,8,2,4,0
2125.5020374088836,12,4,3,0
5490.2987757781775,22,3,3,0
7590.580029046886,0,3,2,1
2148.037263092209,8,1,3,0
6492.6701835176955,2,7,2,1
447.6017364225841,8,2,4,0
4307.277475268306,19,3,0,0
569.0477593606072,14,5,2,0
7472.593764089462,23,8,4,1
6131.978488056335,6,3,2,0
5265.309540080716,3,2,1,1
6592.0515710891905,19,4,2,0
5181.920765583454,16,8,4,1
7751.710455408458,21,0,3,0
5713.0937931788485,3,4,2,1
7397.645583610063,18,3,0,0
4139.469476625051,4,4,4,0
940.9299817899919,15,6,3,0
4227.780882777021,2,6,4,0
1019.348260364431,10,6,2,0
4741.9853660153585,21,0,1,0
3862.532018918665,14,8,1,0
4982.49030567309,18,6,0,0
85.3256135333786,20,3,0,0
1562.749730784636,23,3,3,0
3933.1868031374865,13,1,1,0
7604.275974905133,15,5,2,0
3071.9542776394915,23,9,4,1
3397.8543482988093,5,2,4,0
5718.995231607944,4,0,1,1
4832.323094502513,20,4,1,0
2394.914570036174,16,5,4,0
3289.477082561585,15,4,3,0
1745.5098918635736,1,4,4,0
7728.341565746017,10,9,0,0
1049.4218805510911,3,7,2,0
2977.8350926085236,5,9,1,0
211.58258289898947,6,0,1,0
1778.1270380087035,16,7,3,0
6244.866751349338,7,6,0,0
1613.3959821495912,0,0,4,1
645.10690321908,14,8,0,0
3798.253172856964,19,3,0,0
84.70403170247536,11,6,3,0
682.7054046385338,14,2,3,0
6461.968827155986,22,7,4,0
6172.929392152553,21,3,4,0
7321.534869137144,14,1,2,0
6836.850910106443,8,1,0,0
5466.9886281023455,15,7,4,0
423.40119411879937,1,7,3,0
6263.874700803327,14,0,2,0
6764.85893267028,14,5,2,0
6393.661755446776,6,8,3,1
4070.2898872876685,20,8,4,1
1867.0502000026058,12,1,3,0
6763.41315563137,22,7,4,0
5818.666663872407,16,7,3,0
7846.1855892388685,10,3,3,0
1249.7623190586837,9,3,1,0
1809.1883415011803,0,4,4,0
1698.326208302614,13,9,0,0
6341.355442132587,4,6,1,1
1499.3238351186947,7,0,1,0
537.9453394373322,0,8,1,0
7988.493648652101,6,2,1,0
203.41360550396743,1,3,0,0
6682.776260970131,6,6,1,0
2926.1078981974692,6,4,0,0
6733.715600763733,8,4,0,0
4439.190827233104,21,0,1,0
7213.541679743449,3,1,2,1
7409.91292638494,22,4,0,0
77.73995933980409,6,1,1,0
607.9203470623422,19,0,3,0
2006.6180429189894,17,9,3,1
5356.176753826196,12,2,4,0
7106.736211109491,10,0,0,0
3682.235900595232,8,9,0,0
4857.750064612752,13,7,3,0
1512.0563231005112,7,7,0,0
6440.709836884074,20,7,0,0
7738.788250270991,13,6,3,0
2152.448468652207,20,6,1,0
3961.133483046368,16,1,3,0
693.4983034984585,13,8,2,0
4475.2975684214325,23,6,3,0
4024.7536175642113,4,4,3,0
1159.7696908198454,9,3,1,0
3539.31937387901,5,7,3,0
2676.1666934320733,9,4,3,0
4177.037848064989,10,5,1,0
4687.306411753249,23,3,3,1
72.92215096464002,5,1,1,0
6089.242833681695,9,6,2,0
5705.549263434617,13,1,1,1
2933.459657721145,19,6,0,0
428.222804872702,2,6,0,0
6040.6856555814775,6,0,1,0
7641.625408022669,1,9,3,1
1925.0120101960035,6,9,4,1
2591.579286827618,16,2,4,0
1474.5840514071106,12,2,2,0
4617.604306141993,20,5,2,0
1242.9569502064023,8,2,4,0
2852.770577973729,12,8,4,1
5577.619046404432,14,4,1,1
4483.12728415974,12,5,4,0
3094.768201801842,16,5,0,0
3364.8955664512973,7,7,2,1
4499.07650657272,8,9,2,0
51.888499457854614,8,2,0,0
632.6863982866108,7,8,2,0
7050.658251765278,15,6,4,0
627.6425177848696,19,5,2,0
5655.894751702988,6,0,0,0
7360.705122051875,16,3,2,0
2169.11541639234,6,4,4,0
2967.0790392908166,5,1,1,0
4553.526639728507,4,0,4,1
7054.263212260485,16,1,2,0
7535.535170147059,7,7,3,0
5917.808168649588,0,9,2,1
697.5249880332788,15,5,2,0
5354.887473501132,16,9,0,0
3285.3782563719333,2,1,3,0
3768.2544909310373,12,8,0,0
397.94138080969043,7,7,0,0
1532.5418040741338,15,3,4,0
6325.156292231513,23,9,1,1
3634.400870217639,6,6,2,0
2416.789621841035,20,2,3,0
3075.2324963498404,14,5,2,0
6835.924109038813,23,2,0,1
5993.24714415263,1,9,1,1
2182.1616004627567,23,2,0,0
944.4272124979246,1,8,2,0
2019.7257820443533,9,5,4,0
7366.447826182596,4,7,2,1
4654.802758608794,3,3,0,1
4270.1742689145385,14,3,3,0
4773.16682954123,12,7,3,0
2931.3959846433895,16,6,3,0
6457.820627454505,20,4,3,0
4188.6735631554975,22,1,3,0
938.3994826365204,0,5,1,0
1036.8756730083583,17,0,1,0
4297.188876288434,14,6,4,0
7492.878893476359,13,8,3,1
2470.275212801209,8,4,0,0
6956.98164502945,11,4,0,0
6113.94421469814,4,6,2,1
1986.2604810407202,22,4,3,0
295.54428278835843,1,9,0,0
819.2688848133499,22,3,4,0
5829.309001110284,22,0,0,0
1601.3595556349703,6,5,4,0
2973.3110094406234,20,8,3,1
4016.0848322213665,8,3,2,0
5805.118006759052,17,9,2,0
910.2836299567074,3,3,1,0
3253.8994101933044,1,4,3,0
3883.1579085958497,23,5,0,0
4328.912376452459,0,2,2,0
6547.793327954758,11,8,4,1
1377.5671693705192,12,0,4,0
6463.6124573538455,13,5,0,0
5544.563029434735,4,5,0,1
4449.18715952068,2,7,3,0
5597.725323868563,3,4,0,1
3299.081822918493,16,8,0,0
1111.488699815156,18,8,0,0
5327.793095921612,10,1,2,0
4199.75509195155,7,4,3,0
5116.8015303394905,11,6,0,0
2707.3002543227776,17,1,0,0
7255.398285831988,17,6,4,0
4701.022099261738,8,8,2,0
687.7928619055363,4,7,0,0
3601.1829056819074,20,9,2,0
6052.0666576753565,16,8,3,1
6354.1058210495175,12,3,3,0
3959.3034368462513,5,7,1,0
7158.506828796252,23,8,4,1
2145.009155368409,21,9,1,0
3287.736584419941,13,1,2,0
7189.282299998916,14,9,4,1
7170.5724481902735,22,2,0,0
5487.273586753324,13,0,4,0
6872.549474242151,3,0,4,1
714.7422693150802,17,9,3,1
6920.634834781172,0,5,1,0
2568.356152869063,11,0,3,0
1430.7604418635894,21,4,3,0
1918.7618415546606,8,5,1,0
3346.6582215710273,9,8,3,1
2013.2800768127154,20,5,4,0
2567.93785020191,17,3,2,0
1084.1529961427784,16,0,0,0
2372.933240644193,18,5,0,0
4580.409097263299,3,6,3,1
3537.620396188056,15,4,1,0
2777.01649608111,6,5,4,0
5972.884770212626,8,9,3,1
7148.612221289576,7,7,4,0
6055.529837104665,6,0,4,0
2659.345613430845,9,7,0,0
5956.815131861242,7,1,2,0
1220.0815588800394,23,1,2,0
1046.8923147898709,16,7,1,0
2768.2881611040907,11,1,2,0
6462.580440507236,13,7,3,0
1974.5542367022035,11,4,0,0
510.7110041449433,1,8,0,0
1058.0177339748088,11,8,4,1
6870.666023393994,13,7,3,0
5072.0973615545645,6,8,3,1
2029.3433011429634,12,6,4,1
4444.59012349881,20,7,4,0
4222.999081290676,3,5,0,0
5245.210647633086,0,8,3,1
1869.3344976008225,16,1,2,0
6915.90188261921,2,2,2,1
2478.401653829703,16,1,0,0
5554.582573540014,7,5,2,0
133.91654774585805,2,2,2,0
2984.393753503707,9,0,3,0
2816.919994580672,1,3,3,0
4350.158006521201,21,4,1,0
586.526412908686,3,3,3,0
6322.100332940236,13,5,1,0
1746.1575101317105,10,2,3,0
5417.917329981671,13,9,4,1
6426.680925336525,12,5,3,0
4497.206265150898,3,9,1,0
5928.361237742274,1,0,2,1
5296.573196158969,1,5,3,1
2847.460728230301,10,7,2,0
6471.824019573354,21,9,2,0
2361.137452234796,4,7,3,0
4571.84727742338,8,0,3,1
5964.454924436608,19,6,4,0
3034.7524989509984,20,9,1,0
2425.6270229013135,16,9,3,1
3677.471351331718,11,3,2,0
6544.618137321483,17,5,2,0
7439.72449634959,2,5,3,1
4362.941885814822,4,4,1,0
5293.422311562596,20,9,2,0
7226.672609800119,19,8,4,1
792.8820770464745,13,9,2,0
1860.4682300399895,15,7,1,0
5672.655549981401,18,5,0,0
6590.836972988835,8,3,4,0
6856.947081502971,16,3,4,0
3323.781878955186,21,8,0,0
719.2725188234754,6,3,4,0
3505.062911010461,9,6,4,0
1849.723048705395,3,5,4,0
2333.11565769801,9,1,2,0
6179.279116915859,2,4,2,1
608.8390527769656,23,2,3,0
6621.5118337582135,8,8,3,1
3424.214341164232,12,9,2,0
4770.531129149258,0,0,4,0
721.7695887292537,14,9,1,0
2702.1858314664505,14,3,0,0
722.158847523692,10,3,3,0
7692.542064434471,9,8,4,1
6459.0568863633725,6,0,3,0
3679.7638710798997,0,1,1,0
1792.7023738477506,6,0,4,0
7467.973566472569,4,0,2,1
2760.0497828371394,22,0,1,0
1292.070531340561,15,2,3,0
4507.49928568937,7,3,4,0
7550.4740921568045,21,9,4,1
35.62317255007899,1,1,0,0
1908.80812181572,7,0,0,0
7507.888885081209,13,4,0,0
1372.8323050230106,3,5,2,0
910.3813958603598,23,1,4,0
4563.646790319437,14,2,4,0
6895.441367242165,6,9,3,1
3819.4929924629396,19,2,2,0
7956.541232192775,7,1,0,0
5434.977737806253,10,3,4,0
597.2288831475297,1,4,0,0
7942.692892797393,8,7,1,0
3266.1144230576224,5,5,2,0
2302.783258094633,22,8,0,0
4465.244072705195,0,2,2,0
2437.93919660781,2,9,4,1
696.2277694256178,9,8,1,1
16.419602918017873,4,3,3,0
3599.418906597497,11,7,1,0
6695.723060701605,22,9,2,0
4580.659909112462,0,6,1,1
7993.662355052809,8,6,4,0
2298.338931949364,20,8,2,0
2247.238242756642,12,9,2,0
1282.196934570384,18,1,4,0
1316.6883881813549,6,4,0,0
2285.0668351003324,15,2,3,0
6343.756161961849,7,6,1,0
7246.5255411384005,18,2,3,0
7800.821921812912,6,4,3,0
1862.155784501139,22,4,4,0
7050.973877184663,3,1,0,0
2629.3994387723096,9,0,3,0
907.1601534124909,0,5,2,0
6960.849279533724,16,0,0,0
5090.66454897573,20,8,4,1
1322.0235141680885,12,9,3,1
3441.5009038164553,18,4,4,0
2301.6252705421557,12,0,1,0
5895.672576838025,8,7,4,0
3630.0627638410233,4,0,2,0
7914.293161125548,22,3,4,0
442.686133165463,0,6,0,0
2843.347052759292,1,3,1,0
3857.7918360442695,10,4,2,0
4027.5527702128165,3,6,1,0
2530.906899973166,8,3,2,0
5835.275791535057,4,4,1,1
6998.602852544353,4,6,3,1
7510.060819313015,7,0,4,0
6441.721547512212,1,2,0,1
6805.388677466262,6,0,0,0
4406.6096784568645,16,2,3,0
6607.976370282383,10,1,1,0
2431.513753637878,14,4,4,0
3190.837703063169,2,9,3,1
2538.719545479262,12,4,1,0
3741.761746906164,17,9,4,1
2288.209031827898,19,8,1,0
7693.083480824303,19,7,0,0
2506.1928009053167,2,2,4,0
788.8660821969639,1,0,0,0
4216.903242573055,4,4,0,0
461.50713216918507,19,2,4,0
888.7926146371012,4,4,3,0
1759.0181666239891,12,8,1,0
3717.4802478077227,7,0,4,0
3468.841203810678,15,0,0,0
6398.536436712316,17,8,1,0
5917.099857803487,15,2,4,0
3413.414760455657,0,9,3,1
2672.9651395671613,7,4,4,0
2535.1679285716814,20,8,4,1
6193.090722915602,1,4,2,1
421.31888773905155,23,2,1,0
107.50908783729358,4,8,4,0
6365.3774134535515,14,6,0,0
3819.785276032449,13,6,0,0
1051.39470273584,2,7,2,0
1888.3496470830376,6,4,0,1
7460.369105013573,3,1,4,0
6876.726290121059,10,8,1,0
5679.73147654066,11,2,2,1
3860.390716546926,14,1,2,0
4164.987391400129,5,9,3,1
7802.080059595249,23,9,3,1
7726.334698854876,0,4,1,1
1726.076021057745,17,7,1,0
6489.781007611018,13,2,2,0
1581.9551160052993,23,5,4,0
1712.2321356821913,6,8,4,1
5410.363808145791,9,1,3,0
3242.9837832074495,8,7,1,0
7452.697534816629,1,9,1,1
716.6328304935906,7,6,4,0
4094.647498271897,21,2,3,0
7348.579635892755,0,0,4,1
7233.388715533643,19,5,4,0
1256.451061258851,1,1,2,0
2936.2684122711694,6,2,1,0
4954.875593373336,15,4,2,0
1279.3621037473604,21,7,2,0
7744.337265505681,3,1,4,1
7318.420883177644,20,5,3,0
1339.766681380581,16,0,4,0
973.6379127815784,3,6,3,0
687.8408200520811,2,3,1,0
7276.002093972866,8,0,0,0
1553.022359314709,21,8,1,0
3333.198003712116,14,8,4,1
3593.566668387764,19,2,3,0
4794.093298487473,2,5,0,1
578.5240732606626,11,6,3,0
1817.935146117125,14,3,3,0
7452.265643416814,19,5,0,0
7267.738807612213,7,8,0,1
6251.418726008509,11,9,1,0
160.1129587176324,20,5,2,0
2619.4191141263364,12,6,0,0
5025.530089066548,14,5,2,0
2205.145743128938,10,6,2,0
7277.14562695495,16,0,2,0
5072.946247350373,20,5,2,0
579.8942049449826,23,8,0,0
7272.499682741446,11,2,3,0
7662.344432118899,19,5,0,0
626.3107850418453,17,3,0,0
4261.2200777162125,15,6,4,0
2430.3974363022926,2,6,4,0
3145.748416468812,8,8,1,0
1441.3114875529584,6,3,2,0
4626.686455589238,18,7,2,0
7664.04492922488,4,7,4,1
4027.0654391715143,18,7,3,0
667.9020782488768,9,7,1,0
4961.91066115188,19,5,3,0
2725.0828406378,11,7,4,1
6848.121890782426,7,5,3,0
3480.2517957901796,2,9,2,0
1546.7526734932537,18,1,4,0
1532.8894534157039,10,2,3,0
6151.2696248656775,7,5,1,0
2128.3728484673425,12,6,1,0
6139.030986302988,22,3,0,0
1651.069049578962,22,0,4,0
2576.8825177669687,9,3,4,0
3726.5683446553967,17,5,4,0
7545.850818299138,11,7,2,0
7454.1927409068285,6,3,2,0
1658.940644001191,10,9,4,1
2868.9612347383672,9,0,3,0
1199.4481106879098,2,4,2,0
4082.3307091114093,6,6,4,0
3687.3574928038593,3,5,2,0
7206.577498793606,7,2,0,0
7440.392995439625,7,6,1,0
3071.6212911033003,5,3,0,0
3936.4448544368206,12,4,4,0
7170.408811923334,11,6,1,0
6454.628922921766,2,1,3,1
34.23220920047097,5,3,4,0
2563.876215647742,21,3,3,0
3377.0850642793266,18,5,3,0
1841.5816880474376,10,6,2,0
1600.5750690880302,3,3,2,0
307.08713023245895,14,9,1,0
5148.740951932736,1,0,1,1
2103.7697724129093,14,0,2,0
423.5156915583482,16,4,1,0
1851.6795876718688,1,0,0,0
6416.3020529248315,6,2,4,0
6812.6560072641405,15,8,0,0
3867.1146303204546,4,2,4,0
3331.485009917446,15,2,2,0
7822.940279546745,18,8,0,0
1608.514453406619,1,4,3,0
1726.7974664225949,14,7,0,0
2338.478080406016,3,9,1,0
1386.1947596572932,1,8,0,0
3038.027957642472,22,5,2,0
7287.119644783082,9,6,2,0
4924.7059858254515,21,6,1,0
3298.512656155048,23,6,4,0
7475.614302596862,4,3,1,1
392.4715386441995,17,1,4,0
1686.1580423253818,3,1,2,0
4529.279397788563,0,6,2,1
4926.3432224294675,17,9,4,1
321.2622649680921,19,6,0,0
3227.2948694675215,5,9,0,0
5194.985948822828,19,6,1,0
5586.074018495196,19,7,2,0
5106.928520617573,13,2,0,0
2567.902978765592,9,4,2,0
752.6933881652865,17,5,1,0
3419.764009122576,8,7,3,0
1034.3917267576035,11,7,2,0
7581.251149872734,9,9,3,1
3803.991073850913,23,2,2,0
2541.487098983156,23,3,4,0
6131.601048595606,20,5,3,0
3986.0989976951996,18,3,4,1
2483.722021979538,5,9,4,1
6496.6821004144595,13,3,1,0
6937.88144725397,7,4,1,0
5385.700289477973,22,9,0,0
380.4805571493,13,6,3,1
4532.751426931424,10,1,0,0
6107.542821418267,23,1,3,1
1096.3415816082395,15,9,1,0
1833.2226573199039,19,8,1,0
7060.548365019751,5,3,1,0
165.87316621532693,14,4,3,0
6023.053466918678,14,2,1,0
3792.8174736528113,13,1,0,0
3576.943409922657,20,9,4,1
61.73677729662297,11,7,3,0
6556.08885657711,1,3,4,1
2881.800080589349,7,0,0,0
4328.42122224784,18,5,2,0
5420.0189872535975,13,5,1,0
5622.523463621137,4,1,0,1
7648.060570314448,23,1,2,1
4253.0629261266895,8,7,3,0
3200.7578100405485,12,6,0,0
7629.860493801205,8,1,3,0
5138.671329029041,13,9,4,1
2388.7120984310623,4,0,4,0
1016.0816420015514,1,7,3,0
6741.223239214124,6,9,4,1
2900.641914339242,15,1,4,0
5285.455422308627,10,4,1,0
3769.1772728303554,10,5,3,0
1595.4435894613316,22,9,3,1
4815.484435920618,11,0,2,0
490.1611362607051,12,1,1,0
3309.6729666701817,7,9,0,0
4375.18644261105,23,3,1,0
3491.1955580780395,15,1,0,0
5990.634041131671,20,5,3,0
6624.260011589773,0,3,1,1
6171.088376895258,12,2,2,0
315.3095177553579,10,5,4,0
1557.0595197155478,3,8,0,0
4295.177036563876,3,7,4,0
7478.902213348191,14,1,3,0
6680.479416541674,2,2,3,1
6741.0633942726545,23,1,3,1
2429.149509108601,18,9,4,1
3438.435937144227,20,6,3,0
3768.2940487909195,1,8,3,1
1263.1858088825338,5,0,4,0
253.38970130442826,21,2,3,0
7575.488681186833,23,5,0,1
1929.4971223797363,7,3,1,0
1923.3914852704324,16,9,0,0
671.6155348812325,4,9,3,1
7428.419476790509,1,0,3,1
4639.998233943477,11,8,3,1
5337.959672717204,4,6,3,1
7293.057213668105,9,6,4,0
2768.233250361812,8,0,1,0
4973.950952548982,19,8,4,1
315.2016405574553,7,7,4,0
1498.246363207879,0,9,3,1
6650.81021169409,23,4,0,1
6135.313008924994,5,3,0,0
2808.3883181998895,23,0,2,0
3017.600969054829,21,8,1,0
4270.7676962608675,10,7,2,0
6.926832457650722,2,1,4,1
1933.7484666240327,14,3,2,0
1669.8133098226745,10,3,2,0
2007.6111592643588,23,6,2,0
6448.217211054864,4,2,1,1
2240.992483088813,15,7,0,0
1536.2129697909345,20,6,0,0
4036.586369040287,6,9,2,0
6925.832065799992,5,3,1,0
1934.5908821808116,8,8,0,0
632.8972611284256,6,5,3,0
2854.4558631180694,2,2,0,0
5982.476337396997,10,6,0,0
4407.770904834883,11,5,1,0
6535.262989746908,20,7,1,0
7676.939220135825,10,4,0,0
6342.336501629178,1,5,3,1
4832.405615355809,0,0,3,1
3949.265996478782,23,7,2,0
325.352345354392,23,0,2,0
7874.65422061826,1,2,0,1
3070.931574987465,13,1,0,0
1222.06457026535,12,5,0,0
5335.337298894672,23,7,3,1
2277.8848713181974,4,7,4,0
4688.2972760937255,1,6,2,1
4696.209423217507,22,6,2,0
3568.609918118439,22,7,4,0
6689.768331282616,18,4,0,0
2123.411657135767,16,2,2,0
3591.817569983785,10,1,3,0
4303.848568084817,15,2,4,0
5310.67964253456,19,2,3,0
6272.854944792188,17,6,0,0
3161.484226611657,19,0,2,0
5170.145318052285,7,6,3,0
1209.1345697828103,1,5,4,0
7461.521563837116,16,9,0,0
3067.5551573359235,10,1,2,0
5837.523768701625,13,9,2,0
167.62694964801028,15,0,0,0
1645.471207523932,14,8,0,0
3899.2249418670062,14,1,0,0
7026.628479520111,2,3,3,1
4220.404923855664,6,8,1,0
7439.314505939563,11,8,2,0
3872.9561881794566,21,0,3,0
3926.1405284039197,21,1,4,0
962.3755740617524,22,1,2,0
6422.236671996998,23,1,1,1
1979.4884726741645,2,7,4,0
7197.401852531659,18,7,2,0
7287.039641541517,9,9,1,0
7546.764344433827,7,7,0,0
4164.242760379205,15,3,1,0
5418.364809345237,15,7,2,0
6229.2344610929995,11,6,1,0
1052.4618761104725,22,7,2,0
4809.6527740049905,4,0,2,1
279.2117209199768,19,2,1,0
3983.040836692863,5,9,1,0
1242.9672395537182,5,5,4,0
1467.4687930668672,7,0,4,0
2923.555295707349,16,3,3,0
3462.3351478984414,11,8,2,0
4987.263534134837,21,6,4,0
600.0552054159327,13,0,3,0
4032.01563109337,1,5,2,0
1465.0879163735435,18,5,3,0
4593.931524378776,5,1,4,0
5101.049875028162,17,5,3,0
4455.8905061400665,3,9,1,0
5907.67260627407,21,1,3,0
2688.195907706006,4,7,0,0
6122.0272001068815,5,6,0,0
3464.9728182570084,14,5,3,0
3876.0550640891615,5,9,0,0
5186.576507452266,7,5,3,0
151.77528007379556,8,8,3,0
5233.683800254886,20,8,3,1
4950.588266831563,21,9,0,0
2482.227698442473,5,9,2,0
690.9253077714184,21,1,3,0
732.0289220547639,1,2,3,0
7386.173857146902,15,9,1,0
5515.788173200568,19,6,1,0
1021.1853970970694,0,9,4,1
2857.0017386247064,15,8,0,0
4741.901536243264,0,5,2,1
6685.3957821997365,0,0,3,1
354.0691250605032,6,6,3,0
1896.881886102721,15,0,0,0
7118.543177411563,16,4,4,0
78.2785737196128,15,8,4,0
1615.1858268371298,15,9,1,0
7672.398286903863,5,9,0,0
4909.147762944758,17,8,4,1
2097.062576266864,21,0,4,0
540.5937996948016,21,5,2,0
230.38976687554114,2,2,1,0
1961.7369116972334,7,8,1,0
7052.479127613339,3,2,1,1
3330.2296661085884,22,1,4,0
5764.065286482114,3,7,3,1
7346.688857862762,16,2,4,0
3267.2834905145187,21,4,4,0
1534.2625814439896,4,5,0,0
4139.357857201071,13,9,1,0
7265.1290780435365,14,9,1,0
6435.973441030917,11,0,2,0
531.3095976884146,12,6,1,0
5542.119536620266,23,6,4,1
4577.320692059336,22,4,0,0
7260.168094889672,17,8,2,1
984.2389277181263,13,1,4,0
4274.618725071229,23,4,4,0
7036.304234627579,18,1,2,0
3283.140175000235,21,1,4,0
3858.5493672742723,6,8,4,1
568.3331179473315,5,6,0,0
2228.758405389042,4,3,0,0
2599.4306601057338,3,7,0,0
7561.253977715371,17,3,1,0
2264.9255475265663,13,0,2,0
3689.645538480868,15,9,0,0
5372.078866396417,22,2,4,0
1301.6560624009796,22,9,1,0
3894.1068851992864,19,0,2,0
5909.619620609881,13,1,0,0
6935.507428151393,4,1,0,1
5011.942900926101,21,6,2,0
5354.082854958999,10,3,0,0
1014.6363633136289,11,9,2,0
7566.483095484546,17,8,2,0
1064.9297494884365,3,1,4,0
6198.510132768478,12,8,2,0
2122.206492617659,19,5,3,0
7469.077183891506,12,9,0,0
5761.076517258989,3,7,4,1
6031.74063526206,22,6,1,0
1756.3780886137672,22,7,3,0
3547.1046131981107,6,8,2,0
4944.416490741345,22,7,1,0
6160.939077561775,1,5,1,0
836.1552104195547,20,7,1,0
7699.110705053954,17,7,1,0
7122.314261083675,20,1,4,1
2166.436981012197,5,1,4,0
6582.968143043494,15,0,1,0
4148.999764703389,2,9,3,1
3697.1428200883392,21,1,0,0
2518.900675962186,14,6,0,0
4649.8438501195815,20,2,4,0
5840.4634960402645,19,3,3,0
3290.4085751772523,9,3,3,0
5035.607448101296,8,3,2,0
5596.006804636653,10,1,4,0
5690.418927037211,13,5,3,0
420.4689545587861,23,0,3,0
6878.68370645211,11,4,0,0
3668.735251546558,6,1,3,0
2103.0165731612346,10,8,3,1
1937.9072373000542,16,1,1,0
3866.697832187384,8,5,0,0
7095.218158054329,21,3,0,0
3029.8889155527622,22,5,1,0
5999.057345534428,12,1,0,0
779.0657542428128,15,1,2,0
3811.0733336977387,2,6,2,0
7933.530692439921,4,2,4,1
6164.6502333247345,22,2,0,0
1688.175265082701,16,6,0,0
4014.024582214796,0,7,2,0
1872.8299853702895,20,6,4,0
3279.4396134637614,8,2,4,0
6241.771769761043,22,2,2,0
6170.942398246777,16,6,2,0
1828.662521329569,12,2,1,0
7378.175428648106,14,1,4,0
4742.5826212047905,20,6,4,0
3042.494706241306,7,2,1,0
4017.974968342981,7,4,2,0
4842.544671234761,1,6,1,1
4481.324802107054,22,1,1,1
3893.8082591117445,9,7,3,0
4041.9377686947537,4,1,4,0
1415.4132238709499,15,3,2,0
6502.799569915912,18,3,3,0
4336.373757928418,0,7,3,0
1052.9834943291012,12,0,3,0
6130.42602715431,3,8,2,1
7459.88960712692,6,5,1,0
7578.718659399512,0,3,2,1
2955.296770627326,1,5,4,0
1088.4574041182286,15,5,4,0
4149.605014931356,13,8,1,0
905.3107886470194,4,3,2,0
7472.229411008375,13,7,1,0
1472.7191207043923,16,0,1,0
2025.8630503095567,11,5,2,0
3256.0590324453387,19,4,4,0
3068.3999261302106,11,2,2,0
6358.329824721122,2,3,4,1
3653.252980304944,20,7,0,0
1370.2922387266785,20,9,0,0
2141.3431144111623,1,1,0,0
4075.3615145742388,20,7,3,0
1183.8940698219485,20,6,4,0
4895.187126789882,14,0,4,0
4528.149715876411,10,1,2,0
5719.04501947615,9,6,4,0
7501.948399958044,17,2,2,0
7298.47521600374,22,1,3,0
7568.874566460307,21,0,2,0
1961.501198204489,22,6,0,0
1056.86462658164,23,2,2,0
2421.7022204691057,20,5,2,0
7161.2059562666855,1,9,2,1
7776.567529614788,6,7,4,0
6875.302983808456,6,5,1,0
884.591680414711,23,6,1,0
7579.6868444880465,6,5,1,0
3389.7474286695337,22,6,4,0
79.43577464501766,13,4,0,0
3541.937957281808,23,8,1,0
373.3230115553634,1,2,1,0
4353.3039796831345,1,5,3,0
2711.739449359225,22,8,3,1
3790.11229408442,14,0,0,0
4907.297034141221,10,4,2,0
6951.064761063473,9,3,2,0
5296.903103893069,2,8,3,1
3475.2207034830544,16,0,3,0
6556.325690094569,8,3,0,0
7245.129189897192,14,0,0,0
962.4809316254167,13,2,4,0
4257.804155534568,18,3,2,0
2279.673118140841,16,0,4,0
381.2542770261945,21,4,1,0
5350.030827436312,19,5,0,0
6902.852365786509,16,0,2,0
1307.4067225467654,15,9,2,0
6500.247192703085,19,9,4,1
6827.898889627849,7,3,3,0
7315.1518391185355,6,3,3,0
2125.9542872429893,11,0,0,1
7232.104756193165,0,1,3,1
2568.698724117776,11,9,1,0
4420.942417576745,5,4,2,0
408.80722930409564,15,1,3,0
355.8293015081051,17,2,0,0
5764.383835793962,18,8,1,0
3558.6174239324396,22,4,4,0
2054.0575410768943,2,0,4,0
1527.355900719157,2,4,1,0
5361.2781594194485,4,2,0,1
8.210344482592284,2,0,4,1
6448.099897728849,18,2,2,0
638.6006010087809,4,5,2,0
1535.959471190415,13,9,0,0
3092.9599804162212,20,4,0,0
3881.4456240302484,15,0,2,0
2843.185950932465,0,1,0,0
2569.0937590494295,16,4,1,0
7711.508516525141,10,8,0,0
5134.429551540937,8,4,2,0
192.34647816226874,20,4,3,0
3444.256388012284,3,0,0,0
7000.694554453042,1,4,4,1
2415.1422103532905,8,7,1,0
760.9779764712339,21,8,1,0
6068.286248861393,4,9,1,1
4850.08058632897,3,2,4,1
4564.648500072899,22,3,4,0
433.34459406122636,4,6,1,0
1128.289583315161,23,6,1,0
4982.282422723844,23,0,1,1
1666.5516124633923,17,5,0,0
4035.0402875886525,12,8,4,1
4361.329079805001,4,4,2,0
2271.6399862161607,23,7,0,0
7587.659118554236,18,9,2,0
6740.500534150423,22,8,0,0
5780.376193524224,2,9,0,1
628.5609619432256,21,9,2,0
853.5095043756104,17,2,1,0
3944.786860190321,5,0,2,0
1289.9032267819305,5,1,3,0
7826.232380918145,23,4,4,1
1272.3692710491384,4,9,3,1
3902.305344534472,0,6,0,0
2916.147849447836,7,5,2,1
5116.894439525513,0,3,1,1
1036.6460890709523,20,8,1,0
3445.3798421989154,5,3,3,0
2201.2667372931132,19,2,3,0
7102.573439750146,13,4,0,0
329.4827685168872,10,3,4,0
7310.251314581642,1,1,0,1
6664.788137731239,20,2,1,0
2384.0778779443194,3,6,2,0
6315.378784143452,12,1,3,0
254.55241490828672,6,0,1,0
7735.0900745956815,5,1,0,0
4215.126566005366,2,7,4,0
2429.7318033932347,8,7,2,0
2903.852784694443,13,9,4,1
535.9108009166764,19,1,0,0
7914.8493647661035,10,5,0,0
319.1391014797862,4,6,1,0
5240.982449567133,13,0,2,0
3544.673742013134,18,6,0,0
7591.585164418777,7,7,1,0
1971.7679237528273,6,8,0,0
4259.034157384401,6,7,1,0
3861.43788761911,23,2,4,0
5624.41722018056,22,7,1,0
548.741804459602,2,2,4,0
1554.344094536722,2,5,3,0
1720.4457366423344,17,3,0,0
5906.515284959309,12,6,3,0
1517.1638771322869,0,7,2,0
4590.066652308358,4,9,3,1
1725.8743449051249,3,5,1,0
6893.691475921408,15,9,1,0
7537.77270864466,14,3,2,0
4150.351334663213,17,7,2,0
2821.7095292523804,16,6,0,0
1876.2919112649056,13,9,1,0
402.9991071767349,13,7,2,0
2151.6581091989756,18,9,3,1
5235.615060662816,5,6,1,0
4271.267365817141,12,2,2,0
7552.610019856015,17,2,0,0
3173.236713621146,14,8,4,1
5552.437421915514,22,6,1,0
3917.1353660635955,6,0,1,0
4103.046846314072,18,2,1,0
2145.855645259919,16,0,1,0
3642.3314608517876,8,5,4,0
3768.9260511165944,10,1,4,0
5654.606961382727,4,6,0,1
7525.41679349298,1,7,1,1
2637.9236134726216,14,5,2,0
342.39274630748105,23,4,3,0
3972.8795283776144,11,9,1,0
4357.968350532603,9,3,4,0
1351.6822062996625,9,8,0,0
6084.914527177153,19,7,1,0
7879.508221989726,10,4,0,0
7566.468862482645,9,0,2,0
1580.8627803950992,6,7,2,0
7003.529103006582,13,7,2,0
5637.42662311142,12,6,2,0
3633.503277636258,4,6,3,0
4327.184899626209,18,7,0,0
6797.553398984753,9,0,1,0
3843.6788424087936,7,2,3,0
2988.7929159954892,17,3,1,0
3948.5137067427563,0,5,4,0
4635.142783260218,4,9,3,1
1516.675841957899,10,9,3,1
7207.75730348459,19,8,4,1
5395.124655892762,10,3,3,1
5067.984994113224,15,5,0,0
800.472328314202,9,8,2,0
4835.370635689871,14,8,1,0
972.0804945967462,6,5,4,0
634.1879131872154,14,4,2,0
4220.850610660935,15,2,3,0
3225.2703447017275,5,4,0,0
4712.538109899005,10,2,3,0
718.3312336176225,16,4,4,0
3450.7095874638308,14,9,3,1
1402.419786786038,15,9,0,0
7896.865186963312,23,0,3,1
4491.395948419219,1,5,3,0
5501.0577032222345,3,6,3,1
2606.7191540574495,18,1,3,0
762.4376236608565,5,2,0,0
7807.087547954376,17,9,1,0
2293.6409878885497,20,8,2,0
3393.3464404627257,10,7,4,0
5200.6620540120875,8,3,1,0
202.45489500045974,2,7,0,0
6483.021748485709,1,7,4,1
4294.942629278819,17,5,4,0
2229.3464106152333,14,0,3,0
497.55584241329166,21,1,2,0
1304.1748317181593,17,3,2,0
7160.795701533228,18,3,0,0
5489.763670367449,14,1,1,0
2002.9642644869343,16,8,3,1
529.4781157355111,17,1,2,0
5526.469422531158,17,5,3,0
4581.399769112282,10,4,1,0
3239.1335980435892,17,3,4,0
2912.0735362745604,22,5,1,0
1738.4301360532208,2,3,4,0
5358.541996017453,12,8,1,0
7765.490882211995,13,9,3,1
1409.8433904654228,3,6,1,0
4778.947377023949,17,2,2,0
3396.3595206890795,4,9,2,0
3576.276330348596,13,3,0,0
2036.9075046218761,11,0,2,0
6601.953330913046,6,5,2,1
3884.6185551571925,11,1,4,0
4349.529788325121,7,3,3,0
2441.5634978146195,20,4,3,0
1458.5586830072632,20,7,4,0
691.8535536815498,2,2,2,0
5714.382531694702,21,5,1,0
1573.8930820944056,0,0,4,0
5522.152456739438,2,8,3,1
3126.0596861453964,10,0,0,0
3329.1195339122637,17,1,3,0
3756.0740812617096,6,0,1,0
2944.829522479708,8,7,3,0
809.4567178946078,3,3,4,0
2480.506320972752,22,1,0,0
5311.556213748037,23,6,3,1
5327.946289743623,9,7,4,1
2293.363336383755,17,8,4,1
3683.5204993287152,22,4,4,0
1551.6105879554402,15,2,0,0
1686.924791831037,11,0,4,0
189.26147181082624,18,7,0,0
7174.488666512418,23,5,1,1
1689.599787273875,21,4,1,0
1824.1333461070242,2,6,1,0
2240.413453997829,7,4,4,0
1023.6275332049548,18,3,0,0
5115.906751034996,8,4,1,0
605.7679106548046,18,6,2,0
1077.9483984791705,16,5,1,0
5159.830029087792,12,9,4,1
2720.586660749135,1,9,2,0
5665.042874476007,3,8,3,1
4461.610833637786,10,9,2,0
2051.889278626797,1,1,3,1
5208.369464162178,3,6,2,1
934.6080739415809,3,0,0,0
4293.601012724843,19,7,2,0
3499.999099835052,0,3,1,0
2146.649294625439,10,7,3,0
4834.019956927304,22,7,3,1
6971.3120707605585,1,3,1,1
7991.243074605798,18,3,0,0
4864.063336103679,7,4,2,0
3240.6234652617154,22,6,0,0
1805.5307662285318,19,5,1,0
2060.4832347139186,3,0,2,0
3838.2425503073764,15,5,1,1
2941.3852217392705,14,2,3,0
7310.947108386429,4,8,3,1
2949.5222639073977,4,2,3,0
2990.689506207757,14,8,4,1
3071.358426909646,22,4,4,0
6693.778581889426,16,9,3,1
5208.052625170981,2,7,4,1
4915.279958299547,17,8,4,1
2676.4734639589783,10,8,1,0
6544.143893775354,5,6,2,0
311.7190715388306,11,9,3,0
6967.023392843214,21,0,4,0
4104.435448852467,16,7,1,0
3189.0106277329855,13,6,1,0
3979.852409337897,5,3,2,0
5340.98716661798,9,5,1,0
107.0595850105894,15,9,0,0
6973.05709238369,17,1,0,0
3576.6825048645856,19,3,3,0
2747.0173250021253,5,7,2,0
1110.2732972442866,18,3,0,0
3518.5256679957447,2,9,2,0
3973.100556418609,11,3,3,0
3232.1553224753548,15,3,1,0
5430.887450146042,2,9,1,1
3370.067747430012,15,8,1,0
7691.533534883354,3,1,0,1
4796.223754999617,19,6,2,0
6460.786095537012,12,2,0,0
879.3004453602833,3,3,4,0
3181.343887102516,3,0,2,0
2698.0973730699857,6,2,3,1
4558.0116931520515,20,1,0,0
6889.602592891098,11,9,1,0
631.3140510072433,1,6,1,0
585.2355103674628,15,5,1,0
6803.2900767200035,6,0,0,0
1706.7364378766677,18,7,0,0
5351.68226932626,10,8,1,0
4345.310668224637,0,0,1,0
6663.9842911234,8,4,1,0
1005.0858341420462,4,6,4,1
1042.6148109522771,16,1,0,0
4456.7627904250685,0,5,1,0
7571.297333600175,16,7,3,0
3322.9070781741802,11,7,1,0
2618.902091536286,12,9,0,0
4855.481138967097,23,9,3,1
7443.936561357524,10,7,0,0
6696.238023592767,12,5,0,0
7963.891467812093,12,5,0,0
185.43582270300485,5,2,2,0
907.300866978534,21,1,3,0
4877.694768116143,5,4,4,0
6565.508632474129,19,8,4,1
2285.5285167425986,20,3,2,0
1917.4926488335789,9,4,0,0
6296.871516052701,18,5,4,0
455.7729215565865,2,5,3,0
2958.214267422768,6,3,1,0
4048.944734625676,4,3,3,0
4484.987651430836,7,7,0,0
5830.278178558251,4,4,3,1
2841.9915588281124,11,4,0,0
4903.411335673484,3,8,3,1
4685.076505213696,18,3,2,0
4383.190724726708,17,6,3,0
5125.6639286719865,2,4,4,1
2079.29612268927,6,8,1,0
681.7667849091087,7,7,2,0
958.5770179577487,14,7,3,0
1800.5361493179391,20,9,0,0
4004.082494504668,16,9,2,0
6724.339790615431,18,2,4,0
5611.840269996631,3,8,1,1
6313.3796305953665,15,7,1,0
2811.0501132891004,12,2,3,0
3240.2066644801585,11,9,4,1
3152.4866784949495,3,0,4,0
1539.0261093139895,11,4,1,0
494.42718185785833,16,3,1,0
4729.374162153678,8,7,4,0
7913.787383947586,11,5,1,0
1338.8034910773513,14,9,0,0
378.2451350946937,19,4,1,0
6237.3557961823435,1,8,0,1
2024.42512344437,8,5,1,0
6638.002223796662,13,2,2,0
5632.973652940951,3,5,2,1
7565.659928721183,3,3,2,1
3274.3732498745926,5,4,0,0
5297.44886640782,23,5,0,1
3721.5139726020993,4,8,3,1
5046.5566349818055,23,2,3,1
3599.54325353186,16,0,1,0
1513.1148101604783,12,1,0,0
4065.6398409470303,19,7,2,0
4231.030690492352,16,3,2,0
6485.777766839988,18,6,2,0
5885.488042819682,22,1,1,0
5312.014033411845,0,9,0,1
911.5298289428174,20,7,1,0
5766.327243856402,16,9,4,1
4004.9397250543457,21,8,4,1
7153.325791168743,2,6,3,1
7359.36811837369,13,9,0,0
445.9769418612748,11,0,2,0
6566.029275034058,14,1,0,0
306.3906364292516,5,8,3,0
2940.521157431706,19,9,2,0
4340.688305090527,21,6,1,0
1189.0658850238838,1,2,2,0
5971.778931489769,3,4,4,1
71.79585985624789,12,0,1,0
1352.9493922301244,12,9,2,0
4648.470654678538,22,2,1,0
5716.528558488152,21,3,4,0
7333.56160603786,22,3,4,0
5645.4457322173175,16,6,0,0
5375.875265687653,5,4,4,0
3157.757465073561,10,8,4,1
15.268982086777303,18,6,4,1
965.6732735912974,15,1,3,0
4278.763585324533,7,7,4,0
5402.663437326135,0,1,0,1
3342.4990297522177,9,6,1,0
5846.7786971694795,1,4,3,1
4177.289051180769,18,9,1,1
598.0386837765261,13,5,1,0
1540.169926488751,2,3,0,1
6720.785794835324,22,4,3,0
5800.677409262394,23,4,2,1
7158.622086164897,8,6,4,0
944.8702067218878,22,3,1,0
7921.829164247516,7,4,1,0
1679.2066780297191,10,3,0,0
99.18011091170287,14,3,0,0
7979.396397733166,5,7,0,0
2252.1857141336795,1,4,3,0
5345.815522837916,0,8,4,1
1417.5751018395601,2,4,3,0
4643.9271149321385,22,7,0,0
7232.759716704201,17,2,0,0
2564.8484335903668,13,6,1,0
5363.680538474652,16,0,3,0
1507.28919244334,1,4,3,0
5000.239212756208,18,1,4,0
2694.920562780994,21,7,3,0
1693.6100274106736,8,5,4,0
2508.8904953755628,7,4,2,1
1434.8343427198558,9,2,4,0
7215.819282163873,8,0,0,0
3180.509156105445,7,9,2,0
1966.008043270067,6,9,1,0
3590.0206889223837,21,9,1,0
2567.686653617932,23,9,1,1
5956.631934237541,5,7,0,0
7769.903195524527,1,4,1,1
3507.0790852976866,8,8,4,1
6888.962032778062,8,6,0,0
4529.075273109158,18,0,3,0
1262.0991424283966,8,0,0,0
5526.528822940326,1,6,0,1
4109.908804520932,18,6,3,0
5206.599153400567,15,8,4,1
7118.050863510462,21,1,2,0
3526.2743923950884,13,6,3,0
7209.915097622758,19,1,0,0
6006.598769181831,23,9,1,1
3911.3963823944882,0,9,3,1
4827.76097458542,12,1,3,0
2608.0211544894964,21,4,2,0
7868.8604114115,1,8,0,1
5340.472548587916,21,8,1,0
355.555585710556,13,9,1,0
2616.34213645533,0,0,2,0
4988.398897903665,14,6,1,1
455.3845560049222,17,9,4,0
195.95410959654643,8,9,3,0
3602.9437950247816,21,2,3,0
2664.857986642897,7,9,1,0
3509.1973712251615,6,9,1,0
2105.233012490641,8,0,1,0
1321.9183868091325,8,1,3,0
5514.7011390578,10,5,1,0
4118.996074561065,3,9,4,1
1605.2329189386878,6,1,4,1
2560.1174629486864,20,1,3,0
4736.50422176829,6,3,0,0
582.4736394384604,3,2,0,0
1183.8868090831054,11,7,0,0
590.598604838584,16,7,4,0
6499.477075049381,19,5,2,0
6020.511819530014,2,3,0,1
6027.73689037466,8,6,2,0
5732.021121090845,4,8,3,0
5356.736462240604,19,1,4,0
3818.550363448509,15,5,0,0
5140.013917239384,7,6,4,0
311.70063052985734,20,0,3,0
4973.608059140993,15,5,4,0
6224.132255767333,18,7,1,0
4005.3650912731996,15,6,0,0
2863.319060775759,17,1,4,0
2223.0267447338283,14,1,4,0
5144.202391045849,23,3,4,1
5543.94558304612,17,4,3,0
6968.385960901028,13,4,0,0
2741.9609892756207,23,1,0,0
6159.329597547757,15,6,1,0
4493.039814393756,4,7,1,0
7063.277742971242,7,1,4,0
4224.857805823488,15,3,0,0
4143.450478041748,20,2,0,0
4625.127266120068,0,3,4,1
5995.776264363763,10,4,2,0
7717.700378233545,10,5,0,0
593.1390169550464,1,1,4,0
432.2096461161822,21,9,4,0
7500.7149475716715,18,5,2,0
4241.355626018058,23,8,1,0
4921.149601462654,4,7,4,1
3861.9766947498574,2,0,0,1
753.7913335967586,22,8,1,0
6145.874580457239,7,9,1,0
5979.061037483252,3,1,1,1
2497.0680553350317,12,0,4,0
2453.3827656010612,21,5,0,0
6703.541840339621,13,0,2,0
583.4962756419063,0,5,3,0
7049.435661110744,4,1,3,1
2057.010210717836,20,6,1,0
4745.913058305174,6,6,3,0
7488.273461119213,22,3,3,0
5426.589399785488,5,1,4,0
3318.3663506739576,14,6,2,0
5517.826000198795,14,0,3,0
2755.11719234938,7,1,2,0
2221.681038711743,1,1,3,0
7973.482807087764,13,0,1,0
6007.567898282403,15,8,1,0
5159.536219167632,22,5,2,0
2845.5406975384535,9,2,2,0
398.04082909461005,14,5,2,0
253.29972390106911,22,6,2,0
4435.679137313146,3,2,0,0
6097.451604707213,11,3,1,0
4301.346627598621,9,9,3,1
6727.076650153221,1,0,0,1
272.245132080307,3,5,2,0
2937.1828510253913,19,5,3,0
1900.3777774375535,5,8,1,1
3580.9473804161908,13,1,2,0
583.6492635870093,22,4,4,0
7633.282474360725,2,4,2,1
1789.9269315495405,14,6,3,0
7378.850664991261,0,4,1,1
3410.015774518271,18,9,2,0
7884.2654453754685,0,3,1,1
4434.696775764385,12,9,0,0
7447.00874908558,7,1,4,0
47.76516461031164,17,7,0,0
5987.169255416296,21,4,4,0
7224.88997155461,2,3,0,1
1122.0659329967377,22,8,1,0
773.5261845985511,17,1,1,0
3399.457994451715,19,2,0,0
7469.762854532816,8,7,3,0
4341.380548722558,5,3,0,0
4222.014427455249,19,8,2,0
1133.3033158030782,1,9,3,1
11.312141190284198,3,9,1,0
6482.070025509963,17,9,0,0
705.1586310749746,6,9,3,1
5072.629300788915,10,8,2,0
7317.358553848956,4,9,4,1
1673.1720457016559,7,8,1,0
5323.856325714102,10,0,3,0
634.1951207765381,23,5,3,0
4832.022374981716,19,9,3,1
1315.634109020856,19,5,0,0
5888.948716318848,14,7,1,0
2413.344201877296,23,6,1,0
3709.811115393147,2,6,0,0
4797.447183510835,6,1,0,0
1374.3309182765854,23,3,0,0
5934.394359847879,7,0,2,0
2424.6095233913325,10,6,3,0
5300.663020002464,9,3,2,0
1270.4729903414923,19,8,1,0
5506.50068535477,8,5,0,0
1029.8636421196416,14,5,3,0
3405.725187678519,19,8,4,1
1981.4125595423202,23,7,3,0
5988.26011917832,21,5,4,0
2099.969861032462,4,5,3,0
7054.329864631193,14,5,0,0
7135.102590195869,3,3,4,1
1575.548315206173,4,4,4,0
4912.698330336755,14,2,1,0
706.3025455511148,16,8,3,1
3135.3391113150255,22,1,2,0
5708.007227362672,7,6,2,0
5277.088858565081,18,0,1,0
4999.481851905831,8,9,1,0
2263.9142049812363,9,6,1,0
3027.3094707280443,4,1,0,0
828.054426878788,9,4,0,0
5753.58744936664,21,0,0,0
4033.5909303462317,0,4,0,0
5671.581230603509,21,3,1,1
1995.3034807509978,23,0,1,0
2598.8836379373543,3,0,0,0
2677.0516213946166,20,6,0,0
210.81056592899353,4,2,4,0
2731.6777432808353,22,9,3,1
6427.420065276678,6,8,4,1
7178.9014735191595,22,8,3,1
4148.15543350924,4,9,0,0
3646.7360532776656,19,8,0,0
251.4428265014652,7,0,0,0
7034.238678995134,16,3,4,0
109.01665633985239,0,0,1,0
7558.276891280643,21,0,3,0
3916.283908261285,17,8,4,1
2738.7662761299393,11,4,0,0
7394.126386567067,2,0,1,1
200.0059899152234,19,2,4,0
4653.492034478351,13,6,3,0
4393.715533372204,15,1,0,0
1758.4666076849996,17,3,3,0
3433.9550136449334,9,1,0,0
5219.850727520443,22,8,0,0
5818.41391907101,14,8,2,0
10.731285359105353,9,6,3,0
7495.143173577667,0,6,1,1
1320.3803522805351,18,1,0,0
1872.4755716077618,1,9,1,0
2111.4701983223167,12,7,4,0
307.3719917335223,15,0,0,0
988.8017281046477,7,7,0,0
7890.867633938576,2,4,0,1
2525.157815331402,20,3,1,0
926.8322172606995,18,9,2,1
860.3951330911134,13,1,3,0
5757.082441521426,10,2,0,0
6837.276468940964,11,9,3,1
2059.3336345702164,10,1,3,0
172.1715511202036,10,3,3,0
1788.6046974706196,21,2,1,0
456.8429479200749,20,4,3,0
831.6425183571819,17,6,4,0
3454.9074181819005,9,8,1,0
1843.1973750387524,15,4,1,0
4129.98729881076,7,7,4,0
2031.682557291237,5,1,2,0
7524.595722318067,18,5,2,0
7248.022023570485,12,7,0,0
4536.614809558676,14,8,2,0
2838.6198159391524,12,3,0,0
3052.269321867711,0,3,3,0
3297.7590037402533,20,6,0,0
5821.9966804688775,1,3,2,1
3615.853769173109,12,4,0,0
6854.55592231465,1,1,1,1
7553.037813513265,10,1,2,0
2690.8894962645763,12,9,0,0
4487.752378598562,9,4,2,0
764.9770119763526,22,9,4,1
1607.75003689204,21,9,2,0
3310.65880484773,14,1,4,0
1653.5907136347219,0,5,0,0
7013.101123855797,13,5,4,0
1270.498617192489,9,7,2,0
3648.0082683169703,17,0,1,1
4847.565427476706,10,6,4,0
5536.451945745951,6,6,2,0
3067.6396109634215,14,8,1,0
6953.447054454205,2,3,3,1
4548.7116128680145,1,6,4,1
3518.8647046781766,21,5,4,0
542.5888692460328,7,3,0,0
3720.1923002190942,7,9,3,1
6566.783047321764,10,7,0,0
4918.255440679417,15,2,0,0
6658.1388175643015,1,7,2,0
3954.623306441448,21,4,0,0
952.1013322303824,4,3,4,0
114.05056745786916,6,2,0,0
2429.2402760151367,19,9,1,0
5585.433819624851,12,6,4,0
6323.127932013842,1,6,2,1
2369.543912789534,2,5,0,0
3967.7530974615606,8,2,1,0
3371.8456409504824,9,8,1,0
3287.129660889666,23,1,4,0
1854.6329620352033,12,2,0,0
1095.2869847105196,20,0,1,0
1577.5250230585489,12,6,0,0
447.38243537095207,4,1,4,0
1589.0552808794985,22,9,3,1
78.56117651490875,6,7,1,0
5019.930913084646,16,8,2,0
2534.4213820645246,14,1,0,0
7785.291967858135,4,5,4,1
1553.7678209565015,23,0,4,0
2769.8994196252033,6,7,2,0
2865.940063339058,1,4,3,0
72.56971101937201,23,8,0,0
6714.467584550474,17,2,3,0
260.79570885387614,9,1,4,0
7521.737778660285,0,6,1,1
7137.134436993497,13,6,3,0
4286.4977191072785,18,9,1,0
4351.0466214157805,15,4,2,0
5231.9544940344695,18,6,4,0
3099.464845419421,5,5,1,0
5179.542155765855,11,8,0,0
362.92326756445254,2,2,4,0
437.1107806610639,6,3,2,0
3660.557204858257,23,8,0,0
4399.2302973427495,2,9,4,1
7103.102034484873,16,7,3,0
841.7617680936306,14,9,4,1
6582.070177915145,18,5,0,0
1684.3284616500964,18,2,1,0
3155.6987698377047,22,8,1,0
2536.236466445166,10,8,4,1
3204.241406558865,20,5,4,1
1208.2115070903214,19,1,2,0
4031.042744856422,1,6,3,0
6414.132505701781,6,8,2,0
3535.064412979281,18,8,2,0
3927.455539306102,6,2,1,0
6790.896844324107,9,1,1,0
5649.934626531056,11,4,0,0
3926.182996115679,22,9,2,0
2065.2767072724914,17,6,0,0
7079.989341025508,22,2,4,0
4618.278111516014,5,3,0,0
1773.0751428349936,19,9,1,0
2156.612422340893,20,1,2,0
6426.049046045286,7,9,1,0
357.9437688892064,4,1,4,0
7936.777035295417,2,6,3,1
1047.1616793197602,1,1,2,0
6369.567860548515,21,0,1,0
3161.2286575896046,5,3,3,0
3940.2683853832973,6,5,4,0
7045.8013668293,7,9,3,1
3306.22496076576,3,9,1,0
4302.26256061751,11,3,1,0
399.1508009613137,23,0,4,0
23.768053570287965,11,0,4,0
1962.1749846487985,16,8,3,1
5446.261827885544,21,0,3,0
974.5128224062979,21,6,1,0
914.5268606423726,18,6,4,0
3290.630061247047,8,0,0,0
5184.457123672771,11,0,4,0
5698.015578022204,20,5,2,0
1431.7131394165065,16,7,2,0
641.3072382394794,22,6,4,0
7523.474286394626,9,5,3,0
2089.0277285840034,18,9,2,0
6827.505248381747,10,2,1,0
6908.6141464502325,19,6,1,0
6181.318121141543,21,5,1,0
1354.8246851872977,23,7,4,0
6575.3026667373315,12,3,2,0
6155.158221136486,3,8,3,1
4775.800305899205,14,0,1,0
2700.9302711757773,11,6,3,0
2103.75629111102,23,8,1,0
979.5042505824699,9,9,4,1
4080.507749872467,21,0,1,0
4684.160699701223,6,9,4,1
2877.9152291737187,23,2,2,0
3805.495746108544,1,6,2,0
2911.298086667287,20,8,3,1
5129.843428279007,6,0,1,0
7210.567366333524,7,5,2,0
1315.5424950653244,20,1,0,0
3054.3634351754717,18,4,0,0
1131.2444885871362,5,6,3,0
5001.425444410617,20,6,2,0
5832.319723361324,7,9,4,1
7455.642297116659,21,6,0,0
2234.5810504564142,19,3,2,0
7601.938590894114,3,5,4,1
510.78506120629504,19,9,1,0
4826.0958375998825,23,5,2,1
461.77609114992316,8,6,1,0
7150.724631156749,4,8,0,1
4240.823411275082,5,5,1,1
5356.440064348555,18,9,0,0
6653.4335376540685,11,0,3,0
1206.7334267593303,4,7,3,0
313.5395376953801,4,1,0,0
7031.654761573253,17,2,4,0
2522.8911535341654,5,4,3,0
1036.1863688776864,8,5,4,0
3750.347590511257,10,6,4,0
4788.45707518967,22,3,4,0
252.60997436296844,13,2,2,0
2202.7907877654166,23,8,2,0
267.2349948437836,1,3,4,0
3365.5814366180143,13,8,0,0
7161.3247323846235,18,8,3,1
7861.306029891086,9,2,1,0
5098.195190261502,4,2,2,1
1297.2933618078116,22,7,2,0
7247.265873044449,3,0,1,1
4132.401346484484,6,5,4,0
1234.2257502628302,23,5,1,0
7374.204722266033,12,8,4,1
6060.965060531208,9,1,2,0
5854.983655421596,9,7,1,0
5674.8997268362655,3,6,0,1
1606.7168696660565,15,1,3,0
1691.9985002016708,14,0,3,0
5507.902522425904,20,3,3,1
1761.683387132623,10,1,1,0
3512.1802159403755,18,2,4,0
6257.104595623561,20,1,2,0
6272.700382192238,23,8,3,1
3628.827871344248,2,3,1,0
6338.558556510585,14,0,3,0
6709.781260603464,15,7,4,0
5239.93213151766,13,3,0,0
1831.2646892058192,4,9,0,1
2195.7241841824525,16,7,2,0
2522.1550374928393,17,7,0,0
938.8488413329462,18,8,0,0
2188.9111648577114,0,9,1,0
1680.1061983786942,8,6,1,0
3645.3533547197744,20,3,2,0
7267.958195238758,13,1,2,0
840.3201324478948,19,5,1,0
5763.542051959428,20,3,0,0
5499.827620282957,19,5,4,0
770.5548183135445,20,7,0,0
7380.966377221872,22,2,0,0
4549.9352562437725,10,0,4,0
2912.9855414797953,23,4,2,0
6053.525975044977,1,2,1,1
2062.636839921064,19,5,2,0
5549.611147185332,23,2,2,1
322.4911045401165,22,0,2,0
6716.067260686129,4,8,1,1
3588.1259219354415,21,4,2,0
5095.359850291744,23,1,2,1
1773.796369354436,14,1,3,0
5418.204332704291,11,8,0,0
6179.061005766746,13,0,3,0
3788.339429140768,10,9,1,0
4943.726757874046,20,2,4,0
3653.3257609600764,8,9,4,1
7153.2604972164745,19,6,3,0
3985.4640982119818,7,0,3,0
6735.260628685407,11,1,3,0
6411.809705870637,2,5,0,1
3286.9860466801106,20,8,1,0
1844.525512400513,14,8,2,0
3251.626649815369,7,7,3,0
6610.607919322885,6,2,0,0
1824.922123876042,16,1,4,0
4197.868585132706,11,0,4,0
6449.743499946176,19,8,4,1
2831.0524136513886,17,4,3,0
5139.466047836566,17,2,4,0
1968.8244345202722,14,9,4,1
878.6891657184386,22,9,4,1
6356.101879617387,2,4,2,1
796.254144152611,18,2,4,0
2174.6942536612787,14,8,0,0
6841.599828869534,15,0,3,0
2775.021950193944,21,0,2,0
7784.497569365718,21,2,2,0
7837.9760065170085,16,5,3,0
2149.866783526186,0,1,4,0
332.6208868878741,10,0,4,0
5641.980957222006,5,7,1,0
3610.637088673508,22,9,4,1
810.5189874568124,8,8,0,0
5661.644937729452,19,9,4,1
254.24339834981018,15,0,3,0
6962.222540485476,5,2,4,0
1113.5269702608632,11,4,3,0
1022.8584705800664,18,6,2,0
1409.5000222588333,12,9,1,0
7682.329536144072,12,3,2,0
5546.889035229499,3,5,3,0
6411.965426031776,8,0,1,0
3184.0917109333604,13,3,2,0
2693.82025640212,13,7,4,0
1879.6996342314437,16,4,4,0
3847.7809863577095,4,7,1,0
4416.870724605677,22,0,2,0
5056.039875003779,18,9,0,0
2060.6624394695627,1,8,0,0
7589.48937681941,12,3,0,0
1362.2191931660511,10,8,2,0
7725.397132257466,1,7,2,1
123.7746994474928,0,7,2,0
3851.599906075681,20,1,3,0
2670.2758657419195,2,2,0,0
3595.741694372355,11,9,0,0
4567.463308951408,6,8,0,0
3487.5353183116085,0,2,3,0
3321.700568161252,8,7,3,0
5863.123706229386,17,4,2,0
5488.580819316285,23,6,0,1
6667.003899876604,19,3,0,0
2003.422055009767,5,7,4,0
4878.180435483739,8,3,4,0
4683.632309215866,22,4,4,0
2961.0537979271467,7,0,3,0
3891.030047511934,22,9,2,0
2513.688235729301,17,7,1,0
1139.0459589477966,14,6,0,0
1714.340679248549,0,4,4,0
848.5816029776028,13,5,0,0
5466.1412536450425,17,0,0,0
5287.515507907667,18,7,0,0
7605.097940781083,18,8,2,0
5838.778917109694,9,4,0,0
421.1064808552709,19,9,2,0
7074.540165561989,20,6,1,0
6902.087927751078,5,9,1,0
3549.3459645777257,16,3,3,0
4688.975088970733,13,5,0,0
7808.7462681177885,12,1,4,0
4260.773388966089,7,3,3,0
7243.048017866838,21,4,3,0
668.8948686924406,9,8,1,0
1532.4596903259194,8,8,4,1
3528.835772813336,4,7,0,0
4680.130682656751,22,3,0,0
6530.741675643088,3,5,1,1
7906.155610569779,5,6,2,0
3113.867714310561,5,0,1,0
384.088010939979,12,0,4,0
6410.366168846122,3,3,2,1
4837.023849067051,21,2,4,0
1592.3501566512723,7,9,0,0
3961.1535106882543,4,3,2,0
5939.770413042126,1,8,4,0
6164.442237613807,8,1,0,0
3999.449203930102,10,3,4,0
2445.190168380229,19,6,2,0
7790.071943397756,19,1,0,0
5308.58407459716,10,7,4,0
3268.858967173658,6,9,3,1
2247.303477516196,13,3,2,0
5850.168349113479,5,8,2,0
1941.2566475221727,3,0,2,0
1377.8213618446368,5,6,0,0
4241.021942251752,2,0,2,0
2323.4492041899143,22,9,4,1
5033.096633664302,5,8,3,1
947.9197056194967,2,9,4,1
5241.254131015736,0,9,4,1
2269.955741341629,20,0,2,0
6.942260803929289,17,2,3,0
1019.8537811050401,22,6,3,0
7469.2549457915775,22,0,3,0
6939.500339727286,3,4,3,1
1872.7042111297135,5,5,1,0
6228.083376841202,16,2,3,0
4870.529887425924,17,5,2,0
7767.383168041706,5,3,3,0
2991.9772479748026,1,5,4,0
5453.277597074784,11,5,1,0
512.9681007792291,11,3,4,0
3172.9975377971655,3,0,2,0
7710.722201199503,15,2,2,0
4314.152091228714,19,9,3,1
2306.5966291620825,9,6,2,0
966.5663502132118,9,1,1,0
5629.709079751336,6,3,4,0
5160.624067220666,13,5,2,0
2994.640015262178,6,4,2,0
7607.776108167345,11,5,1,0
182.51148983786328,10,4,0,0
2433.2721937964475,16,8,0,0
7368.9505429651535,10,1,1,0
2570.878829363926,20,3,2,0
2021.7614066720873,2,0,1,0
4276.092177400322,18,6,1,0
6591.2949906147005,21,0,0,0
829.6583532224967,3,5,3,0
7544.450573617661,7,9,2,0
6361.6076850434065,13,9,4,1
1454.0957931346577,19,8,1,0
5697.503649779311,23,1,0,0
3082.7449874872696,13,0,3,0
3221.345951220168,15,9,2,0
6267.404289048737,14,2,1,0
7702.464539805954,11,5,0,0
1017.6137034133154,15,6,1,0
3367.9387438461613,19,7,4,0
3850.1281566340067,18,3,2,0
3013.612976555206,4,7,2,0
2908.697044111219,11,6,2,0
422.8879971549643,4,7,2,0
5485.881271398173,9,4,0,0
3492.534264874763,16,9,4,1
1562.3764521381945,14,6,1,0
6529.187850905037,7,3,0,0
6421.473181472265,7,0,3,0
3893.7010665707057,7,2,2,0
2391.1130358763453,9,9,2,0
5106.551342742637,19,8,1,0
2308.7763255403374,12,3,2,0
1891.8834029380778,15,4,2,0
5845.464658940482,8,2,1,0
327.40029156900084,15,5,4,0
762.6739259215788,9,3,0,0
59.27145131860026,2,4,4,0
1227.7807758710321,22,6,1,1
556.5751196401234,21,6,2,0
7966.439930400449,13,8,2,0
2314.035709782946,12,1,4,0
1198.397761290632,3,3,3,0
1931.765082677364,3,7,0,0
7489.323944463376,5,3,2,0
4163.680983080044,23,2,1,0
2921.7206799813157,18,9,4,1
6987.764705984208,10,5,0,0
3162.9472130395147,7,2,3,0
2683.3935168117778,13,1,2,0
1662.2237677851358,7,8,4,1
3025.4856071557447,13,2,2,0
2536.8914263553233,22,0,4,0
5420.045154588637,6,8,3,1
2320.2137238424634,20,4,1,0
4619.711972648379,17,6,1,0
531.8078594306218,11,1,0,0
1534.3568077886323,13,0,2,0
3262.2051465327336,14,5,2,0
7495.90928500002,17,4,2,0
3021.129625796985,11,9,1,0
5314.272598992674,9,5,0,0
2044.4223432590782,11,1,1,1
1020.6334399059876,7,6,4,0
473.0001176400008,5,0,2,0
2446.780920849297,23,7,4,0
1265.4999092412793,18,6,3,0
1396.213531888913,0,6,4,0
6087.270670553666,12,5,4,0
131.62537720426934,21,9,4,0
4464.691955254798,15,4,1,0
3038.793737844751,17,8,4,1
4054.867249268835,11,2,2,0
4504.82774653075,4,8,0,1
2510.374717185939,20,4,3,0
2364.395337173361,12,7,2,0
5868.547785432571,7,2,0,0
6970.859520028652,5,6,2,0
1544.6901515059305,2,9,4,1
785.4619904785159,19,3,3,0
7182.877472104247,3,4,2,1
2802.4142318609524,11,3,3,0
4412.782538349199,12,8,1,0
2879.5474404374277,1,6,1,0
1010.7896790866803,18,5,4,0
4716.7065013570855,3,5,4,1
4203.5011098981895,22,9,1,0
1627.9335057336218,12,6,2,0
3617.693011994961,18,4,0,0
6376.595294605088,7,9,0,0
4725.456694347591,7,2,1,0
779.8540299006238,15,2,0,0
4386.431870346935,10,6,2,0
5623.392702820247,17,9,0,0
6342.663729217107,3,0,0,1
5034.7950411809625,23,3,1,1
1225.502025503566,0,9,3,1
5682.835266388334,0,7,3,1
5420.3480594217235,13,3,2,0
200.2929291103626,3,0,3,0
3296.922602383994,10,4,4,0
2666.9372244641745,17,0,1,0
5356.949453707879,15,8,3,1
1733.005819425811,16,7,0,0
4729.0210241791965,23,6,3,1
7306.0816647043075,1,4,1,1
6383.429965807819,3,3,0,1
7372.054601051161,2,6,0,1
7828.1552056268565,14,2,1,0
90.30766541427131,1,7,2,0
4983.816504637933,23,4,2,1
3305.650985082457,18,4,1,0
6879.536650229298,8,0,1,0
2018.258542563008,9,9,1,0
7848.330765475034,20,7,0,0
4911.59521650226,18,6,0,0
6349.331530819503,4,0,1,1
689.3684248180327,13,3,0,0
1471.7457886471261,9,3,4,0
6068.437365908455,15,8,1,0
180.78224370439224,5,9,0,0
6535.939497220794,7,1,2,0
116.52240444183207,1,3,1,0
5258.66511829488,17,9,1,0
2923.925892253288,20,2,1,0
4893.901347489997,20,9,3,0
5569.771098877964,20,4,1,0
2743.089377394502,19,6,2,0
868.1597726461302,7,4,0,0
561.8187126473838,4,4,1,0
4713.54350038757,16,3,4,0
4167.639553104222,15,8,0,0
5938.897067923454,4,5,2,0
4080.3354024814776,16,9,3,1
3382.4540912968787,3,5,2,0
3187.706989998666,0,5,3,0
216.44298626835138,21,5,0,0
2687.7798275647738,5,0,3,0
7808.281159408331,0,5,0,1
6989.076831935575,23,3,2,1
2638.3776459385704,3,1,2,0
4704.424263505645,1,5,3,1
6779.137480556274,12,0,4,0
3532.988322316799,13,0,2,0
148.57312068245693,16,4,3,0
600.7111422400274,10,5,1,0
4085.589807182909,2,1,0,0
7755.667808528648,6,9,1,0
5547.210290039848,9,7,1,0
571.9749505513633,10,3,1,0
1518.940201955943,9,3,3,0
6171.728530018716,7,9,2,0
6732.3108808501765,4,4,1,1
4943.468216577784,22,9,3,1
5157.163241190384,1,3,2,1
231.55791581516021,14,4,0,0
6629.09942535416,15,9,2,0
6307.260289325783,3,2,2,1
2075.9859771062606,21,7,1,0
5670.870376124228,15,5,3,0
1722.7625783678598,11,7,4,0
327.43963760684636,13,4,0,0
1613.0866580100662,11,6,3,0
1433.1378696506245,20,9,1,0
2705.2952338951036,15,6,3,0
3350.5037299177875,15,5,4,0
4070.7684375241747,21,9,0,0
3816.6472346890837,11,3,2,0
2169.0434746924884,1,5,0,0
238.21949524972536,22,8,4,0
4842.78746978602,23,3,0,1
3168.979914629598,13,5,0,0
2392.88389831346,10,5,1,0
6936.193637429946,8,2,2,0
5975.212745846287,21,3,4,0
6862.835559237676,6,2,1,0
3962.3874437261256,11,2,0,0
1051.795360753586,16,9,0,0
5571.290381789573,8,3,3,0
1652.559870597716,5,3,1,0
3532.631204388276,11,5,4,0
524.6813076463635,19,3,4,0
6603.340677371744,9,5,4,0
1011.8954251747672,8,1,4,0
7225.264568859231,11,3,0,0
6914.523665081149,0,1,0,1
3719.3392016917724,1,7,1,0
5956.223793410405,18,8,2,0
4957.463365176135,0,6,4,1
6425.58976049027,15,5,0,0
3457.2817807833667,15,7,1,0
6287.538831533579,17,3,4,0
3702.342252435858,17,9,2,0
7528.021473803136,22,1,4,0
3893.544946097055,12,3,3,0
3703.6410791101675,21,4,4,0
6281.649533200284,11,8,3,1
6573.5136456279,8,4,2,0
4438.14046899776,4,8,3,1
1442.483518893128,8,8,2,0
3744.7270565058484,12,7,1,0
7744.739660762879,15,4,3,0
6025.1246133482855,9,1,4,0
6490.245018013662,15,4,4,0
267.4398630598248,13,0,1,0
3745.5364037601084,1,7,0,1
5174.735963592155,18,1,2,0
6641.111305606457,10,6,0,0
398.94286039425793,18,1,0,0
6820.2488907067755,10,4,1,0
4389.465489251584,13,9,1,0
1582.5251947555992,14,6,3,0
2541.4554555153513,6,5,3,0
2259.026766253728,14,4,3,0
4249.217979136364,23,5,3,0
418.2270108894989,22,1,3,0
1272.4965872068885,7,9,4,1
6502.48088178938,3,0,1,1
1065.1689060207545,17,0,2,0
1871.003174317725,13,7,2,0
3629.697991805238,20,2,2,0
4139.381500466077,17,2,2,0
6110.065784515198,3,8,2,1
3581.4227511961712,1,5,4,0
6319.967645179133,20,3,1,0
4948.678724828433,5,3,3,0
909.2324166934606,10,6,3,0
1254.8698499507445,0,5,3,0
3499.0846349709177,14,1,1,0
3178.1306977468716,11,8,1,0
5949.63643575017,23,1,4,1
4647.993432679828,17,7,4,0
3108.123982612983,4,3,3,0
1370.2284661858332,10,9,1,0
1818.5626330923337,23,0,3,0
4606.130642660127,20,0,4,0
3390.3932451738406,18,8,3,0
4121.845433341073,21,3,4,1
1369.5660952413582,0,0,0,0
5304.935487494804,16,2,2,0
6821.047233143457,7,2,0,0
2067.2263567612704,22,6,3,0
3934.6562355254537,15,5,3,0
7804.34099552211,10,7,1,0
2669.2677157030676,18,6,2,0
4762.395527665471,23,0,4,1
726.1146231009537,10,2,3,0
4850.0899448231485,14,8,4,1
721.6060275704202,7,3,4,0
7674.087305413957,13,2,4,0
5726.722903318129,0,4,0,1
6306.337506144972,9,7,4,0
5634.3143643692365,6,0,1,0
4719.883643431343,17,1,0,0
3602.0526847786155,11,6,0,0
6867.6951711896945,1,0,3,1
7654.901162006789,17,4,2,0
3994.7942023681303,20,9,2,0
7452.62271799632,6,7,3,0
4668.746615358197,19,5,2,0
4309.381574236983,11,2,4,0
3638.5894499780766,19,6,1,0
1678.2556534333082,13,2,4,0
34.73868824038322,9,4,2,0
1935.8422837142098,8,6,2,0
4080.2367569705034,22,1,1,0
3042.7798183167215,14,9,0,0
3590.639397881057,19,3,0,0
7845.282515414577,23,1,1,1
2805.427603501274,9,6,0,0
3620.2026001840627,18,2,2,0
1072.4568330657924,18,8,0,0
388.4220708337162,11,5,2,0
6204.399069166994,22,0,3,0
4567.611984700469,11,9,4,1
6086.83492432094,8,7,0,0
1203.1530770979803,19,6,3,0
4576.771025605614,3,0,0,1
2032.8715823592975,0,2,3,0
1828.3542261156592,15,2,1,0
97.15048235361712,0,2,3,0
1047.0740849347299,12,6,2,0
2477.5985514400645,2,5,1,0
939.4456909245577,11,1,1,0
7886.938231085445,22,4,2,0
2472.5180249489854,8,5,0,0
1046.9399538851137,3,1,1,1
1596.6630910595222,1,0,0,0
4703.687310590104,21,3,4,0
517.0279732989841,21,3,3,0
6900.160870478549,8,3,3,0
7692.189935500993,19,0,2,0
1977.74562823571,23,2,2,0
3603.5116723839205,12,6,3,0
181.96493598082907,13,3,4,1
5127.478246694136,2,1,2,1
3314.338834130448,17,7,4,0
2164.117436481938,8,0,2,0
1658.6626993797847,14,8,1,0
5233.914505881789,21,4,0,0
3332.655163103354,23,1,3,0
1441.3760157941465,9,3,0,0
5514.427106487158,16,2,3,0
4522.752902878366,12,6,2,0
6870.083079161322,0,5,0,1
944.2198115175607,10,8,4,1
6286.404482545927,4,3,2,1
5389.766710603986,8,2,1,1
924.512439940642,6,6,0,0
5560.091735324407,6,5,0,0
3535.170574594244,1,4,1,0
7560.153360518965,18,9,3,1
1137.182748190105,19,6,2,0
5144.452959571825,17,4,1,0
3058.930463476253,9,8,4,1
7654.733291374067,4,3,2,1
2643.14928784576,15,0,1,0
7697.676346386942,22,9,1,0
7212.379379550489,4,4,0,1
2166.7139663086973,14,0,0,0
6429.316505727289,21,0,0,0
7964.85559341903,15,0,2,0
2025.0407023594023,3,0,3,0
3497.033468739941,13,7,2,0
4163.844988851243,23,1,0,0
2362.9744307518954,16,8,0,0
127.04239297000792,16,6,2,0
1764.9333073592256,20,2,1,0
2259.085390312359,15,8,1,0
3551.5796120389064,8,3,0,0
1372.964314915148,1,6,0,0
6986.668581749923,10,2,3,0
5640.764506187032,14,4,1,0
686.1778180894976,2,3,3,0
5202.489146863752,23,5,0,1
5230.983528862936,15,8,0,0
7649.988283280803,20,4,3,0
29.151866492509175,18,0,3,0
1987.2199361974285,21,4,0,0
7422.6928776056475,5,4,4,0
7457.410653609273,13,8,0,0
5766.088422868246,4,7,1,1
6127.277751775082,4,4,0,1
736.4062486475286,5,4,2,0
4113.437299051978,17,1,0,0
1856.50601535555,21,8,4,1
1453.8382586908701,17,3,1,0
6483.374876491043,18,6,0,0
1084.6299027609766,1,9,3,1
3751.8698377861,16,5,1,0
7508.933025490334,0,4,1,1
1490.7272842449136,8,4,4,0
7824.057422787186,12,6,3,0
7954.332446159667,3,1,2,1
4447.159151685812,4,8,0,0
1365.2912077163776,22,1,2,0
2532.2585790874605,17,8,3,1
3398.8201972488987,9,3,1,0
2478.0471737439925,3,9,4,1
2248.681461112744,12,9,4,1
7777.976525184778,12,5,1,0
1231.1517951888864,16,0,4,0
5867.956630191314,7,4,2,0
8.280264066203095,3,5,1,0
4771.480441872003,22,8,0,0
7327.964316612649,2,8,0,1
2307.0330822752862,10,8,3,1
1488.2801721854648,11,2,1,0
5215.179960053024,8,3,2,0
5702.248251350653,14,7,1,0
5505.803999021091,12,7,1,0
2557.9384557708854,4,1,2,1
2021.3582052638503,4,7,4,0
7647.570805696543,18,6,2,0
7386.779568618086,10,8,1,0
3661.2462960930984,8,4,1,0
6770.3199599042155,2,1,1,1
3621.326203686197,17,4,1,0
3397.9901994897205,12,1,3,0
1258.3197660563608,11,4,4,0
3414.116421653323,8,8,1,1
4301.648424105457,9,6,3,0
184.9220977923483,12,6,1,0
3555.6834763773745,19,0,4,0
6251.942966069627,19,8,4,1
5441.968220712288,12,5,2,0
5083.080125967161,21,6,3,0
7276.895650355434,8,1,4,0
149.16591855271395,23,0,0,0
4458.595451606912,9,3,1,0
6299.854043035608,18,8,4,1
4332.976384696632,5,8,3,1
2594.544942880131,6,2,3,0
1094.323267910363,14,0,3,0
7101.06675917045,21,1,2,0
3768.745327138886,18,8,1,0
7025.530999900682,13,8,0,0
4688.887718853181,15,0,3,0
5395.165972336931,13,8,1,0
6435.067929255708,19,0,3,0
5274.9485790780745,1,9,3,1
3187.448451228107,8,3,0,0
4111.498904509564,2,4,1,0
6425.348969783659,5,7,3,0
2992.3341195020084,4,4,2,0
3108.031046864134,13,4,3,0
770.0424778837192,14,3,1,0
7317.102559597873,17,8,4,1
732.8353379888066,16,7,3,0
5187.432373701205,8,8,2,0
3308.4898580283675,18,6,2,0
3247.927025092262,22,6,3,0
5438.016933398608,8,4,1,0
541.4143923758804,15,9,3,1
4751.67773469672,5,0,2,0
6177.394128848977,7,5,3,0
6626.56099930332,2,9,2,1
1368.3904632032336,21,5,4,0
7179.865305374999,4,9,3,1
5250.888004320301,6,3,0,0
7055.4291325613585,22,1,3,0
3884.819333296035,0,0,2,0
4338.55659405213,21,2,1,0
7352.711024844226,20,8,2,0
7199.776799120601,3,0,4,1
3588.046182585171,15,4,1,0
2198.928989927276,13,9,0,0
3148.3976243412917,0,5,0,0
3105.175806595349,3,8,4,1
2298.500665487438,9,0,4,0
2152.293936642068,10,4,4,0
6889.1981771553565,6,0,4,0
563.5460558738702,3,1,3,0
5422.501400886255,0,1,2,1
1386.6963113943361,0,4,3,0
2759.3246176855355,16,9,1,0
497.0365579080207,9,3,0,1
2163.439226659419,4,5,0,0
6148.5264635823505,6,4,1,0
7080.697519755333,7,1,0,0
1776.1095794594246,1,8,4,1
3711.06497487508,8,9,4,1
3765.240763257965,3,7,4,0
6989.234569549075,11,8,1,0
6103.578427742064,10,5,2,0
4107.052360852559,4,4,1,0
5367.623867771828,11,4,2,0
6779.603656005388,20,1,0,0
81.26393743423182,3,3,0,1
3226.105798245139,12,1,0,0
7258.409122380244,21,1,2,0
5923.802681597392,0,7,0,1
4345.016787800927,17,3,1,0
4239.5079936458915,3,3,2,0
2785.42193034748,3,6,4,0
4166.561666463908,7,3,2,0
5244.788679710308,19,8,1,0
3349.812492238201,5,8,1,0
5714.654405405431,3,2,1,1
6890.5516569467845,3,5,0,1
1241.705361237965,10,6,4,0
3615.118447425308,8,2,4,0
3267.120629824223,13,3,3,0
5501.281108377576,3,0,1,1
2002.6903847371452,12,8,0,0
5123.806065043449,5,6,2,0
7020.526487643247,12,9,0,0
3347.962140350013,2,6,1,0
7288.570521333864,22,8,0,0
7945.34409277316,6,5,1,0
853.2059393338768,0,7,2,0
1868.2602379389448,10,4,2,0
7603.286113099335,1,7,4,1
7666.829853418687,4,9,3,1
786.1696667171342,23,0,0,0
124.91301051520776,21,2,3,0
1292.994685935096,13,3,0,0
7968.122203141075,12,8,4,1
1444.0969348024414,15,7,4,0
4022.868115742575,22,7,2,0
6788.099722811936,14,1,2,0
168.11087745220968,2,6,2,0
4837.889413156384,5,2,0,0
2219.8184637126465,8,5,3,1
6899.367656935654,2,3,3,1
2271.271888366313,12,5,2,0
5495.611983653862,12,3,4,1
5395.385961416939,21,2,3,0
1775.840923132822,6,1,4,0
283.2196029474592,4,3,2,0
3276.9503424142513,7,9,0,0
2317.0992499671283,7,1,1,0
6472.7771081616,21,6,3,0
6403.911686700486,6,0,2,1
3658.906497780041,18,0,2,0
4854.065241459135,6,4,3,0
4836.0548303154665,22,6,1,0
6618.129396678849,3,0,0,1
3402.894300914964,9,3,3,0
2207.19620492512,12,4,0,0
2123.954170533677,3,1,2,0
4291.857272861223,18,6,3,0
3595.9398808440396,9,3,0,0
3523.765564024565,6,7,4,0
733.6430260222093,4,0,4,0
5750.236906818114,2,9,4,1
1713.824820415376,21,0,0,0
1579.6442735187272,21,0,4,0
3305.0027706177607,21,3,2,1
1826.0878412343222,1,0,0,0
4672.946847127583,10,4,2,0
2974.8493979790996,9,5,1,0
3594.049222129357,22,6,0,0
4299.66872622421,12,7,4,0
1632.2665022420297,6,7,4,0
1250.2342248099108,9,1,1,0
7043.97311347447,3,3,3,1
3472.621004137211,21,6,1,0
3299.6884090121507,19,8,4,1
289.71914143136763,15,8,4,0
3986.320539186209,19,2,3,0
4435.586924279945,5,6,1,0
4472.932763282559,8,3,2,0
5657.71419873646,12,8,1,0
1423.9672707531392,6,6,2,1
2021.5239581737974,17,5,4,0
6486.790069517149,13,8,4,1
7577.629081662935,21,6,1,0
1091.7823152017286,4,7,4,0
3983.7081882692196,21,4,3,0
1717.3391406529968,12,3,0,0
485.2849809980846,23,0,2,0
2607.3991883184526,7,7,4,0
1153.782563347781,14,5,2,0
5680.914922106799,18,3,1,1
4272.134682303198,8,2,3,0
1154.9565955675355,5,4,2,0
78.88649930208736,22,3,4,0
6466.215606948581,13,6,0,0
1413.674277283159,22,5,3,0
4851.702054555024,9,2,1,0
2698.690695048581,8,9,4,1
4685.960076828709,16,0,3,0
2528.6507477236805,12,6,4,0
700.0817877345721,16,4,1,0
1787.48531841924,18,0,1,1
1508.5282390002094,12,0,0,0
3427.0147227549523,8,5,3,1
5267.978848492128,0,3,0,1
2114.1295691961286,0,7,0,1
101.49913272844051,4,1,0,0
4153.904227296732,7,3,2,0
4848.0471174249815,17,7,1,1
7703.149599544468,3,7,0,1
4717.819070730508,21,4,2,0
3772.024612228244,0,2,2,0
4589.345999052142,14,3,2,0
7423.565535746906,19,2,0,0
6627.883274085162,3,1,2,1
2587.214973243645,8,3,0,1
1901.8486374388124,21,8,3,1
2104.7557308667588,23,5,1,0
4037.846212523128,19,3,4,0
5953.67536257248,9,0,0,0
4028.237561427782,23,6,1,0
547.0321846457601,14,1,0,0
5790.0277000176475,2,5,3,1
6448.731178724276,1,9,1,1
2319.5354316321586,21,0,1,0
5314.685285570386,4,6,2,1
3415.602248929875,23,3,0,0
7113.509249040905,0,2,0,1
6762.578337495115,10,9,4,1
4205.82882648559,11,6,2,0
5533.586838779688,2,2,2,1
7067.380859671721,22,7,4,0
3968.2574955758128,15,3,2,0
2509.4396702081317,13,2,2,0
6030.560772587102,11,6,3,0
1764.4297070036107,19,6,1,0
3111.306528308306,15,8,4,1
6926.489260668815,20,9,3,1
5796.756610453174,7,6,3,0
3233.4689869537565,16,5,3,1
1721.8822967548174,16,2,2,0
2850.967284703731,6,3,4,0
2276.412673073327,14,7,2,0
1412.8338571111121,8,5,2,0
5947.946643957425,3,8,3,1
2020.2987453671212,7,7,0,0
3636.0689239912717,9,7,4,0
3089.946277454692,14,9,4,1
7856.708642191868,22,9,3,1
3131.782491965023,17,6,3,0
644.4599499600546,13,9,1,0
723.1568918138119,4,0,3,0
4728.076002217753,8,4,2,0
4796.911596147434,12,6,3,0
3352.9781289088264,18,9,4,1
3457.5903200346775,10,8,0,0
436.19099981276537,11,3,0,0
4134.789350562151,2,7,2,0
4040.392105665912,1,0,0,0
1200.6468018627716,22,3,3,0
835.195891956866,21,3,0,0
992.9620623429265,14,1,3,0
812.7208306976119,4,2,1,0
4879.617023316395,6,2,4,0
1575.8788059613344,3,8,2,0
2015.1840667387703,4,6,1,0
1392.7092924907606,15,1,0,0
7662.893259065782,14,8,2,0
6837.666617898924,15,7,3,0
1847.8062246254094,3,5,1,0
2623.8925199073974,5,5,4,0
1683.0932742284524,17,1,4,0
3937.548295889286,2,2,1,0
161.78620713165748,21,5,1,0
5372.587231129882,23,2,1,1
4187.649407792045,4,6,0,1
7189.61823176732,1,4,4,1
1319.319511205671,22,3,4,0
6433.853422258748,15,7,0,0
6336.728310661392,5,1,2,0
1021.8136077890109,14,2,4,0
3191.4809970323,17,9,2,0
1365.3703659504126,5,3,2,0
2041.4904011581034,12,9,2,0
2109.6531677702023,23,5,4,0
4452.109970236053,12,4,3,0
3294.230399424922,0,4,2,0
7582.123768030411,15,6,3,0
1015.329284866306,3,7,0,0
7789.668618127339,16,5,3,0
1848.9559285130401,17,2,3,0
6184.127121372915,15,3,1,0
2715.0645597517073,0,0,2,0
1148.9357563614246,5,4,4,0
6863.8240360436885,10,9,1,0
2474.3428893955233,5,7,3,0
5272.548956793603,16,2,0,0
4533.71726226758,3,9,4,1
3776.69169358004,13,3,0,0
3969.07668382507,13,3,3,0
5859.242123167839,19,5,0,0
706.7444484169074,7,8,1,0
5347.104392353452,21,9,0,0
7167.017750681636,1,2,1,1
467.0166351738139,4,3,2,0
1129.5234471731656,3,5,4,0
5734.472333932741,9,5,0,0
3501.0667777157173,19,6,1,0
3231.3712234054383,23,0,3,0
1100.0482431811656,20,8,3,1
4056.6264755387156,2,1,1,0
1016.729763015036,15,3,4,0
3815.5805482027704,9,2,2,0
6110.104315198445,14,2,2,0
2069.8235413078723,3,4,4,0
3848.88541459692,0,6,0,0
7936.1676753277015,21,6,1,0
5494.770134715528,14,6,2,0
6731.647386585063,9,2,4,0
3321.7066144515634,19,8,2,0
6144.048080391213,21,5,2,0
328.87083766586807,17,9,0,0
987.6749044252487,15,7,2,0
1628.5493903958968,20,0,1,0
3218.6056372986804,8,3,4,0
6766.730302214477,23,6,0,1
2773.3970760495044,18,8,0,0
5238.696442156126,16,2,4,0
5675.96778695385,9,5,1,1
4691.52792093629,18,7,2,0
2861.149535520239,7,2,2,0
4618.541466999786,18,5,1,0
2741.413414354021,4,8,3,1
675.5705397233365,1,8,4,1
7942.467805597185,14,5,1,0
1021.8237167919247,16,4,2,0
583.4253287692785,9,0,4,0
7028.853339911211,20,2,4,0
2418.1681138386966,20,2,2,0
5204.124307717693,21,3,1,0
2635.4008086495514,1,4,3,0
3134.6768950017968,8,7,4,0
2100.593211274288,1,8,4,1
2747.6368263151167,17,6,4,0
3288.5497026894122,11,9,1,0
5764.726472393281,14,5,4,0
4094.7318729071603,20,2,2,0
7548.803911170031,19,8,2,0
339.8337487410102,5,9,0,0
4027.0312394430653,17,0,4,0
4675.877186709587,12,8,3,1
7361.9749036638195,3,2,0,1
398.0223963533135,11,8,4,0
4590.129181557052,8,9,4,1
6829.771278581016,1,0,1,1
1939.2121863132963,15,7,1,0
7010.95732644888,0,5,2,1
157.25205714796311,3,8,0,0
5860.974759924169,14,3,0,0
7465.240203243381,19,4,0,0
5259.295304812297,0,5,2,0
3515.0388056236816,19,8,3,1
363.82372669938064,14,5,3,0
7361.309937514417,2,8,3,1
3765.0183004191404,12,1,0,0
236.82897096590435,17,3,4,0
5520.119465273451,12,2,0,0
3857.288842342184,9,3,4,0
999.1408129520738,19,0,1,0
1718.1031154355253,23,1,2,0
520.6029902444909,6,3,3,0
4596.476849970046,7,9,0,0
4978.125686619814,0,3,0,1
4048.409675351778,17,4,1,0
6537.731553355906,11,8,4,1
6888.765526357569,17,0,3,0
4926.917051481598,23,7,2,1
106.98805526090722,11,2,4,0
5563.361097703147,19,8,4,1
3346.9037392782107,8,7,3,0
4526.632078394964,1,7,2,1
5194.399413140981,13,8,3,1
2805.1417315449785,3,3,3,0
7337.202548848495,14,4,0,0
1076.1290596645008,16,6,2,0
5373.7368992118945,18,1,4,0
39.85484175286052,5,6,3,0
7397.58558771442,8,2,1,0
904.4705452385415,16,5,2,0
763.5994200298592,14,5,1,0
2667.3960262526925,4,5,4,0
2991.6624568824495,17,9,2,0
1718.3290782214146,22,1,0,0
4683.047679112362,3,8,2,1
3546.098213845499,20,7,4,0
278.2338343834939,23,6,0,0
2560.6182377311284,1,8,4,1
6484.411144017498,18,3,2,0
5519.163771220639,4,1,4,1
5800.342474371144,3,3,2,1
5586.4448080477705,4,9,0,1
2491.2293059573512,18,2,2,0
801.8130570038231,12,1,4,1
2183.3751363446027,15,1,4,0
6655.123474980349,11,7,4,0
7843.864028275653,8,4,1,0
3953.306882858783,23,5,1,0
82.55433760972255,15,7,1,0
1124.658273013161,13,6,3,0
2580.034199653545,21,6,2,0
4630.789862000634,0,6,1,1
605.3736982134852,19,6,4,0
7547.141603185503,22,7,4,0
2923.8439679087837,20,0,1,0
7301.11082230896,3,2,1,1
6245.271813042389,8,0,4,0
6044.720993762071,23,7,1,1
4855.723040358945,18,1,3,0
5016.136617329497,13,6,3,0
5105.835865553904,21,5,3,0
5031.627489269529,11,0,0,0
4432.057210029898,3,5,3,0
7891.3800777706965,6,8,4,1
5859.66308656844,16,2,0,0
6216.686375198206,0,6,4,1
6980.340206593975,13,3,4,0
1729.039902993164,14,0,1,0
675.014251965011,11,6,2,0
3865.741020605796,11,0,3,0
4115.075161476089,5,3,2,0
6634.308330699592,12,8,2,0
3553.049716362274,15,4,1,0
4568.96993922678,13,6,2,0
4218.9321534150995,6,6,3,0
310.4312561403415,15,2,0,0
4923.6430982923275,22,7,4,0
6625.206069765147,8,0,3,0
1264.2168818660516,13,3,1,0
4756.682212743133,23,9,0,1
4750.916302849083,6,3,1,0
1317.6587876305882,11,1,3,0
992.0912719772344,2,5,4,0
7840.515284096996,13,0,2,0
3152.784761376035,18,2,2,0
1823.2367211446167,10,8,1,0
1374.7397329127277,4,9,0,0
5342.475700097964,22,5,4,0
4877.515152131594,12,1,1,0
5150.199223284403,9,8,4,1
708.6081899540608,6,1,1,0
7148.808995070003,16,6,0,0
3117.184842488341,15,0,3,0
2510.3884044107117,7,4,2,0
3701.579770745675,16,6,4,0
3123.578195652288,12,2,4,0
6909.298140097471,10,3,0,0
7434.441496707147,19,4,4,0
2431.1084655146014,17,2,3,0
6912.166780642338,4,5,3,1
6253.2774206168715,5,2,0,0
7446.807340396371,19,7,1,0
1969.7737459261732,13,6,1,0
4617.788405217228,11,0,4,0
2199.9839549998546,3,1,4,0
6593.635451422572,6,3,0,0
47.56690361565874,10,4,3,0
4520.729207276737,19,9,0,0
2716.9314330189845,1,3,1,0
2584.8562380871726,3,3,3,0
5161.026059300011,6,8,4,1
6812.618172265381,0,3,1,1
4875.517154189643,14,3,2,0
6826.117964280546,19,3,1,0
2120.4539094888346,21,1,3,0
4158.417328846024,23,7,3,0
3607.039629841273,7,3,0,0
98.10097152725426,4,4,3,0
4456.713084410218,13,7,2,0
5293.886971548668,17,3,2,0
4737.355663330465,2,4,3,0
5891.557790773455,1,4,4,0
4572.859529982352,21,5,3,0
538.6682875318015,15,6,4,0
935.9819650572679,13,2,3,0
4773.814247463899,15,9,1,0
2203.458639829253,10,2,3,0
641.7628066329529,16,8,1,0
3439.6739338711313,2,0,4,0
4436.809171678825,22,9,3,1
2633.3241768551043,22,7,4,0
5764.867449295095,4,9,2,1
5151.946011769451,2,2,0,1
2665.8827969279173,14,4,4,0
6040.205868623942,22,2,1,0
5191.316865051618,4,9,0,1
5101.375802849627,21,0,3,0
4429.6544677926095,2,9,1,0
96.0603963679796,5,4,0,0
5573.574931897729,22,7,0,0
3011.454119917706,13,4,4,0
7541.164632718452,23,3,3,1
6544.788244762257,1,8,3,1
4703.617283902841,17,0,3,0
2021.1949446450592,5,4,4,0
1633.7205592549444,23,0,4,0
2726.376777232005,4,5,3,0
3815.160708922248,13,9,0,0
2372.043752761382,16,8,3,1
4121.8613156629,10,1,4,0
1327.1365519779215,0,3,3,0
7821.813938539872,9,7,4,0
867.856816945126,8,2,3,0
7455.893396536705,19,6,0,0
7309.056201164546,11,6,0,0
4205.257052146887,0,1,4,0
5800.6576233294945,23,9,4,1
3491.2061422908396,17,3,1,0
5042.126447451793,11,0,2,0
2727.904619681844,1,7,1,0
2412.7663631846353,0,9,4,1
4627.947140425262,0,9,4,1
3987.546745100923,0,8,3,1
4638.393271354099,21,0,1,0
2296.8513473897488,11,6,2,0
2938.827865376877,6,0,1,0
675.7641952281299,3,0,0,0
422.9495963162847,20,8,0,0
2031.389751735765,19,9,1,1
598.6036403477133,3,9,1,0
834.6787955347519,14,5,4,0
6504.362601124527,0,0,3,1
315.79520764843096,5,6,0,0
5273.247637508268,13,2,2,0
2184.0992017791273,13,9,3,1
6973.007717261471,9,3,1,0
3882.513315197109,6,3,0,0
2448.083792325967,22,7,1,0
4143.523290837029,23,0,0,0
3058.754362266924,22,7,2,0
4516.587012035293,21,8,3,1
920.6902822691542,11,6,2,0
7975.939069986346,23,0,2,1
3407.319242185257,18,6,3,0
2789.1039644604125,8,5,3,0
5683.127737288538,2,4,2,1
2914.375754930183,3,4,1,1
6667.028068704917,12,0,3,0
3636.8944412616,9,5,2,0
5757.869514057152,13,3,2,0
864.0884654528829,5,0,2,0
6769.722888513119,7,7,1,0
5887.065304290988,18,7,4,0
1697.6756438034156,9,3,4,0
1166.5616479175642,21,6,3,0
2533.757328061367,4,2,4,0
7808.684335325075,4,7,0,1
2058.3684386636337,4,6,3,0
3651.737035528333,8,4,3,0
245.01170461010383,22,4,2,0
3180.834098882029,8,8,0,0
4572.703523387657,14,5,4,0
7625.231277001181,8,5,3,0
4136.304679295815,13,1,0,0
6553.7630727906135,5,4,1,0
4379.28550233836,21,3,1,0
331.07618241696724,19,9,2,0
2523.491160142243,7,2,0,0
4606.518315109671,1,8,3,1
7604.998757619339,4,6,1,1
6873.7472262111105,16,3,1,0
1830.7031353598868,9,8,4,1
1764.7780910032122,13,8,4,1
1613.3778720756366,17,6,0,1
7380.378675938513,0,4,4,1
6822.065894048257,21,8,0,0
6200.193040862326,1,6,3,1
3144.9172382226993,3,8,3,1
4037.5237308686405,12,2,3,0
3717.3322996372467,15,8,4,1
2030.9178699371844,4,0,4,0
4042.699228959392,22,4,2,0
248.81990008277194,9,1,1,0
1058.823936112186,16,0,3,0
7093.283821370726,10,2,4,0
6014.679737416229,4,6,1,1
3385.832930427401,14,2,3,0
4139.617146459598,3,9,3,1
2963.1410932500194,6,9,1,0
5927.535037949577,9,8,1,0
6274.576497960476,22,2,4,0
6107.465095674257,23,5,1,1
5782.280740051425,3,1,1,1
1640.0121878489026,19,7,4,0
2707.069984027628,4,9,3,1
3761.414252694481,4,4,1,0
2649.6899664641064,10,1,2,0
6040.74690026584,18,6,0,0
2638.1814263783876,4,2,1,0
1110.1655338487706,20,4,1,0
3195.328414126191,7,8,0,0
7839.415890095131,6,0,2,0
1810.9218964039392,7,1,3,1
4899.2084782511165,12,4,2,0
3466.619533468452,4,3,0,0
572.8414183563664,17,0,1,0
3905.5734649544856,23,6,3,0
5618.803807543258,8,8,2,0
4108.193706743411,1,0,2,0
6977.487979653915,15,7,3,0
2315.0514481773735,13,8,2,0
694.5621245751995,16,1,0,0
7492.842065205758,5,0,3,0
3028.679814478111,2,5,0,0
4613.362383871799,16,6,3,0
6337.064993410917,12,1,0,0
2597.887742685267,5,4,1,0
5730.735482730001,7,4,1,0
1087.6737042935351,5,6,2,0
2333.8935089080146,15,0,3,0
1161.9615359114766,5,9,3,1
6490.788314418855,16,7,0,0
1785.080635638149,20,4,2,0
5740.641425464656,2,2,2,1
7546.670685978992,22,8,3,1
4224.538811505671,11,2,1,0
4322.533392124198,5,6,3,0
3690.9633769420075,20,9,3,1
2610.4916964321737,6,6,4,0
3807.8619722447124,10,9,0,0
4824.4462204727415,8,7,0,0
7888.002619504422,15,9,4,1
7502.427651749203,4,7,2,1
6897.912901553508,14,3,0,0
7113.598632960342,20,0,2,0
3745.4542204198833,3,3,1,0
5261.2673957838315,4,5,2,1
7161.058449875032,6,9,0,0
3146.6413661058677,2,5,2,0
7694.291014372023,3,5,1,1
3329.209566243118,14,6,4,0
4810.655909818759,1,0,0,1
5679.888682612614,23,9,1,1
7604.983144542127,4,0,3,1
1960.707111047867,6,6,4,0
5970.317171017945,21,3,4,0
4168.920611221937,16,5,0,0
2152.114339262025,7,5,1,0
6213.971684172143,8,8,3,1
4420.017129989903,9,1,1,0
5289.485696094158,10,3,2,0
2586.5940432803186,0,3,0,0
3852.7852448617023,14,6,2,0
4940.747236649596,7,0,2,0
3242.2619600874027,18,4,4,0
1590.988456082372,11,3,4,0
7693.315736060856,5,1,2,0
4094.182982640726,9,4,1,0
5872.6933604501655,23,8,0,1
3291.3223124806846,4,7,0,0
2844.278453385602,23,8,1,0
3260.278566244664,6,6,2,0
3276.52716706627,6,9,0,0
4355.720026955919,22,6,4,0
4350.041610500998,21,1,3,0
3979.744757983559,21,2,4,0
1082.6123504149175,8,9,1,0
3971.123450611746,14,7,3,0
1356.9856838631085,5,1,0,0
1013.4556114346425,15,6,0,0
7461.502510142636,6,5,3,0
4841.575355115895,14,9,0,0
5277.623014706051,22,3,3,0
3217.3403943152434,1,3,2,0
7272.302230859339,7,2,1,0
5105.254264189425,11,5,4,0
6154.513106841082,10,2,3,0
2951.6569398765723,5,8,3,1
7680.294987148908,19,3,2,0
6564.5880148157285,12,3,4,0
6832.317961801276,22,1,2,0
1381.6931680689054,15,1,2,0
2171.3508469304,7,6,1,0
2288.5846644701987,16,4,0,0
2170.919239858735,12,2,4,1
6843.988256023782,3,5,2,1
259.91893769269393,19,5,0,0
613.4194119012906,9,0,0,0
2194.9493906860803,21,2,0,0
1602.984432322302,19,4,0,0
1858.7176129933728,15,6,1,0
6384.555798080133,16,3,1,0
4507.197118166915,7,7,2,0
51.13643703727911,10,2,0,0
3437.435511805041,4,5,2,0
3266.0399901686196,20,5,3,0
915.9924292091255,15,8,1,0
5410.75359986865,23,3,1,1
5618.267021094031,7,6,4,0
5768.541286321521,20,9,3,1
5829.125209740943,15,0,1,0
5.422351323712925,3,0,0,0
7631.596826754544,5,1,0,0
6514.599092602031,20,3,0,0
7232.333664231336,7,5,2,0
130.0681459829359,8,3,1,0
7471.201072306986,12,5,2,0
6479.259286861397,16,1,1,0
6698.567047954795,8,8,4,1
750.8326408521383,12,2,2,0
5911.5303412041885,8,6,1,0
7679.533933688517,5,0,4,0
5429.985994638194,9,7,1,0
4566.638429973728,4,3,3,1
7565.30927360323,6,4,2,0
3546.2822882668156,10,6,0,0
4796.352062652277,23,2,4,1
3813.3246564874576,8,8,4,1
7463.105539775592,9,8,0,0
613.2973904902306,10,7,4,0
4011.4520080986586,2,0,0,0
5497.184768876579,7,1,0,0
6336.292774685784,16,1,1,0
4666.23408631587,6,2,2,0
7271.797364251024,11,1,3,0
7536.221617836554,15,0,4,0
519.2321894327002,14,4,1,0
3221.952463633288,20,5,3,0
192.55487866062973,12,6,3,0
2638.6861757086713,17,9,4,1
4297.261402674964,17,6,4,0
7286.805469427041,23,1,1,0
6773.201808110895,4,6,4,1
1024.3603147425258,13,1,3,0
748.7778460534612,10,1,4,0
4716.192373359553,2,5,1,1
4259.283189807968,16,5,1,0
2134.6892432330405,22,7,1,0
7196.127411007912,11,4,4,0
7419.29444364512,2,4,2,1
3223.8784495296004,22,9,1,0
7122.968944122595,1,0,2,1
3074.6714096324663,3,3,0,1
5895.850570478453,17,0,1,0
3810.1580292940544,19,9,2,0
985.0523362749279,20,4,2,0
7423.833938889987,13,7,3,0
3635.5022640534053,7,0,2,0
5877.223887377617,1,2,3,1
2940.5546463781807,18,0,2,0
155.95262421699613,9,5,2,0
808.7402177412281,4,9,0,0
3972.2747385219454,10,0,2,0
5521.265035225268,8,9,4,1
2681.208936001336,15,2,4,0
5565.430231125314,4,4,4,1
5590.591537508489,14,4,0,0
5632.967579086007,13,1,2,0
3942.7122228939647,8,2,0,0
7319.514770221424,19,8,2,0
3916.1261612550215,4,0,3,0
3604.870222005622,14,0,0,0
1599.0496479899628,8,1,4,0
2464.7024234139103,3,7,4,0
343.46426768383526,20,5,4,0
5070.114672461281,20,3,2,0
1992.0432726971076,3,6,2,0
2436.7212596112936,19,5,0,0
6167.662100706248,20,8,1,0
2621.1333593758236,21,5,2,0
1941.3561566450717,6,1,1,0
1356.6167043239775,14,2,1,0
6199.992925444737,21,8,2,0
1042.001532630265,16,6,0,0
3632.7613132015763,17,5,1,0
4057.906278037169,6,4,0,0
5500.682351922288,18,2,0,0
5068.101441252299,9,3,2,0
6486.711780196672,12,0,1,0
362.787714240274,1,4,0,0
2375.0435946112807,21,6,1,0
2244.6722796091613,19,1,0,0
1172.4051602089053,10,7,2,0
2316.980139582263,4,9,0,0
2481.573686572513,5,5,2,0
4177.466273110189,2,9,2,0
5311.317309015417,0,2,1,1
3051.8986063264533,2,1,1,0
5757.164499350482,2,7,1,1
2692.6418819437417,21,3,3,0
2325.818000131509,3,6,1,1
4331.79850657691,6,6,1,0
194.6123006447959,14,9,0,0
642.914043453833,10,8,3,0
3346.6665009742837,17,9,3,1
7543.587127577093,11,7,0,0
5773.486679848172,3,7,1,1
709.5719231569592,23,6,4,0
6771.312512183085,10,9,2,0
5859.744661012407,5,4,3,0
4889.517472992712,18,8,0,0
6563.242220070373,17,6,4,0
3235.858232704942,14,2,2,0
1775.9009015765528,2,5,4,0
4098.626995924531,16,2,1,0
4392.989835969823,0,5,0,0
4308.919344219247,1,7,2,0
4522.7649628834415,18,8,2,0
7589.89582132225,8,1,1,0
7218.4537566543695,7,5,1,0
7006.35770728872,11,2,1,0
6412.327403214474,14,6,0,0
7547.707717585957,22,3,3,0
792.464660226829,6,4,4,0
2124.6604752586873,20,9,0,0
3962.972285508406,15,5,0,0
6773.043272521625,6,7,4,0
4043.7998636242464,19,1,2,0
5985.5377410360015,20,3,4,0
1115.984442465085,11,3,1,0
2023.0484347475985,16,5,2,0
5855.549879826191,10,3,0,0
1322.0484010573537,3,4,4,0
2814.0906975661396,18,4,0,0
2122.6057312195035,1,7,0,0
2802.1442453087157,1,3,4,0
5668.050772378373,23,5,0,1
2945.938213236694,16,6,3,0
4444.330264250482,23,7,3,0
803.9553570500051,8,8,0,0
6441.116457410849,21,9,2,0
2962.259562056758,0,7,2,0
5190.0306014715725,9,3,2,0
5804.489865286352,22,3,2,0
1681.2390722830446,14,9,3,1
7077.976504702033,20,4,2,0
4931.712891597589,14,2,4,1
3432.6575083030943,22,1,2,0
1462.7697927078652,20,1,4,0
7538.695998520147,1,8,3,1
6041.770292032343,13,7,4,0
1668.1563790523248,3,5,4,0
2704.997643920175,17,8,0,0
6478.345693414146,8,4,4,0
5566.942917406635,1,9,0,1
6127.445420262216,1,0,2,1
3532.402812192395,17,7,4,0
5733.2277198241245,16,2,4,0
3095.01731429699,8,8,1,0
1694.0470209208804,7,0,2,0
5063.2528935566725,1,2,4,1
7808.23133516236,1,0,4,1
2488.2547663056603,4,0,1,0
3690.4518897392545,11,5,0,0
5393.64096170348,15,3,2,0
4334.34272556929,13,9,1,0
6748.205226693849,19,3,2,0
6095.13293822378,1,4,2,1
471.0861448795445,23,2,0,0
7987.377765220574,7,1,0,0
6020.457617487141,3,9,3,1
6911.907013771435,19,7,1,0
5211.325708202295,8,6,1,0
6850.999598733864,19,9,2,0
903.5018845550318,18,3,3,0
2785.163995296728,1,1,3,0
7011.9854441179195,15,8,2,0
1617.2334140788034,10,7,0,0
630.5455781472817,7,3,3,0
6306.010924862026,11,4,1,0
6684.711814368153,2,9,0,1
1305.4044844282553,12,5,4,0
6835.49613234781,1,3,3,1
5495.708525799371,12,1,2,0
4163.061052316589,7,4,1,0
6642.850291287174,14,0,3,0
3356.8977483051317,23,6,2,0
1555.9816800060607,20,8,1,0
2282.397149501856,8,2,3,0
4043.786326255052,10,5,1,0
4252.98968742204,21,8,4,1
6445.618707397663,20,3,1,0
6331.865025600414,2,5,2,1
4653.025624850576,6,2,3,0
6247.379939506984,13,8,2,0
1538.2287990578996,14,6,4,0
405.26589411088827,8,6,0,0
6989.7024119644275,19,3,1,0
609.0581776333427,10,5,2,0
1977.2739958032585,6,7,3,0
5564.075002246955,11,5,3,0
3278.5362613303364,18,5,0,0
7011.130189474493,17,3,3,0
2387.348458324845,12,7,4,0
99.91141662152756,10,9,0,0
2408.7418462831492,0,7,4,0
4626.710018232729,5,8,1,0
3010.6273113493303,20,5,4,0
4281.307682291248,1,1,1,0
7013.401960085975,12,3,4,0
7300.318008571796,12,3,0,0
2131.4626469096265,18,7,1,0
3699.813083792856,8,4,4,0
4395.406401855402,18,3,4,0
7593.154092821535,22,7,3,0
7988.945466719256,0,2,4,1
1887.0809544880055,22,1,3,0
5817.204071409795,7,3,4,0
3027.358342554395,22,0,2,0
69.82503410527474,13,0,3,0
78.97391687503932,23,4,0,0
3687.225230460235,15,0,0,0
3909.2376294696555,3,3,1,0
185.44472410467404,17,7,0,0
5496.984697110548,13,7,1,0
2355.55709181665,8,1,0,0
4481.345346779915,14,2,3,0
2410.847989957523,2,2,2,0
1341.2388473801109,3,0,1,0
3260.3540400980078,22,2,2,0
1862.0255515000536,17,7,4,0
4280.733810468749,13,5,4,0
1594.6340996404072,14,4,2,0
4069.7057832737933,7,9,3,1
1263.2412263765962,9,8,2,0
5369.442802338851,23,6,2,1
6032.7317871091855,11,5,2,0
887.6019028282205,20,4,1,0
3745.080284238527,8,4,1,0
571.6192467357143,7,9,2,0
4787.4686521083095,16,8,3,1
2118.912361947515,8,9,4,1
4223.357532425469,12,5,4,0
4142.100770027408,13,3,4,0
7395.212997819434,4,3,0,1
4394.920364436939,8,3,3,0
4666.072845347933,15,5,1,0
3216.2167404862203,18,0,4,0
7592.891427446621,23,8,1,1
6218.601345969679,22,1,1,0
2286.8152959712183,6,1,1,0
6754.455638280975,11,4,1,0
3462.0088996797945,1,3,2,0
6630.193812551083,17,2,1,0
6583.990106006549,17,4,0,0
1515.0171431690208,15,6,1,0
5610.623345411697,10,9,4,1
2328.6905396057164,1,1,1,0
2383.4538965913825,13,5,4,0
2374.302874660243,3,3,1,0
5805.918139241786,6,1,3,0
1842.4592041313258,1,0,2,0
12.24215279249135,20,7,4,1
5723.318643593651,13,4,0,0
1373.6220269618266,6,9,1,0
840.336750486138,8,1,4,0
1903.9413841495107,7,7,2,0
3042.3046759700183,8,2,1,0
3809.87108814824,6,6,2,0
361.3374754974834,18,1,0,0
7764.733794355747,16,6,4,0
5729.924112089368,22,3,0,0
2588.9365522680673,12,9,2,0
2552.9845719967516,10,0,3,0
3591.097682200833,21,4,3,0
5011.827357990448,17,3,4,1
1175.2526673787972,16,7,1,0
1515.4938610507938,15,0,0,0
6876.1794897542395,9,1,3,0
2053.7581164931353,3,4,3,0
3044.6590088115445,3,9,1,0
6970.8184483461855,21,9,0,0
5306.8668960515815,10,1,2,0
2736.9864753367983,20,0,3,0
5471.177868068343,7,5,4,0
162.36730697440262,8,9,4,0
5886.463066790865,15,3,2,0
3898.6932439273346,9,4,1,0
6506.391267539268,22,2,1,0
7637.328027791715,8,9,3,1
7406.679453209074,2,5,3,1
7274.57402242545,1,3,3,1
4099.798797691428,8,5,2,0
2884.3362025408096,12,4,2,1
3722.957421221729,5,1,3,1
5520.71854649032,3,3,1,1
7072.562226085138,13,1,0,0
1659.855492485956,10,4,3,0
7345.954301901315,1,2,1,1
6522.365954599263,2,5,1,1
7830.953841349986,4,4,4,1
7042.612927387088,6,1,0,0
2243.098950886794,10,9,3,1
852.1175111956613,11,7,0,0
902.3673705727509,10,5,3,0
2333.3304320333173,18,8,0,0
4915.398873256391,12,2,0,0
6435.541007146894,3,3,1,1
7194.50620431761,13,7,0,0
4991.908308032016,11,6,0,0
50.02234542068957,1,7,3,0
1494.6026282656753,7,8,1,0
802.3109998076767,21,7,0,0
2909.7791821742353,18,7,1,0
4013.3011941017985,12,5,1,0
351.960442735594,20,1,2,0
2791.081416486264,20,6,3,0
1437.541498629454,0,3,2,0
5178.325979239697,4,2,1,1
3716.8575927480983,21,3,0,0
3965.064587236601,10,3,3,0
3424.3958453275213,10,2,4,0
7648.377585340103,12,8,3,0
1721.807325346898,1,2,2,0
4135.730757451775,18,1,3,0
5889.458860080861,15,0,0,0
4456.971083010828,4,0,3,0
7432.521981305825,13,4,4,0
3026.857003352067,18,4,2,0
3712.0880671565583,4,8,2,0
712.7359101417537,20,3,1,0
4873.947892860168,23,4,2,1
2309.254687742608,8,5,4,0
1286.6707709269729,23,9,4,1
4358.527686771542,11,6,2,0
4260.8205557223855,15,8,3,1
611.5937715862601,18,5,4,0
5587.23255068831,14,0,2,0
4992.058664253569,16,7,2,0
1516.1931755582452,14,1,3,0
3758.1317229215806,2,8,2,0
5763.981717246087,16,6,0,0
4237.838745627506,12,6,1,0
3166.935164087644,8,9,4,1
2582.0959723571445,12,9,3,1
4885.098963819209,15,4,3,0
7513.174042990373,18,7,1,0
5375.59999961748,13,9,0,0
602.5934995723425,7,0,1,0
3688.1763629896595,21,2,2,0
7127.1389314274675,18,8,3,1
760.2270942796896,23,0,2,0
7911.061318539659,2,7,3,1
7592.809802195144,22,5,3,0
630.8044734353575,20,9,2,0
7467.639496994192,17,4,1,0
2908.2450591244005,15,5,4,0
6758.449790771521,13,4,4,0
3349.974785017606,15,8,1,0
3529.636626056614,23,1,0,0
5075.773512365453,16,9,1,0
6196.946967111487,19,5,1,0
275.14426183124783,10,3,1,0
4747.282184239439,12,2,4,0
1497.9302878084811,10,4,3,0
2770.8663953163073,3,1,0,0
2787.009485910956,13,2,0,0
3755.137420068123,4,6,0,0
2676.420612950006,3,0,2,0
863.3521420130887,0,1,1,0
1169.3017645109842,13,2,3,0
272.3366945609759,6,9,3,0
3764.6414372033905,9,6,2,0
7635.809320349644,1,3,4,1
929.8234130666918,9,7,2,0
7570.38462155964,2,7,2,1
5868.225310283088,20,0,1,0
5101.802929458635,7,4,4,0
5163.995653811886,9,0,2,0
6614.687548928276,7,6,3,0
859.8243157166719,13,3,1,0
4040.510816906506,17,7,4,0
5578.243650394765,8,7,3,0
4696.629458363142,21,8,0,0
6663.06867283124,8,5,1,0
582.8123135457552,3,6,3,0
5527.1548107958315,2,6,2,1
4274.551704425819,13,4,2,0
3036.3911075196474,13,6,1,0
2725.4984829610767,20,8,4,1
4968.556899029672,15,3,2,0
7128.508020280897,4,1,3,1
3971.926529178417,19,7,0,0
6598.661696794977,22,6,4,0
3220.2402728425204,23,5,1,0
823.6437300314465,14,6,2,0
496.7383629868152,20,2,4,0
415.4182987328022,8,5,0,0
3044.3003849515712,6,9,4,1
2701.2158179325575,12,6,4,0
5744.906503862443,22,6,1,0
5943.857905171002,7,4,0,0
411.5774808257499,11,2,0,1
1772.8804867976746,3,1,4,0
2197.7234920204032,15,6,2,0
4383.157813221761,5,3,4,0
1160.3992151360674,4,1,3,0
1075.860049103003,0,7,2,0
7550.592169217624,13,1,1,0
6434.602243845759,8,5,0,0
1449.3359422189064,17,3,2,0
3255.5096242044,5,8,1,0
2848.1978840642364,14,4,4,0
6329.077572152932,15,3,1,0
4084.152267242586,7,7,3,0
1027.1586472627687,18,2,1,0
5913.24154493417,4,8,2,1
3178.119385908227,13,7,0,0
2107.0793598190157,6,7,2,0
3007.1114830556576,3,9,2,0
3984.5637260371363,20,4,0,0
2748.2085537539906,0,0,3,0
1939.036651871104,3,9,2,0
3191.023720287823,13,8,0,0
158.28742144543645,22,1,0,0
6181.1202795400295,15,0,2,0
1371.7044240728485,6,5,0,0
356.0173859769448,9,0,4,0
5231.321049776108,9,9,2,0
6192.619349945259,3,9,3,1
6511.563907084781,11,9,4,1
3950.605915371497,5,6,3,0
1646.9186365964324,12,6,2,0
5899.135279612365,20,0,1,0
5599.206051848926,0,9,0,1
1973.93451915487,7,4,4,0
7227.74500812303,22,2,2,0
839.4498073722178,15,1,0,0
7861.592475532649,4,4,1,1
6882.681248764829,6,4,3,0
5504.749670605206,2,1,2,1
7510.305356797264,23,5,2,1
5779.8777907480435,20,6,1,0
1527.703691255217,1,0,3,0
3540.0383242119296,1,2,2,0
576.6666795314246,19,3,0,0
3120.3110911934828,22,1,1,0
5934.116142798983,9,9,2,0
3094.614590691885,19,4,3,0
2645.701932867732,8,3,4,0
4764.869001469943,17,1,2,0
6978.275209346166,5,0,3,0
385.4276244061689,19,7,1,0
3086.8361254243846,5,1,3,0
1270.1347308130253,9,3,3,0
5564.357234601298,8,9,1,0
850.2678606469233,8,4,4,0
5320.138029849055,2,1,0,1
2293.016062029269,11,9,4,1
1595.3399258291115,10,8,0,0
7491.138699810758,13,1,0,0
153.10399108391715,18,5,0,0
3505.0292887571036,9,6,2,0
177.90780473204128,18,5,4,0
3871.3264195941106,4,3,3,0
4010.8737854663736,21,0,2,0
2576.691458801002,8,1,1,0
1061.6334113125642,0,9,1,0
3014.21836418713,14,9,0,0
5379.742204760865,23,5,2,1
6260.254490112451,3,7,2,1
4248.351066093198,6,2,1,0
4720.725983545846,5,6,3,0
1608.9278871415984,14,8,4,1
2302.2060141550573,5,3,4,0
1299.3554023686056,6,6,0,0
1998.1163232868676,19,6,0,0
1802.9698079031266,21,9,0,0
4157.993047197944,2,8,1,0
4503.696602546882,20,2,1,0
7559.854629467928,12,0,4,0
1568.587323576677,1,7,0,0
5135.1973027411605,2,3,2,1
6538.987855555245,12,1,3,0
4484.130502945505,8,4,1,0
2043.7542017461003,21,3,0,0
2104.0890890099017,18,0,0,0
318.8281593026443,17,6,1,0
2447.0265912551113,4,3,4,0
5958.106413632024,9,7,4,0
384.9044688708475,13,8,4,0
1758.2657836261212,20,7,4,0
5651.328825761597,16,0,2,0
6262.2992447688985,2,7,0,1
3645.2706884451177,6,4,4,0
5586.104336136797,8,0,4,0
3106.6775883958617,4,8,3,1
1283.5063939678994,3,8,3,1
3188.2052007156376,2,6,0,0
4641.842722524128,12,6,1,0
7584.685988413858,8,0,4,0
554.6638619489752,22,8,2,0
4061.61578029046,6,0,3,0
2634.7136267947412,7,6,4,0
4068.951995742173,9,8,1,0
196.68370177537076,0,8,2,0
2507.6377108391425,19,4,3,0
6559.845839478405,20,5,1,0
4433.764162167827,20,1,1,0
3607.4070300648586,0,1,2,0
2287.77294836414,18,9,2,0
2387.8499697168904,1,8,3,0
3067.895961556723,11,0,2,0
6685.3878261666605,22,9,4,1
7737.869588432106,12,4,2,0
3512.0497738962445,13,6,1,0
3149.8559457883557,4,9,2,0
6773.173452679804,2,5,3,1
3418.108038487247,23,5,4,0
4418.385287503731,16,5,2,0
1851.3786084669619,0,7,4,0
5949.302773553706,13,6,2,0
4258.246604574901,5,4,4,0
6473.231229171532,16,9,2,0
6246.9581765792145,3,1,2,1
1723.9631223188785,5,9,0,0
5726.506226709311,0,5,1,1
6401.434991571215,8,9,3,1
2772.1273900552487,3,4,3,0
1385.009857653685,8,3,0,0
26.0440838588075,8,9,2,0
3609.9747064797198,21,4,1,0
2822.6996886530383,12,8,4,1
4441.5041214341445,22,1,0,0
1508.3885352473421,16,5,3,0
6878.026053593469,20,8,3,1
2065.7529489467365,2,9,3,1
1815.3046926757615,5,4,2,0
3848.3088815924257,19,5,4,0
3993.3139348354725,14,9,4,1
1724.6064041368172,13,3,4,0
2178.5265101736964,12,4,2,0
1361.7933870461832,8,7,3,0
5749.089125693718,22,0,3,0
6161.861804876385,14,0,2,0
3701.3163371869646,13,9,1,0
5714.125746366714,3,3,2,1
5888.803458539876,10,9,2,0
1110.5128437840797,21,2,3,0
7729.593308552121,1,4,4,1
6569.150417035966,15,9,3,1
1639.845272260609,18,7,1,0
1493.3894607898317,15,0,0,0
1009.660858908764,6,4,0,0
1111.3366075226375,10,4,2,0
5986.553583234426,11,1,0,0
3759.8857843282303,3,4,4,0
6264.558711055239,15,7,3,0
5971.307880329892,15,9,1,1
4838.878644474246,6,6,1,1
5492.501019596543,12,1,1,0
151.7540164112386,4,5,3,0
2497.6622862061504,0,9,4,1
5104.388323178984,4,0,1,1
79.71290312252239,21,9,0,0
268.6506647423343,13,9,4,0
6815.844419850714,10,2,4,0
5473.778769228114,1,5,4,0
2126.63101629715,23,8,1,0
5505.262906749079,17,0,4,0
6340.69106976841,14,5,1,0
2457.8202934652595,13,1,0,0
293.11883310600365,12,8,0,0
7462.569101878437,1,1,0,1
2764.7128071735656,18,2,0,0
856.3216974612275,7,1,4,0
3937.3956867882134,21,3,4,0
6148.90002633475,16,3,1,0
1777.0702803673855,14,9,0,0
2159.57295081624,19,0,2,0
1945.5063194546724,20,7,0,0
7933.426057389267,13,4,3,0
1583.2428511756875,2,7,2,0
4606.284134644161,16,5,3,0
7402.4908100474295,2,1,2,1
1179.438068177845,12,6,1,0
7766.979311952263,17,9,4,1
7580.080488993019,0,8,1,1
7077.153036530809,6,6,2,0
1720.379388033368,22,4,0,0
5074.270172807812,4,3,1,1
6088.327326325115,1,7,2,1
7888.293285930456,16,5,0,0
1447.4884575405565,20,4,4,0
6129.377066656775,9,6,2,0
2713.7153535672683,3,2,3,0
1409.1335922161786,8,8,3,1
3373.9086450047703,20,3,3,0
6351.718117628188,10,3,0,0
3721.474180613897,11,7,0,0
4302.497186123373,11,5,1,1
7961.299484549969,17,0,0,0
3195.878849961621,3,1,2,0
4925.129033900373,8,8,3,1
2925.127391914898,7,5,4,0
3145.321242397996,18,6,3,0
5566.647823796038,23,8,2,1
7503.4063738785935,12,2,4,0
4341.15980918611,1,4,1,0
6148.357431945495,18,4,0,0
718.2064377416258,13,9,2,1
1693.208509268256,4,6,0,0
4019.542469151662,9,1,1,0
164.99373041205445,23,3,4,0
2026.5755552066576,16,3,2,0
4141.623312150604,19,7,4,0
124.61478005912419,15,9,2,0
2120.0475583772036,16,2,1,0
4114.676401709577,0,1,1,0
4587.328237610059,20,8,1,0
7406.384785977168,21,3,0,0
5164.53825788861,14,8,3,1
3320.8127412273,16,5,4,0
7443.157661178877,10,0,2,0
6280.139452185415,21,2,4,0
1604.071324296417,4,6,3,0
1051.084678983814,3,8,0,0
5408.11402776315,20,7,0,0
4481.265908787986,23,4,3,0
6318.4405422730815,8,7,2,0
5911.746375379098,15,1,3,0
5003.566213190833,11,2,0,0
7891.125462172993,17,7,0,0
4271.049892232717,21,8,4,1
909.2805232312501,2,9,2,0
6627.047150703826,14,7,2,0
2018.5676319539434,17,3,0,0
6219.5306744106265,11,5,3,0
7657.071232520411,12,4,0,0
5575.880134144908,0,3,4,1
4770.26113679366,3,8,3,1
3685.7874745219497,7,9,0,0
2918.456878633249,18,2,2,0
2827.272984019831,20,0,4,0
5092.799782148177,20,6,0,0
6011.428569917279,4,9,0,1
5429.743970527893,10,7,1,0
1591.288759042534,23,2,3,0
3954.427505247212,23,2,1,0
6334.162377103588,16,5,2,0
3808.254105121505,16,1,3,0
4295.303121485274,1,5,4,0
6170.232705125723,23,4,3,1
5291.816123589407,0,6,0,1
3277.7126424547287,3,8,0,0
7163.8246259977805,8,8,0,0
1304.7237139645113,1,0,3,0
7964.154006479646,2,6,0,1
955.2263649175164,5,2,0,0
124.52501897839002,12,3,1,0
7120.701114684373,14,1,0,0
1963.4032993858189,10,0,1,0
5838.948521436533,9,9,2,0
6489.067922581894,2,2,3,0
6872.596196301774,19,9,1,0
7932.795914135013,8,8,3,1
2355.8474817697925,9,0,3,0
5683.395518708437,20,2,4,0
927.6218669552215,22,4,1,0
3257.440284398011,23,2,0,0
6784.53368803416,22,3,4,0
2944.4260782425713,11,3,1,0
4730.807567382234,7,0,1,0
4032.6686825784495,20,5,2,0
5169.3824912408,20,6,0,0
7783.290643154621,20,6,2,0
450.60553437871,16,5,3,0
4593.82233242553,21,6,0,0
6904.915090106027,4,2,2,1
3853.654780428678,23,4,2,0
632.8248516028747,7,6,0,0
4486.512122572083,17,9,1,0
2659.9307571364443,10,4,3,0
1243.7595737767974,21,9,4,1
6793.030933701367,9,1,4,0
4175.188106364018,14,5,4,0
7466.544916970638,5,6,3,0
6449.101954301537,18,1,0,0
5545.309491220471,16,9,0,0
45.178899405668915,22,7,0,0
3425.4485358228085,9,4,4,0
1583.9028218079982,4,7,1,0
7286.829298835698,15,2,2,0
1400.7989574875003,11,1,4,0
2292.0501130159873,20,6,3,0
4137.109958037321,23,4,0,0
2110.5921338896437,4,4,2,0
1682.8680948465737,20,7,0,0
4794.799104196506,0,8,0,1
715.9915344264158,1,7,0,0
470.05123097379317,4,9,1,0
2981.101135012641,22,1,2,0
5766.712313790359,18,9,4,1
4440.680032400214,14,6,1,0
3385.897365391897,0,4,3,0
4528.183755975536,10,6,3,0
2926.7846198029224,17,2,4,0
7489.489951779743,2,3,2,1
443.9646028316408,8,6,4,0
5388.764874843532,23,1,1,1
7130.804905297866,3,1,2,1
6432.058246338351,23,0,3,1
1476.4080733974668,12,0,2,0
2370.9311600974056,8,0,2,0
5737.798269963302,2,5,2,1
678.7431206502205,15,4,4,0
6495.83429016151,21,9,0,0
5752.661022115299,7,7,1,0
5838.205160636564,6,4,2,0
806.4297552893931,22,0,2,0
5743.495555805765,16,7,4,0
5440.14591113366,15,5,1,0
6648.225314120695,20,7,1,0
337.55967027047365,21,1,3,0
189.7697943999986,17,9,1,0
2987.191763529093,15,7,1,0
1194.5623293739773,14,5,2,0
4469.283898173924,1,0,0,0
7339.204467546457,19,0,2,0
3134.880444020456,3,9,4,1
6760.37826629447,4,4,1,1
6.925791770342459,6,6,0,0
1352.2745744561778,14,3,2,0
248.2361995344145,16,9,3,0
2628.5367082179737,9,4,4,0
7265.97581759354,19,9,4,1
780.132228173907,8,2,4,0
4853.246165066684,15,1,2,0
3614.710033259956,23,1,0,0
7508.053357864671,2,4,0,1
984.5405445840653,21,3,1,0
1700.1626647653204,8,1,0,0
241.18803904888873,7,4,3,0
3474.3123208028333,22,9,4,1
2226.274032019411,6,8,2,0
6959.897941453116,16,7,4,0
4841.501801516051,4,8,4,1
4914.655450115735,6,8,3,1
4257.626021566013,12,7,4,0
739.3434461474619,17,8,4,1
3562.924376384215,21,3,3,0
7996.04399171959,13,7,3,0
6682.658180313889,17,1,0,0
7148.205138066091,2,8,4,1
6586.694742175763,16,8,1,0
828.8183389807066,18,2,1,0
1823.4487912480731,6,5,1,0
29.95760259449497,20,6,3,0
2431.5634484005013,3,2,4,0
873.3161817602081,14,4,0,0
3784.9827956861564,23,0,4,0
5418.634271148346,7,2,1,0
6996.669833829426,15,7,2,0
5994.991234901731,0,2,1,1
7508.991838249149,15,7,3,1
435.9168316983414,1,8,4,0
102.37778415524882,1,5,3,0
5292.39822012052,7,6,0,0
2318.3725197268586,11,5,4,0
2031.7406237656562,10,7,4,0
2650.442266111885,5,6,4,0
2162.0194828494514,18,9,2,0
4093.93406838119,17,0,4,0
3523.9868355569392,4,2,2,1
4101.866268256367,14,2,4,0
5383.345323945987,7,2,1,0
3100.1084192243306,5,3,0,0
2014.2049587015435,11,0,4,0
1333.77329178592,18,1,3,0
2799.045585663341,11,4,1,0
5935.742769593146,11,5,3,0
6054.8557563412,8,8,3,1
5336.908566540261,23,1,2,1
1876.0552615784623,9,8,0,0
4706.749535608308,21,6,3,0
4567.6638443069,16,8,1,0
3876.708253887255,17,3,0,0
4402.081996138994,15,6,1,0
3936.866107826226,3,0,3,0
4525.823646762495,17,7,0,0
5725.470107195924,2,6,4,1
881.4774142555007,15,6,3,0
5998.257888431444,13,1,3,0
1091.4097702701156,23,9,2,0
537.6908472909457,8,8,1,0
7808.757091340633,5,7,4,0
7656.149192119179,3,0,0,1
488.1901767998096,1,0,3,0
3548.8112645923225,22,4,3,0
1494.028281706699,9,1,4,0
3885.332452589673,10,0,3,0
6642.267057781702,6,9,1,0
7605.1411390694075,4,7,0,1
5075.849964345041,3,3,4,1
2834.4758093584774,5,1,4,0
4828.587897328564,1,4,2,1
2499.4504423370604,1,5,0,1
7279.040008452323,15,7,4,0
6963.851702531167,22,6,3,0
4468.06284348589,22,6,0,0
2601.7673284659827,12,0,1,0
2350.650456285912,20,2,4,0
272.1768676669504,6,2,1,0
6527.487703947235,4,6,4,1
3605.8137882468686,16,1,3,0
2604.437762560114,12,9,2,0
3771.527288207042,14,6,3,0
6550.810233684942,2,8,1,1
1001.2905906216318,22,0,0,0
6861.95962599341,3,1,1,1
7180.58313669129,14,5,2,0
7573.929780695936,17,1,4,0
3182.916499418909,2,1,4,0
1741.0375302811867,6,4,1,0
2992.2583436412547,7,6,0,0
2666.632209370069,10,3,4,0
1413.3505304603661,21,5,4,0
4860.0970274613965,8,2,2,0
3815.6101632664877,19,3,2,0
6926.27943363041,11,3,0,0
261.71609595405573,4,3,4,0
5152.724080803235,0,0,3,1
6104.776283699931,13,3,1,0
6077.095120660515,2,3,4,1
7089.1613669287235,14,5,1,0
5833.624773921805,9,8,4,1
7422.841442873332,9,9,2,0
2664.5895155680273,23,5,0,0
4028.159286928587,2,5,3,0
117.56690794671096,5,6,2,0
60.62591048981324,4,6,0,0
1924.8123305099016,23,0,2,0
810.9535411269867,18,7,1,0
2085.38988664635,13,0,4,0
1420.4611397545373,16,8,2,0
233.01759858499267,11,3,0,0
7274.886650516365,8,8,4,1
70.74393545418773,2,7,1,0
5889.976743974998,17,8,1,0
1221.4223559215347,3,5,3,0
7298.275827886802,13,8,4,1
7142.903537021137,23,3,1,1
5232.939665222212,5,2,2,0
5379.512027655838,14,2,1,0
47.68644004765991,16,7,1,0
7879.048171078249,23,1,1,1
7023.271665588636,4,5,3,1
7161.374274712086,5,8,0,0
5275.660073721721,20,8,1,0
2761.5714945930195,4,7,0,0
7149.720949478394,18,7,4,0
2335.677840568783,13,0,0,0
4503.878789020911,3,6,4,0
802.3491238893398,4,0,3,0
7376.035262911338,10,8,4,1
1130.4598098808506,1,2,4,0
1803.0499618146061,21,0,2,0
4467.282594235079,1,7,3,0
6113.923536702788,19,6,1,0
4956.71369096071,11,1,3,0
1860.9106328372486,15,6,2,0
12.539625007285222,16,4,4,1
6058.418889557976,3,6,3,1
7881.732570659195,13,9,2,0
6480.255396847193,6,6,1,0
3684.35191216214,14,1,4,0
7230.619254885857,15,1,3,0
3281.7321465812083,7,6,3,0
4201.848003526523,1,2,4,0
3819.6524903284876,18,3,3,0
3583.752861960872,0,6,4,0
6202.650200504776,22,1,2,0
4216.517413619588,3,1,4,0
2537.1533905916026,23,8,1,0
2068.9745504295342,20,0,4,0
306.7897991546299,21,2,3,0
4667.6453192549525,10,9,4,1
1843.5415161312685,9,3,4,0
1189.3307065209829,17,4,4,0
5232.370560802283,0,2,1,1
5451.268016283283,16,8,1,0
6018.478363600039,15,4,3,0
4031.0972862270387,11,6,3,0
7152.966568605073,15,6,4,0
7491.060313418831,8,8,0,0
6459.930663640953,16,1,2,0
5086.569888655456,2,2,4,1
2433.2490239615536,17,3,2,0
7863.644648353668,14,7,1,0
2196.718656699547,14,0,3,0
1625.2420913134963,15,8,0,0
3540.022139723729,19,4,3,0
459.44036284554574,0,3,1,0
7828.063245050967,0,7,4,1
4709.526283549317,3,8,1,1
4457.831972855081,12,2,0,1
5248.091257798261,3,3,4,1
3978.704063978767,22,0,4,0
261.34781917085996,7,2,0,0
4900.4287542789725,12,9,3,1
5730.810146266663,23,4,4,1
3336.908739689305,7,7,3,0
6059.5780987091875,13,0,2,0
1819.8753882106728,0,0,0,0
1774.1063455741412,8,2,2,0
1295.5288165621537,23,8,4,1
2979.098104514349,0,8,0,0
6776.861222935723,6,0,4,0
6624.156936881769,19,3,0,0
3065.679542668213,12,7,3,0
4715.004294161991,14,1,1,0
5767.926450216951,8,3,1,0
1933.4481631510437,15,6,0,0
1349.287981728503,16,6,2,0
7776.907465732426,8,4,0,0
4942.3707191109,5,6,3,0
7851.418696060143,19,5,2,0
2705.3591171221715,11,1,0,0
5625.7384412931815,15,8,0,0
1784.7160741471955,20,4,4,1
2093.2953693349336,14,1,3,0
4097.657459550644,6,5,3,0
2560.3469134370293,9,9,1,0
1345.1344029054728,3,4,4,0
2106.7312124046616,23,1,2,0
290.80841375458783,2,9,1,0
5636.866853712505,17,9,3,1
3939.4726734014635,0,6,0,0
758.4733159041823,12,9,4,1
1377.6934750622872,21,1,3,0
824.7636322105889,17,6,3,0
4902.679502165633,7,5,4,0
758.211857081888,10,3,3,0
6035.487252616553,9,3,1,0
168.98479996652745,3,5,4,0
1998.7594250271575,3,8,3,1
7125.880073755798,3,9,3,1
5749.657888387357,11,5,4,0
588.3818217408733,7,5,0,0
6569.903205359012,12,0,2,0
3946.8157967139373,7,4,4,0
6775.03030221479,20,0,0,0
4807.914496730895,2,8,3,1
5456.255091102706,11,9,1,0
7948.044975363687,17,3,3,0
1862.5226896625252,14,1,3,0
4993.4448702172995,13,8,0,0
3685.2695135088998,8,5,4,0
320.41836361691804,4,9,2,0
120.69277881540594,14,2,2,0
958.23247965378,7,1,4,0
5194.488465605692,22,5,4,0
4539.468887867571,2,9,1,1
4429.669341504001,11,5,4,0
259.6948164134394,4,8,1,0
3757.077455898256,8,4,4,0
7397.359428651016,19,8,1,0
3183.7469951386197,2,4,4,0
5001.255145958708,22,1,4,0
6239.650311607033,7,0,2,0
6272.4826067393915,20,8,3,1
4156.644258750194,12,9,3,0
6864.325803491679,7,6,1,0
3134.067856443157,4,2,0,0
7110.102252204463,6,5,2,0
1925.6161953323847,4,9,4,1
2245.3301738896157,8,3,2,0
429.69939047101377,4,8,0,0
6365.676783155552,7,1,2,0
3339.356613680481,11,3,0,0
1836.7873282216353,3,0,0,0
1858.1632695445544,8,6,0,0
7211.692530127719,21,3,0,0
6672.1632206859895,21,4,0,0
4430.479428430681,13,0,4,0
4930.80584932369,18,1,2,1
3797.2329365495766,12,3,3,0
3136.3740103160767,2,1,3,0
7324.23766534056,3,0,4,0
1009.2735646448151,0,9,1,0
3350.4820837812426,21,0,0,0
2759.7724543630634,0,5,2,0
3987.7150084079312,10,1,0,0
3663.7668369886746,15,2,0,0
4153.521805550396,3,4,3,0
1123.6522229298178,6,2,0,0
4107.56630459865,11,5,2,0
1943.1384170282508,5,6,2,0
1478.729135160589,23,9,3,1
523.3495791955988,19,5,4,0
6102.407207255346,8,1,3,0
3422.398157248197,7,8,3,1
5015.016248077508,13,1,0,0
5822.108779721423,14,5,1,0
5436.13673918186,20,8,4,1
3766.6532491220096,21,8,4,1
3106.24873896908,4,1,4,0
3010.7994775771067,14,8,0,0
5122.190131455801,5,7,3,0
3960.880867760278,0,6,0,0
6793.812322668143,19,7,2,0
6998.242364692063,8,9,1,0
1368.6302221621152,3,7,1,0
1094.1880441080766,1,0,0,0
5045.055403657816,5,8,3,0
2413.299855757924,1,5,4,1
153.47289652696537,2,0,2,0
7109.698141556826,6,0,2,0
1819.071634114247,19,6,1,0
7434.5988102280435,16,9,3,1
5740.888434771638,8,1,4,0
6102.414651842317,21,5,1,0
1615.6846588663175,8,4,3,0
1877.3844328064192,18,4,4,0
4172.535691823406,4,9,0,0
1380.938321935648,5,5,3,0
2446.926383000843,17,7,2,0
2575.0925111926967,0,4,3,0
1281.241316355849,16,7,3,0
1645.4367529943102,13,4,3,0
6309.471976856012,14,9,4,1
1341.7308571054107,4,5,4,0
232.51684779216026,16,7,0,0
5036.692766318362,20,1,0,0
7807.985039542637,20,6,4,0
2653.0544479118553,22,2,4,0
953.6523470540371,22,8,1,0
4565.246666313408,10,9,3,1
7251.301917709691,9,6,3,0
6273.573929728688,16,2,2,0
4982.014367959664,0,7,4,1
2523.876690377757,4,9,4,1
4337.331985343379,15,1,0,0
734.5025062275216,6,9,0,0
5433.168667123956,11,7,3,0
5802.142671086718,7,6,3,0
7720.427825164801,17,4,4,0
2086.8768831668476,0,3,3,0
152.55907024896604,19,9,4,0
4367.139673095069,11,9,2,0
5655.790082652532,3,0,2,1
6324.307769684489,11,3,1,0
1553.9427695333607,21,5,0,1
2097.714187951004,0,5,1,0
4103.164447512034,0,1,2,0
2648.153475710165,2,8,3,1
6884.789335266623,20,0,0,0
3792.7124291410687,11,3,0,0
6397.631259595514,21,3,1,0
4647.054985056418,20,1,0,0
6185.85568222881,12,7,2,0
2664.720527309939,12,1,3,0
6652.175892332838,20,1,1,0
2200.2056628304176,8,1,3,0
4371.05996998631,17,0,1,0
1715.9868698251244,0,4,4,0
3806.834540401416,5,3,0,0
2548.810800022082,22,1,4,0
2137.2939279445277,23,0,0,0
7736.04521913416,4,0,4,1
1284.7924733664113,3,1,3,0
6299.670070471875,5,0,2,0
7873.398851068303,2,8,1,1
164.11236250192226,16,1,0,0
5593.7241752665495,10,2,1,0
2027.0298854225155,3,8,2,0
328.70015550479405,19,4,4,0
3226.1021837582634,0,7,3,0
7482.0663923161455,3,6,1,1
99.0619294641465,22,5,4,0
4705.146106978605,2,1,0,1
4013.664846369618,9,3,1,0
6987.706394146525,21,8,1,0
676.5937075924021,0,6,0,0
5453.8006089437695,3,2,2,1
5442.4770389740515,18,5,4,0
5354.294734813954,0,7,1,1
7538.9642870056205,15,7,4,0
6585.584794410009,18,7,3,0
340.5719463168305,19,7,4,0
3771.307391382583,20,9,4,1
3186.634684329661,21,5,0,0
2484.6270326209624,17,9,4,1
3613.4371176070076,1,2,2,0
3076.6325084831897,5,8,4,1
3461.5095295299293,20,2,3,0
7834.198615541097,0,3,4,1
713.6206331228982,18,9,0,0
7378.235804360645,4,0,3,1
3844.4925242008585,1,1,0,0
4991.819252768832,0,5,2,1
6642.312818108462,15,0,2,0
2886.9019180482983,20,8,0,0
3446.2231551632954,1,7,2,0
3279.1002498283183,3,1,0,0
3000.9745251734,2,1,1,0
7404.606926566925,22,7,4,0
6632.294480088131,16,7,1,0
876.4549189544939,14,0,2,0
869.4462030543827,9,4,0,0
3425.8167712496647,11,1,0,0
793.7657269788084,11,0,0,0
4954.649296692602,19,2,0,0
1153.8144000575626,6,2,4,0
4181.374245414574,9,9,3,1
62.72347629472343,4,8,1,0
2536.1878055591105,19,9,2,0
5419.1398357628805,19,0,0,0
3874.8913271216484,10,1,1,0
7826.26454056191,1,8,3,1
6993.459849549356,23,4,1,1
2875.770878449994,15,8,2,0
368.6648990708354,11,5,0,0
6765.782269419576,15,9,2,0
7290.3183109657975,3,9,0,1
6565.916010385199,1,2,3,1
1027.9597776535202,9,7,2,0
7983.331499626241,12,8,1,0
2072.3808513144268,22,1,3,0
5795.018277902918,18,8,2,0
7264.738836304094,14,3,0,0
1889.318479074022,22,7,3,0
7266.527144643143,0,4,0,1
2479.305225662961,16,5,4,0
7811.423712960529,19,3,1,0
2253.673862941894,3,4,0,0
7627.719418938892,19,0,2,0
433.08948388693585,8,2,4,0
5675.629733300155,5,3,3,0
4259.228515026844,2,0,2,0
3825.6272315962315,21,2,3,0
1791.8370424754407,1,3,4,0
5646.238339263054,17,8,2,0
1530.5218841132253,22,2,0,0
4424.970158898222,18,2,2,0
2029.6966775068051,6,3,1,0
7645.192931351942,2,8,0,1
233.90639471604433,17,8,1,0
1601.8275994893363,19,0,2,0
1942.2732980676446,19,7,2,0
3315.472267013692,18,9,3,1
1865.678283751078,8,0,2,0
3933.3359766989383,15,1,0,0
6980.361858452019,5,9,1,0
5697.94705416632,20,4,4,0
4641.796034378213,11,5,1,0
716.5804079715238,5,1,3,1
5553.466906572258,12,9,4,1
1335.482203065964,23,4,4,0
6292.007250763775,4,2,2,1
2004.2037842886748,12,6,3,0
3339.3045829256025,19,0,3,0
2807.0092675318338,6,4,2,0
6871.21724782548,11,2,0,0
1016.7229474136981,20,1,2,0
4527.330834666385,3,2,3,1
1140.7825674972826,4,9,4,1
5639.8427098768325,15,3,0,0
7241.0996317168765,3,1,3,1
3479.688192668691,7,1,3,0
3907.2976208184823,15,2,2,0
7419.745577679684,7,1,1,0
4170.32615225161,16,5,3,0
3903.3495122062395,13,1,1,0
4628.741176120911,11,0,0,0
5515.391742221801,2,7,4,1
859.532583820816,19,9,1,0
6569.7786692934205,1,3,1,1
3486.862694488808,12,1,1,0
583.4263366303968,20,3,1,0
6290.530440239714,10,1,1,0
3018.715023631745,23,4,0,0
807.4381232849562,11,6,3,0
5072.063421148288,17,5,4,0
7041.650170701965,8,1,3,0
7102.589307764821,6,3,0,0
7661.519481097741,5,7,0,0
6942.305150834671,23,6,1,1
22.116650167074408,13,6,0,0
3045.028125475055,17,3,0,0
6549.247926344497,13,0,1,0
2933.1927829578012,4,6,0,0
4814.380308505751,19,5,0,0
4852.503994259383,23,7,0,1
2923.3773057903904,12,4,2,0
7236.2690486138945,0,7,3,1
4028.3106213620104,11,9,2,0
3720.949726470319,18,7,3,0
7980.122396566858,9,8,1,0
3950.5354107605704,23,0,1,0
1431.2940241690055,4,2,3,0
4106.990035793187,19,5,3,0
6513.06380048184,5,3,4,0
6215.9983135517605,11,7,3,0
6309.711212042225,20,9,3,1
5665.650153063305,2,0,1,1
2037.4715433881722,13,4,1,0
6897.36226629265,20,3,0,0
7148.08050568324,3,0,0,1
1557.2508094652997,16,9,1,0
1047.9928142283943,16,5,0,0
7804.961723869951,13,9,2,0
6947.250089384692,14,2,2,0
7146.422996943524,6,4,0,0
7091.5791950720395,3,5,0,1
4335.786158149658,16,3,3,0
5172.981884643069,5,9,3,1
4365.1760028084655,10,9,2,0
414.3947617766809,11,5,2,0
5965.297167395417,14,6,3,0
4045.129606520363,11,1,3,0
5183.434052947887,10,6,3,0
4023.6052407794045,16,6,0,0
3937.031521968035,7,1,1,0
1378.4539302747457,11,2,2,0
2233.316152553486,8,2,4,0
1275.0272720919265,10,0,3,0
1569.3520335246128,2,0,0,0
7783.954156460338,6,9,2,0
1229.1419989487265,20,5,3,0
2157.817042320135,2,8,0,0
4726.764313619987,20,8,2,0
4883.377717011952,15,0,2,0
1236.0231673019134,9,6,4,0
6350.770819152773,22,5,4,0
6282.696928963036,6,3,2,0
1902.3550451101094,23,2,0,0
2312.8870898903065,19,8,3,1
7504.212984348678,14,9,3,1
6606.243210605927,20,4,2,0
5583.887279334878,20,7,3,0
662.4546059772513,9,3,4,0
3349.021326816093,11,3,3,0
4476.618467254232,17,5,1,0
1503.3532474302965,22,5,4,0
3588.571523955255,22,2,4,0
4810.201890522077,8,1,2,0
2622.3765575226166,8,8,2,0
6248.653827509145,3,1,3,1
6724.39440520225,4,8,3,1
2592.2577081253958,6,7,2,0
6710.063950167195,6,9,0,0
833.0946459936051,10,6,3,0
6702.644143488137,9,4,0,0
1226.2397011825947,10,2,4,0
668.0025843152597,23,1,1,0
5135.9943585058845,23,7,0,1
3778.139239213578,17,1,3,0
7263.585350300598,11,7,2,0
2908.697622746339,15,4,2,0
2300.782346183841,3,8,1,0
4008.3755746228658,16,3,1,0
3650.289755220447,16,7,4,0
2758.7022295064203,20,6,0,0
5551.461683093137,22,7,1,0
6077.696862141697,4,4,4,1
6824.606832395943,12,1,4,0
7782.988554659191,2,6,4,1
2136.916256099373,22,2,3,0
5730.167392507243,16,9,1,0
3157.094592788483,10,9,2,0
5418.270365749109,0,9,4,1
3810.4736143420164,17,9,2,0
7950.215956629613,16,1,3,0
5832.572575647046,8,2,0,0
7620.167946972424,19,3,3,0
6680.58154810208,6,9,3,1
7223.693584251152,4,6,1,1
6516.2814817313265,15,9,4,1
3675.9772473554117,6,0,3,0
2018.0486845083406,12,5,4,0
2965.709802726925,12,5,2,0
166.78867995640383,14,7,0,0
4194.325373880014,22,1,0,0
4042.9371131619178,16,1,2,0
4204.377466319753,16,0,1,0
7792.37964365165,18,2,2,0
7292.07475762144,9,6,2,0
1297.8936627492135,1,7,1,0
2954.215759839334,13,6,1,0
3394.529654808779,22,8,3,1
2887.460678223924,2,7,4,0
6388.975229013285,6,7,0,0
4194.681170591358,10,1,1,0
4578.938036688142,16,0,1,0
6824.843404108465,14,5,3,0
6448.395586555792,18,6,3,0
1062.031124948296,10,5,4,0
5712.747099748656,14,6,1,0
3486.311850571774,14,7,1,0
2360.7179799846913,5,1,3,0
404.90047311297985,14,0,2,0
3900.5602349618807,8,9,4,1
2846.7162623926283,4,7,1,1
2015.8467522128246,18,7,0,0
5558.900478127675,23,7,0,1
6157.035671588118,4,9,3,1
1962.0922046402513,21,6,0,0
400.3322562513813,12,1,3,0
6790.777841019054,17,3,2,0
84.62813092840503,19,8,3,0
7497.214388902169,16,7,1,0
5022.8208924917335,14,3,0,0
2578.163848434556,13,7,1,0
1975.590887066006,15,9,0,0
77.00028579447958,3,5,0,0
1887.593979001963,16,8,3,1
1106.1377706295432,19,0,4,0
4899.26893468155,13,5,0,0
1336.5319808074414,17,3,0,0
4231.395551105271,5,2,4,0
4722.980796644044,21,4,1,0
2387.8433782835814,7,9,0,0
285.344267404656,8,7,3,0
302.8447755104978,23,9,4,0
215.64692089037126,0,5,4,0
5914.301713756687,12,0,0,0
2547.4875899903136,2,5,1,0
6371.41998681147,5,6,1,0
3456.7039266235793,16,5,2,0
3626.719816135561,7,2,2,0
4105.496407064042,5,8,3,1
5705.686493718956,15,9,0,0
2191.655412308508,0,9,1,0
977.0908595205476,9,3,2,0
4450.678394855735,17,4,0,0
2619.1860978257005,21,4,0,0
3542.718052775959,13,2,1,0
5177.338933156757,23,1,0,1
3955.5353004244585,4,7,4,0
4964.129142721239,16,6,2,0
4355.879016898454,13,4,3,0
5919.671993629113,17,0,2,0
5648.963258604402,3,9,0,1
4275.848185009911,19,0,4,0
5432.829651773356,22,7,2,0
6989.109020169539,1,3,1,1
3461.008945866408,6,3,4,0
3305.040766626605,6,8,2,0
6115.143738714779,6,1,0,0
4662.517927150742,12,4,1,0
572.6992078795954,18,5,0,0
7137.435565450195,21,5,0,0
251.1109023899329,5,9,1,0
5988.428867896896,19,2,4,0
6071.559170920981,16,9,2,0
7625.123126829034,17,5,4,0
437.8045951765544,23,9,1,0
4776.870601972005,0,9,2,1
3425.585362163288,22,4,1,0
2648.4104741020387,12,7,3,0
727.0968895910889,18,3,3,0
4503.419686772117,15,9,4,1
3834.9306017685362,9,9,1,0
840.912892917439,12,2,2,0
4901.853609241181,9,5,4,0
5904.935196422243,13,9,3,1
6139.390016923918,8,8,3,1
7243.458640158107,20,7,3,0
3278.7185814007735,10,9,4,1
7624.816785133985,2,7,2,0
6924.108093636075,7,2,3,0
2375.5300603363926,11,0,4,0
1278.4678836089206,2,2,4,0
3485.9382220434672,6,2,0,0
3218.180170107953,13,5,0,0
4607.875846122978,6,2,2,0
4669.172927460345,6,1,3,0
6001.145940117902,13,8,0,0
4081.5701359038535,11,5,2,0
843.0570143214205,0,4,0,0
6867.039227747084,4,2,3,1
2481.5678425655706,10,6,4,0
7770.523195151203,0,6,3,1
947.2915688947623,22,3,0,0
7666.218121998863,12,9,3,1
732.6393960257233,23,1,4,0
1852.1339228867405,22,1,1,0
377.4066369819,16,7,4,0
5642.379607378764,2,3,0,1
6803.138398891475,9,6,4,0
3475.3982991187636,18,2,2,0
7428.533989964225,6,8,3,1
4724.441078686019,19,9,1,0
5041.907047894953,2,8,1,1
6764.126517597655,21,6,3,0
2377.9176393894522,11,6,3,0
2837.354442014368,21,0,2,1
7248.085593961182,9,9,4,1
7208.203150829917,20,7,1,0
7811.9797957259625,11,1,0,0
7215.197339951161,14,7,3,0
1023.3394280867203,5,1,3,0
6590.675667665214,18,0,1,0
3281.6586324862046,4,7,3,0
7926.456840787773,19,3,1,1
3780.8863098087645,1,9,0,0
4432.919479605253,20,5,0,0
4240.550447478105,18,9,1,0
2577.287553716931,18,9,3,1
604.8016006988807,3,0,2,0
7165.731587063338,19,8,2,0
6422.393121147663,4,6,4,1
1120.516610574556,6,4,2,0
6215.262329443833,3,5,3,1
5008.644095074627,10,2,2,0
3276.10458440139,22,8,4,1
2035.899087019024,2,1,0,0
6878.531624100348,4,9,1,1
5603.0051330559545,19,0,2,0
4384.180576205749,14,0,1,0
4878.50042851822,20,9,1,0
733.074125747037,17,1,0,0
3793.9884884849794,15,5,4,0
1553.6338408216875,15,5,3,0
1671.0275136755588,9,8,3,1
5292.125178483499,0,9,3,1
7290.492933915133,22,3,4,0
3233.0341007743805,10,7,4,0
1665.955437732462,16,3,4,0
5191.731763207051,23,2,2,1
6970.14043557079,14,3,1,0
5987.808814974314,6,0,4,0
6950.7140581400145,5,8,4,1
4294.754594731341,14,4,2,0
6016.2505737316815,14,6,1,0
1124.8161520746971,6,2,3,0
2789.455549828716,2,4,0,0
3119.4455700297717,13,9,4,1
4092.8094912370466,8,3,4,0
7432.965500253305,2,6,0,1
6995.000998976283,5,4,4,0
1080.5313108520304,19,1,4,0
1386.4532668002932,8,2,4,1
2864.336193963346,0,7,0,0
2329.497207795938,8,2,2,0
4920.093770484317,11,6,2,0
7222.694501877537,3,4,0,1
7698.520875672331,15,6,2,0
5230.5556055191355,4,9,3,1
6706.082815201688,16,8,3,1
4203.991590845223,16,6,0,0
1670.5739401460175,5,5,1,0
4199.883854687352,14,0,4,0
4442.885398494021,0,3,1,0
5940.948225887385,12,7,4,0
1762.964502710256,15,0,2,0
2949.6415047834203,1,5,2,0
2915.399616370458,18,1,3,0
7675.719567950613,22,8,1,0
3554.339957812118,1,7,0,0
6041.976268548681,20,8,4,1
6007.73699408864,11,8,2,0
2128.025757501915,11,1,4,0
4577.098166526998,7,1,0,0
7154.9516320825915,11,8,4,1
3804.205767058311,23,1,3,0
7561.214471203656,10,3,0,0
1719.593543446672,1,1,0,0
597.9020506633757,0,0,4,0
7132.173715792271,3,9,4,1
6782.211177707922,8,6,2,0
7940.756058091089,6,4,4,0
5436.750937458846,21,2,0,1
7493.81997370386,9,7,4,0
6616.457455547466,19,4,2,0
6756.188533295094,13,0,1,0
4555.286855781875,0,8,3,1
3062.0049603441034,4,4,0,0
7476.791789983538,12,2,2,0
3459.776819049076,5,5,3,0
4312.860841161104,21,7,4,0
3571.683885465876,16,1,4,0
4520.722420111776,14,2,1,0
3766.688106543656,6,6,4,0
388.50063084290963,7,1,3,0
7056.9752471315505,20,4,2,0
3557.9285822315796,1,8,1,0
4713.604469816253,17,6,3,0
1117.8064830501064,20,2,2,0
32.0858446211999,22,1,3,0
1966.0942986809255,6,9,4,1
5638.165326906135,19,8,3,1
798.0602682524644,15,8,1,0
7271.5550858898105,18,8,3,1
1724.1054420026958,8,9,0,0
1640.7259462627476,11,2,4,0
1456.1561531638567,13,0,3,0
116.78379520606114,6,8,2,0
6175.584720483485,1,6,4,1
7000.901077305842,16,1,2,0
4915.23080741651,10,5,1,0
1509.658853530499,17,8,0,0
2285.7975855423333,11,7,3,0
3810.0339454328814,2,5,4,0
7634.99588322829,20,5,3,0
1982.5742176828537,13,7,3,0
5854.509001839505,14,8,4,1
3518.388545226898,18,7,0,0
2386.289550138374,9,0,0,0
3650.0479164917992,8,1,1,0
574.2977067421541,9,5,4,0
6390.505530588248,19,7,4,0
1950.1989142238222,22,3,2,0
5804.669924927799,3,3,2,1
551.4452297283168,18,1,2,0
7641.0129565446605,9,9,0,0
1548.1548083185605,16,0,1,0
7062.522899275608,11,9,1,0
6476.738310875398,0,8,3,1
7743.040093030921,10,6,1,1
3825.7358342612683,12,8,2,0
5820.541364298382,0,1,4,1
2968.8317030170833,0,9,3,1
1479.024062967452,20,4,0,0
3547.3920838029235,15,1,1,0
1330.1633780306968,6,9,4,1
7856.44675917714,22,6,2,0
774.4906966700274,9,8,0,0
4715.7477290037,15,2,0,0
5013.578522756177,0,0,1,1
4306.945945278064,21,3,4,0
5299.1761562661095,8,3,2,0
933.8652962200681,5,5,2,0
4442.373101021302,14,4,2,0
2301.2645061632556,3,4,2,0
7521.7076260919475,14,8,1,1
6097.762869250607,9,0,1,0
7780.253284867143,15,7,4,0
305.2607775728154,12,7,3,0
2284.639735569766,18,7,1,0
1567.4035801736002,19,2,2,0
94.18092555808484,3,9,4,0
1942.3942133193398,19,7,2,0
5431.813988245829,21,1,1,0
1852.5559324658757,15,7,4,0
4074.482546633533,10,7,2,0
7103.105829145164,14,2,3,0
5551.594573190857,10,3,0,0
3160.059413898726,22,8,0,0
2982.889166602306,10,8,2,0
3648.6078329978354,2,9,0,0
1420.4463212739515,23,8,3,1
5073.836135490825,23,9,3,1
2916.401788741321,16,5,2,0
6819.660967350039,4,0,3,1
6053.638517162241,12,7,0,0
4886.05274691682,9,8,2,0
2916.796770082881,4,7,0,0
1683.4049942295078,11,0,3,0
6210.334153524454,7,5,3,0
3893.840746433737,23,8,4,1
1801.8765552279733,11,8,1,0
1565.4210472448497,15,6,1,0
1327.3802314883653,1,6,2,0
6218.403763663732,2,3,0,1
1835.752546475992,17,6,1,0
4215.504896883954,16,9,2,0
3615.1131559795863,1,4,3,0
4638.98913933013,21,9,1,0
7017.853428467698,11,4,0,0
6942.640383703437,16,0,4,0
3611.353194239753,5,1,4,0
127.85317462411285,16,8,1,0
3414.418226685854,1,1,4,0
4851.517331706003,7,9,2,0
4464.329248989004,13,1,0,0
5212.432165872643,5,8,3,0
1236.8354811223023,8,2,0,0
5174.048114751957,0,1,3,1
1465.299691856459,4,6,4,0
6005.439225670508,6,8,2,0
2716.005468035127,8,5,3,0
5680.613989884721,13,6,4,0
387.6854632543262,8,2,3,0
3265.8409045993526,3,2,1,1
5641.751005495345,19,7,0,0
1818.8297780702956,14,6,2,0
6363.319923153795,3,4,4,1
5048.083966173931,2,5,2,1
4702.556368337638,23,8,0,1
2831.6230893636753,20,2,3,0
3862.199505697035,22,2,3,0
4780.8076613179355,21,5,2,0
3782.3346007495493,13,7,3,0
5588.015024904778,8,4,3,0
3472.406980190142,18,0,3,0
1622.1740880275327,5,2,1,0
1715.4005934943727,2,7,4,0
51.40113189931404,17,3,4,0
2411.1569358915863,15,8,0,0
5992.596535625764,2,5,3,1
6354.330857156689,1,9,2,1
1623.7279990555214,1,3,3,0
7672.556754986905,22,3,0,0
4021.7103338736133,9,9,3,0
7336.245098402928,14,4,1,0
5655.588428483741,2,6,0,1
5780.855217064192,7,6,4,0
684.9237523420387,17,9,4,1
1763.8290595409608,10,6,1,0
75.47459218930871,6,4,4,0
5730.440485611516,18,8,1,0
2758.784115985937,6,1,4,0
6294.286866030393,1,7,4,1
2714.7950783965252,5,9,3,1
6555.573349629394,4,7,0,1
1049.9325387177626,13,2,4,0
1391.118388276278,17,4,0,0
2730.3079339735723,3,7,0,0
3270.856674113775,3,9,4,1
2792.878972689612,23,8,0,0
6110.3580250231425,12,6,1,0
780.1263840505841,22,3,2,0
2812.980072009712,20,3,1,0
6698.733796126097,0,2,4,1
539.042632711065,19,7,1,0
7539.036343832503,4,5,2,1
7890.603153964743,23,9,1,1
713.1025497315153,2,5,0,0
2333.723815434617,20,9,4,1
2982.3433249526724,18,9,0,0
6212.248992378545,12,8,0,0
4769.434862873287,6,2,4,0
5156.703775438076,9,3,4,0
6061.291033433955,2,2,3,1
948.2421004990207,22,2,2,0
6666.509607997547,1,0,0,1
5646.430334420252,6,9,0,0
4620.84709294498,8,5,4,0
7118.434001590538,20,8,4,1
5603.949299301038,11,4,1,0
1617.5912012350482,21,9,0,0
3440.8143216999556,9,1,0,0
3954.8727211511878,18,9,4,1
446.46492586949313,12,3,0,0
7637.326919313646,9,5,2,0
1032.9752000710434,4,6,3,0
5581.202831477681,14,6,4,0
4052.317133546587,20,3,4,0
209.92983782595857,2,9,0,0
7398.356069535572,7,9,3,1
6815.435286507371,5,4,3,0
4196.442133591165,18,3,4,0
1835.3939774348648,16,9,4,1
977.3750109873534,9,5,4,0
2910.322873059852,0,6,2,0
2047.1491069634935,12,1,0,0
4055.9961520453585,9,9,2,0
7731.442322506815,11,2,4,0
4601.753178370983,1,7,3,1
7119.998791841333,9,6,0,0
5208.776305778739,20,0,0,0
3804.595980064668,22,3,4,0
6837.587464053303,0,4,4,1
3773.588040833115,0,2,4,0
6949.682223230337,19,3,4,0
2336.1562727582436,14,9,4,1
1034.86052473509,21,9,4,1
6843.239142581692,0,9,0,1
4701.384234522371,20,6,2,0
7113.293724000437,8,7,3,0
7502.928519904103,23,8,4,1
433.75898101973615,6,1,3,0
4010.2495683616526,15,3,0,0
3002.8415698508616,15,0,3,0
5008.737884575587,12,2,0,1
6349.761621632577,9,7,1,0
2248.31877671508,17,6,2,1
4456.603083063507,8,7,1,0
5671.284996339672,11,5,0,0
1079.7765072716934,23,4,1,0
6513.464913080378,12,9,0,0
4850.84625082452,10,8,1,0
7596.551809723646,14,4,0,0
2719.533708449893,9,8,2,0
869.6268089859033,9,3,2,0
4054.4771022902178,8,4,2,0
691.0571198169636,2,0,0,0
7756.364553975434,22,5,3,0
314.28624126624635,15,2,1,0
6029.263689352928,11,9,1,0
4203.193673147241,16,1,1,0
2952.122116723818,14,5,1,0
531.4081052466939,2,0,2,0
4979.224558767994,4,8,3,1
4683.836533480688,12,4,1,0
2250.66176817546,23,6,3,0
7282.222502775446,5,9,0,0
2436.3595087059807,8,8,0,0
3600.5546576838888,18,8,1,0
4352.380835069652,6,6,4,0
806.3538660194073,12,3,2,0
7457.6329451129905,21,3,1,0
2999.4165388460738,4,6,2,0
650.8298149253771,15,7,1,0
3101.3929335342627,3,6,2,1
4803.619364005182,4,9,4,0
4111.65311121153,19,3,4,0
5557.863082428006,18,3,0,0
448.5941168329455,22,7,1,0
2279.902179125089,5,8,4,1
6554.748461836618,3,6,4,1
643.75003389193,0,2,1,0
6844.6102077941805,16,9,1,0
739.7092561564644,8,0,0,0
6676.461448059112,15,4,4,0
2889.5032666244197,22,5,2,0
4899.61146074144,1,8,1,1
1227.3324896057454,10,4,1,0
534.0189301928209,4,0,1,0
1731.42594114098,12,3,1,0
1027.1912741800209,19,1,4,0
2502.6851519486563,16,3,2,0
4117.494055855606,14,6,0,0
4712.131911202251,21,8,3,1
6319.995518501044,11,2,4,0
5251.637946520627,5,2,4,0
4872.022809410776,19,3,3,0
3297.197309748768,12,6,3,0
3793.098437506309,17,5,1,0
3319.094030974498,23,4,2,0
6738.117410340758,14,3,4,0
1843.8536181244567,14,7,4,0
50.738847678007176,7,3,0,0
5212.302578323783,18,2,3,0
1623.685158192457,22,6,3,0
7121.470514796925,13,1,4,0
6873.075406004716,6,3,3,0
618.4353385660061,13,7,1,0
855.5753012855483,4,3,0,0
3963.896880012097,14,9,4,1
4875.73518884099,20,6,0,0
2202.892158170515,14,1,1,0
5735.797745011469,23,4,0,1
4761.353587246378,3,3,3,1
2601.968757439695,0,8,4,1
207.84504689831317,16,6,0,0
6002.451498981649,19,8,2,0
1721.9555582715363,0,9,4,1
6676.617578983713,15,6,0,0
3365.22062913377,12,1,4,0
4618.734153840965,17,1,0,0
6984.22509961997,9,1,0,0
6909.665892355028,22,4,3,0
2975.2990040723685,17,0,0,0
1675.0666972551708,16,6,2,0
6202.2928914401145,8,1,3,0
3467.476227799039,13,3,2,0
1540.3757385042377,20,8,2,0
7235.880611825616,12,7,1,0
1588.8430329574937,19,9,2,0
211.32830968889246,19,1,0,0
167.13839027052265,13,3,4,0
4980.411274851843,10,3,3,0
5295.092110436655,12,1,3,0
2491.7784319305865,16,1,3,0
2563.487859030272,2,4,4,0
2719.2538509042424,0,3,2,1
5442.867581337235,20,7,1,0
469.77965925949457,4,3,0,0
7433.285239767149,12,7,3,0
1784.0557481986843,23,4,0,0
7997.387275910528,4,0,2,1
1376.32393682856,4,8,1,0
6173.513926212458,22,7,3,0
1791.183296712352,11,0,2,0
651.3701791378155,1,2,1,0
7000.091928183438,22,2,3,0
6870.716317231181,15,4,2,0
3231.545287634563,16,6,0,0
5620.657159610712,4,0,4,1
4458.742131807918,11,0,3,0
6824.384128821622,14,9,1,0
2523.872474702642,5,5,1,0
4191.760837991887,12,4,4,0
3885.552107780381,10,2,4,0
2834.4770809235856,16,2,2,0
7132.183241128196,8,3,4,0
1331.194007676971,15,9,3,1
1200.3215729679657,16,1,4,0
4617.391734905397,19,8,3,1
5261.666368729611,23,3,0,1
1560.9809383248985,17,9,4,1
3128.7859508257197,12,2,0,0
7572.777924615056,10,9,1,0
1976.7062944119386,12,6,4,0
5348.543813428566,23,8,1,1
5922.494402612238,12,1,0,0
3587.7889522239507,11,5,1,0
7500.520264142866,13,4,0,0
5894.57059807423,12,0,2,0
3666.107015987878,8,6,0,0
4556.834938199871,13,0,2,0
5542.44448018368,0,9,1,1
4739.5604925316,8,8,0,0
7030.187182689477,3,3,2,1
2858.3248549318073,11,7,0,0
2402.5864917461604,23,0,3,0
1714.6419215146382,13,4,3,0
307.0748296764381,8,2,1,0
348.8966452185424,2,3,3,0
6961.091268908716,5,3,4,0
5428.753205515229,2,7,2,1
5285.956661414706,0,9,4,1
4919.069337384414,21,9,3,1
6794.5070618293685,20,2,1,0
3844.7340706966916,2,0,4,0
6963.934574323611,13,4,1,0
2878.762984327002,19,1,0,0
7414.026497191029,1,5,4,1
5590.762555749515,11,3,0,0
2061.131202515296,9,8,4,1
4514.858948900558,12,6,2,0
4266.579339098603,19,1,1,0
1107.50107973402,3,6,0,0
4731.98703147616,18,9,3,1
2521.711061617079,21,7,4,0
423.52839064277146,0,2,0,0
7589.505980863986,10,2,4,0
5133.715500668981,15,1,4,0
7015.9668603074215,18,0,4,0
5410.067760080959,18,2,0,0
2859.084618660203,11,9,0,0
4103.941138268848,2,6,4,0
5407.59534897568,22,8,3,1
7682.217339985493,23,8,1,1
2033.0873256779632,17,5,4,0
7000.4415836998205,16,5,3,0
7393.002053327684,4,4,1,1
5364.972039698358,15,1,4,0
7450.476686073695,23,6,1,1
3186.039306881561,13,0,4,0
7624.36432744334,18,5,0,0
5623.749102941969,5,3,4,0
340.83611051340114,2,2,4,0
7255.448290393327,5,0,4,0
3878.3601082203745,11,5,4,0
3685.314243298774,19,6,3,0
4533.9005148071765,10,0,2,0
1199.3294514359673,6,0,3,0
3755.982558296352,0,6,3,0
6649.862097658377,15,5,0,0
128.7822608044351,15,6,4,0
2186.9726967933484,16,7,3,0
24.624418618534538,14,7,1,0
3328.6119166530375,20,8,4,1
5827.882506397409,8,8,0,0
6391.180773771455,4,6,0,1
7561.7921402104175,19,8,1,0
4869.994380701438,7,5,0,0
2040.7417988898992,20,8,4,1
7393.5628533479085,0,1,2,1
6203.649452273607,6,1,2,0
4597.555721610141,10,5,3,0
5566.643524672893,19,2,0,0
7394.909258284396,20,1,4,0
5700.590257641009,12,7,1,0
2950.1541881399485,21,6,1,0
5705.660477301328,12,7,4,0
327.023911069426,6,5,4,0
3094.392416835497,10,8,1,0
3253.5526396054065,17,8,0,0
1338.8716841945732,0,1,3,0
189.56841701140257,11,9,3,0
1071.3829869187539,2,4,3,0
5238.6988588974555,0,8,4,1
6419.299086827682,3,2,1,1
7905.686924352159,5,4,1,0
2774.176207352412,4,7,1,0
4797.0368819775085,10,1,1,0
7497.4740096869,19,5,1,0
1340.4990417985302,22,3,2,0
5742.576462810228,12,5,4,0
6041.05497152756,10,2,4,0
716.3594092753603,5,5,2,0
6890.688834538605,18,6,3,1
6505.7748516511965,14,9,0,0
272.0570375865884,20,2,4,0
733.2198969660116,12,4,4,0
397.7695166653593,9,7,2,0
2681.274536735901,0,1,4,0
4076.76548048601,12,6,4,0
4261.120084997257,5,0,3,0
2144.995744356694,20,6,2,0
7293.217108049392,23,0,4,1
2949.261005025946,19,3,1,0
369.17349694299327,11,3,2,0
2405.3157567733842,16,4,3,0
4251.219833240523,17,1,0,0
3268.733471592915,23,5,4,0
2194.370940198577,7,5,1,0
1054.9293818657177,13,7,1,0
6554.220178269357,4,9,0,1
7969.181210782914,21,0,2,0
2639.689357523437,1,3,3,0
3056.060248191948,21,1,4,0
4946.210009792271,10,7,4,0
5748.939590510653,2,3,4,1
3139.276130754712,21,7,1,0
7239.911488269613,15,1,2,0
4482.231893885202,20,3,0,0
3605.8686608654184,15,8,2,0
5175.148661513442,8,4,3,0
7622.66676675214,12,5,3,0
6357.445593901535,9,9,0,0
324.9049786283191,16,8,1,0
2661.8177363659775,20,8,0,0
3767.0047561850256,16,6,3,0
2519.5679898117965,9,1,1,1
5602.9995488395,7,6,2,0
6611.021853151336,6,8,3,1
5852.104036006246,13,1,1,0
7914.719628192061,21,6,1,0
2184.0184449047674,17,6,4,0
7000.5410127202495,20,2,2,0
6134.148208070017,18,5,1,0
2900.619166677378,17,7,0,0
5874.325726537464,13,9,2,0
837.0872715638844,9,7,2,0
6315.721191312716,0,2,3,1
4260.983167683886,8,5,2,0
2341.859930810479,17,1,2,0
5247.93952776452,12,1,4,0
5134.7518897217,16,7,2,0
1679.8423506431998,22,9,1,0
248.02733141815145,21,4,0,0
3471.8125822788825,15,4,4,0
4558.247395408647,23,3,4,1
7013.459200572935,10,9,4,1
7426.093281202518,22,3,4,0
4232.797719163347,8,7,3,0
6031.658852729516,6,2,4,0
3517.2296622623353,21,2,3,0
5969.926841800279,0,7,3,1
1642.3881918886395,8,2,2,0
2971.6625547542335,9,1,0,0
5075.65285051485,15,4,2,0
150.17293502859525,20,2,3,0
5781.078176159937,17,5,2,1
6685.106332638993,13,6,1,0
3196.137580446142,10,2,4,0
3586.2996253314286,23,8,4,1
6811.001286671165,3,9,3,1
6206.358809431637,18,0,2,0
2308.755164821833,12,6,1,0
2595.188971959504,0,3,1,0
5432.63146796282,20,6,1,0
4507.768749123049,18,8,3,1
1302.025420916493,14,8,2,0
2482.8896242871856,19,0,1,0
7200.36629864484,14,9,1,0
5506.954621594496,10,3,2,0
7887.864669895728,22,6,2,0
6137.265177196251,4,9,4,1
7536.085584988004,23,5,0,1
1733.427648094451,21,8,0,0
6173.021574161321,9,6,1,0
166.63907358164045,17,2,2,0
5367.726373583714,6,6,4,0
3756.9118135713297,0,9,3,1
2777.3467750009486,2,4,0,0
6899.922796583247,0,1,0,1
6834.8702027969575,16,9,2,0
183.30213066465544,14,2,3,0
4877.993453983201,4,5,0,1
2945.8186334460465,21,5,4,0
3328.209706996091,15,6,0,0
6657.165710054114,11,5,2,0
2482.1689733637877,18,8,2,0
7544.675241047773,13,4,3,0
1441.1724418452654,2,4,0,0
5303.465774828581,18,7,3,0
5378.480010775049,0,7,0,1
2021.300315616206,20,0,1,0
2601.3811186927796,0,2,0,0
6679.2139481766235,9,5,2,0
6095.633013364844,2,5,2,1
2636.121563116503,12,0,1,0
4273.982592744796,5,1,0,0
498.13396854349816,10,9,0,0
1673.9233297770406,5,6,2,1
3889.1353680888906,2,0,1,0
692.3600135572967,15,9,2,0
6747.44217736104,8,4,1,0
5745.459649810645,7,0,2,0
7549.351196834716,2,5,4,1
5549.267913182397,4,6,0,1
7523.508971236173,20,7,3,0
4438.327882749265,13,2,4,0
4803.747795440445,4,2,2,1
7815.883581736955,18,0,1,0
5138.822529179762,4,2,3,1
251.13861804166905,20,4,1,0
5791.803199161033,19,5,1,0
7244.222193638639,19,2,0,0
6365.664097105641,1,3,2,1
4672.747014640254,6,4,0,0
5372.071587182663,0,4,1,1
7921.583355067116,20,8,0,0
729.8433976321598,17,7,4,0
5339.62240492275,9,0,1,0
2270.7645680918977,5,1,1,0
5122.52272070643,6,4,4,0
4862.950489192091,11,2,1,0
1231.8873727047558,17,6,3,0
1657.939432693212,10,5,3,0
4974.928476455492,21,1,2,0
1030.1984286936743,18,7,2,0
2125.121096666931,3,4,0,0
6682.78815416533,18,5,0,0
2620.0965904831005,12,7,4,0
3907.0409493759553,18,5,4,0
7529.416979490993,1,9,1,1
1821.0569652513857,8,2,2,0
3120.060008777293,7,6,2,0
4853.629915470648,20,3,2,0
6043.934741384258,13,5,2,0
7213.718826768078,8,5,0,0
7324.2065356502535,12,4,3,0
6214.23739460912,17,0,4,0
1830.505038563517,5,7,4,0
203.3505936903136,22,9,2,0
3073.2725731932123,21,1,2,0
1136.6830636476475,2,3,0,0
5684.549241269193,9,2,0,0
5290.739041671606,9,5,4,0
356.5532747635314,9,0,2,0
6693.567264151954,8,8,2,0
1993.7024139980022,11,4,4,0
3460.6554685508827,23,4,0,0
5345.130214968661,7,3,4,0
3438.2032008837655,23,3,0,0
3533.0959833855472,8,0,0,0
529.6958227092443,16,8,0,0
3214.5411763337306,7,8,2,0
6119.9589062937675,17,3,4,0
7321.834815806849,19,9,0,0
3310.909610821657,16,9,3,1
3391.5686858982353,5,3,0,0
5622.503715057599,9,6,0,0
7542.4621488366865,0,3,0,1
2140.152217213685,20,0,1,0
3523.952931270805,0,8,3,1
6368.806082200647,8,1,2,0
4879.500087145438,19,4,4,0
889.137819991818,2,3,4,0
5023.723220820314,23,7,4,1
1498.0365453556285,5,5,2,0
4084.176392956841,6,6,0,0
4235.180624945206,8,1,3,0
7010.245880988754,4,3,4,1
3702.641720729443,15,3,1,0
2239.1421657759743,1,1,1,0
1851.5759539871724,2,9,3,1
6994.6437540912675,2,3,4,1
1372.2317810737359,19,8,0,0
3409.819144260734,22,7,4,0
1501.4490538409411,9,0,0,0
6187.565800714431,21,7,4,0
3797.609256597079,2,8,1,0
2812.393806001712,14,7,2,0
2891.991626808602,13,9,3,1
6818.45258275022,22,0,0,0
4432.422764584033,3,7,2,0
5744.353469794452,9,4,0,0
7176.822937424223,10,8,3,1
7214.424699944933,10,8,2,0
2631.429889431216,7,5,2,0
7619.84784885535,22,2,3,0
203.88267670677052,22,6,3,0
3017.8003103242445,8,2,0,0
7166.911865783189,7,6,2,0
2200.7218541367783,11,7,3,0
2188.2861953189404,16,4,0,0
2424.4651692297,22,4,4,0
4900.445511851143,14,3,3,0
3509.4705410367587,18,2,2,0
5815.2450166449735,19,7,4,0
7159.810587304503,5,5,3,0
5395.224002668171,4,5,1,1
1639.7114279796162,7,1,2,0
7461.791809372215,17,3,2,0
2119.620522413091,20,4,0,0
1203.4048911486243,20,9,1,0
724.2883944933824,14,4,3,0
4509.253006625994,2,2,1,1
914.5308875328112,13,9,3,1
1114.5131934804829,14,4,0,0
2403.7436923609957,12,4,4,0
2256.815812427288,20,1,1,0
4835.894885105477,19,4,2,0
6534.878509384089,20,2,3,0
6091.990501342125,8,2,1,0
2103.5632154582318,22,4,3,0
1966.2574313979096,16,8,1,0
7726.503283205206,18,1,2,0
70.8487515277212,3,8,3,0
7038.365661816425,19,2,3,0
1601.8295103836276,9,6,4,0
7578.538163102694,21,0,0,0
2741.74674219602,2,0,1,0
3525.612432276552,18,7,2,0
5658.429308485326,8,8,4,1
4703.414066528716,4,2,4,1
2546.9249410060484,13,5,0,0
4432.878172363249,6,2,2,0
5847.001540481276,20,5,1,0
343.4678924904243,5,6,3,0
94.53844551935441,23,4,0,0
3667.245177887766,7,2,3,0
1059.033759339096,1,7,4,0
5316.432610260392,13,4,3,0
1716.3493875383363,21,0,1,0
3465.6445988313894,6,8,1,0
1585.3791403097803,2,2,3,0
4390.12626806425,19,1,3,0
932.8474077796284,21,2,0,0
189.73928803590468,22,6,1,0
413.797446663044,5,9,3,0
7634.296239914903,20,7,2,0
1142.578317794432,13,1,0,0
5669.283633828997,11,6,0,0
548.0700027614959,17,4,0,0
869.7420161202814,11,8,0,0
4073.4656300176307,6,6,3,0
3721.6430865839775,4,0,4,1
7612.884573971757,11,0,2,0
7558.959446900795,8,5,4,0
6237.971097127009,10,8,4,1
4818.804131868162,3,0,3,1
3642.4077375571233,13,2,0,0
2852.6473819557264,11,4,0,0
7576.9649380695655,17,3,3,0
4825.255947340361,6,0,3,0
4634.684858849526,22,9,1,0
1859.0494685424744,0,3,0,0
378.34905399147897,12,3,2,0
7561.782695177558,15,9,1,0
2513.313394463008,4,3,4,0
3543.499241479047,18,2,0,0
921.5463489677262,8,6,3,0
6696.2100176247895,22,0,3,0
225.91650368316536,8,1,3,0
6672.756142982276,11,0,0,0
1126.5786772397944,17,3,2,0
7093.080080486061,23,4,3,1
5839.532235502578,9,9,0,0
1321.5387487459043,16,4,4,0
4528.714852911447,18,1,1,0
2504.6872332699795,23,2,0,0
1429.9736257981097,10,3,0,0
6874.161684291812,15,9,3,1
3231.164518225299,7,5,1,1
3191.356996351233,23,5,1,0
1363.243965078927,14,1,3,0
3067.6100803058007,10,1,2,0
6973.576686399158,6,8,0,0
2908.214040364639,1,1,3,0
7613.070482185805,18,1,2,0
7570.739649171058,8,2,3,0
1163.4647811622315,17,8,4,1
1422.6034719135457,12,5,2,0
6902.079192303454,22,5,2,0
3145.12354680313,0,9,1,0
39.96998835265965,18,4,0,0
2194.605198544441,12,6,3,0
4783.043800598502,13,3,3,0
6395.131397849945,16,9,0,0
1071.44199366061,21,9,0,0
888.7782085117991,19,2,1,0
7377.1307653107915,0,6,0,1
6010.431200741548,4,9,4,1
4720.287908220737,19,0,1,0
6154.648386017445,13,5,2,0
3433.6906186465744,17,1,0,0
6068.853699736467,12,1,2,0
2977.5649152399133,22,7,1,0
1956.5361070783558,11,2,4,1
5833.462303237285,14,8,4,1
3360.2799757973603,23,3,0,0
7851.109949087928,3,5,4,1
2799.1340325532674,8,0,3,0
7374.210727145872,2,9,1,1
7464.0355757938005,21,9,4,1
1938.6143117826455,10,2,1,0
6386.778346796167,14,3,1,0
3467.430668630798,15,4,3,0
7340.6101942066325,6,0,0,0
3603.743559718734,6,3,1,0
5955.708220112242,21,4,3,0
3738.404436264564,8,3,4,0
1826.2670419242852,16,9,2,0
1598.804280912767,12,9,0,0
3406.322398079483,8,6,2,0
6045.179782828648,8,7,3,0
4842.54652402023,19,7,1,0
5510.591172754844,11,2,3,0
2262.19917410188,20,4,0,0
3854.075590931056,18,9,0,0
359.94014342976936,22,7,4,0
6541.171665585174,14,6,3,0
7919.187837107797,17,8,0,0
3257.998105684244,7,9,3,1
92.65440678668908,5,6,4,0
1362.4921532098242,5,1,4,0
5221.952387614599,2,3,3,1
4898.574149039854,2,7,0,1
6303.978433086424,1,8,1,1
2034.80266763374,4,6,1,0
6110.237164799337,19,4,4,0
5505.4322520817395,11,0,0,0
2585.901909222177,5,8,4,1
4366.177743715411,15,5,4,0
1182.454098944122,4,1,4,0
3623.2532049674833,5,9,4,0
7050.172729747349,3,9,3,1
3372.4250817039992,13,1,3,0
6717.335818270999,2,9,0,1
4724.075655251257,16,0,0,0
1539.0543212533423,4,3,2,0
4650.9444263596815,21,9,1,0
4050.3367166107223,20,1,3,0
3192.1374748950902,20,9,0,0
961.4453639309822,5,8,4,1
3336.5857674586023,19,1,3,0
586.7351980358188,3,8,1,0
794.6585659330162,12,0,3,0
3330.2526807970644,7,6,1,0
2446.5249483378675,10,5,2,0
7404.7268852684765,23,5,0,1
3008.767914015263,18,1,1,0
6064.075685966441,22,0,2,0
4244.32897329811,4,9,3,1
5634.164920795472,4,7,0,1
2084.6272842081166,2,7,1,0
7535.530257842441,1,1,1,1
4243.05753283082,2,3,0,0
6651.435949925571,14,3,3,0
2923.5403193415273,6,1,3,0
806.1897356589436,2,8,4,1
5391.324623528186,14,3,3,0
67.03838845770875,10,3,0,0
3804.9673476412386,15,3,2,0
1546.4512118183416,12,4,0,0
5020.867157960721,1,9,1,1
7835.461885737128,19,7,4,0
3717.9012360335646,11,3,4,0
6540.898560922705,20,2,2,0
4064.7345746742126,6,0,1,0
3969.2410486766726,0,1,3,0
7443.735827964329,13,3,3,0
7120.277120629718,23,8,3,1
6287.474719177855,9,0,0,0
2373.564747767689,2,5,3,0
4362.342283712905,10,5,1,0
1795.0583802789515,21,9,4,1
3554.1140008820853,19,2,0,0
3876.283460749526,20,9,3,1
6653.962121153801,14,8,1,0
7168.74678077332,5,9,2,0
3319.8873988598407,17,2,1,0
146.54703836053147,12,0,4,0
6894.88184911589,14,1,1,0
1398.3580346183787,2,3,1,0
4976.946301303697,14,3,0,0
204.64234897087888,23,1,4,0
3199.0542697082115,23,9,3,1
7887.7526154122215,0,5,4,1
810.0453408249058,9,5,2,0
3392.4267502371404,23,2,4,0
2460.6638517686674,17,0,0,0
7241.179546489173,7,9,3,1
6955.374162719305,11,8,4,1
1905.4015886482996,4,3,3,0
654.0963574681972,0,8,0,0
5018.971460518635,7,4,1,0
2694.2678515102593,4,6,2,0
5378.3147028954745,16,2,4,0
261.7974497621767,14,2,3,0
1071.5268852440279,3,7,4,0
5492.546001017284,12,0,0,0
1702.9033891434697,16,7,1,0
6861.413467720401,12,7,0,0
473.4341472425328,1,2,3,0
1727.7784523706691,23,0,4,0
7988.489186638124,3,8,3,1
3467.443440181407,1,3,0,0
5625.2104800394245,11,6,4,0
1465.3910756118244,18,8,3,1
4880.900536209374,17,2,4,0
5810.2180166135,9,4,2,0
2519.240703752752,4,9,0,0
6632.032410247143,10,2,0,0
4829.323539885905,0,4,2,1
3116.0384618721664,2,1,1,0
4463.350934778553,16,3,3,0
4616.202975250215,14,1,1,0
1328.4546650874588,13,2,4,0
3224.845297086394,23,4,3,0
2750.7275512158476,14,8,3,1
3210.217267020113,15,2,3,0
6090.079154939637,3,9,2,1
3862.894567696048,18,5,0,0
7522.827645147918,23,3,2,1
2352.9429248006973,7,3,2,0
3328.550108388007,5,9,2,0
6296.7196997799365,15,9,1,1
4370.466623599398,2,4,2,0
4378.49003066346,7,6,0,0
431.4546032264422,4,3,3,0
3191.8043034340544,4,7,1,0
2169.5161907117513,11,8,2,0
7994.684307034768,0,8,2,1
2470.298789705321,6,8,3,1
7076.549795676939,23,1,3,1
5411.488711648617,10,2,1,0
2730.626691490763,9,4,0,0
4350.557355101118,2,0,1,0
6725.084360193804,7,3,3,0
7067.529542757141,0,4,0,1
1287.349030674131,7,8,2,0
2719.887263959316,22,7,2,0
2685.1093258075057,19,0,4,0
341.14814462717777,10,2,3,0
4787.910890015913,6,2,4,0
6839.286323672543,15,5,1,0
3055.687230665015,6,3,1,0
5921.587380148495,12,3,0,0
5023.464806737916,9,0,3,0
3008.3116402665414,16,9,0,0
1132.7730969409151,2,3,0,0
5676.044202943859,6,0,1,0
6837.248525685218,10,4,1,0
5488.406666749927,12,2,3,0
147.93847985837044,4,9,1,0
1733.781990655975,22,4,3,0
560.4924791438376,18,2,4,0
4565.236866111933,14,4,2,0
6053.039042329097,0,3,4,1
889.0806006139322,4,8,1,0
6707.510875644115,12,5,2,0
4446.294282271888,9,9,2,0
5521.302252073091,4,1,0,1
7771.357779626126,22,0,2,0
674.02950104034,0,0,3,0
7210.2860637074255,9,0,1,0
1013.1910544193374,17,8,1,0
3146.7056590602747,21,4,0,1
6812.2523771672595,7,3,0,0
7250.502622719257,19,9,1,0
4053.441529993437,2,4,0,0
4754.866583012024,18,8,2,0
5666.6379401154645,18,2,2,0
6662.9055542794495,1,2,3,1
976.481800453641,16,1,0,0
6481.504119292675,15,7,1,0
3852.802823340376,20,6,4,0
3607.734283739811,9,1,1,0
3394.078517216001,20,3,4,0
4076.1466240421105,15,6,4,0
7560.679174389856,4,0,3,1
4387.889163473252,19,0,4,0
7625.654418413798,2,7,2,1
1446.4195942720464,2,5,2,0
5794.467150766902,1,1,3,1
6498.855111176934,20,9,1,0
5434.635006522221,3,9,1,1
4857.34363041119,21,0,1,0
4520.6781847840275,17,2,1,0
6888.139208216674,1,3,2,1
6574.064544330178,23,4,2,1
982.6983258388932,5,9,3,1
6789.45831796187,2,2,3,1
3315.478612426338,20,4,3,0
2033.3061558165073,2,6,1,0
6958.799701271338,1,8,1,1
3459.0382730717643,2,4,2,0
6467.875697963649,16,3,2,0
2110.911877586977,13,9,0,0
36.41492477063133,6,8,0,0
3966.1962472590403,21,7,1,0
806.3249118598596,20,4,2,0
6036.235764421653,5,8,1,0
2212.220712874936,7,8,4,1
3551.9469445948125,18,0,0,0
700.8333529069762,18,5,3,0
2296.840691335785,11,4,1,0
6253.014494852283,4,5,4,1
1216.945355659044,4,9,3,1
5179.040691210024,13,2,4,0
7339.819693171987,16,2,2,0
5440.294894262974,15,9,2,0
6489.118405891353,3,4,2,1
876.2281762848068,7,6,3,0
2009.6009488864254,2,3,3,0
7156.838123663525,20,5,2,0
5722.2693808766235,4,4,3,1
5118.232841886603,22,1,2,0
5311.815055292992,23,0,1,1
3316.533431665624,6,5,2,0
361.2302697831375,17,4,0,0
6276.610128855478,23,8,1,1
5431.312323541754,7,6,2,0
3785.071690581234,10,0,0,0
7198.578124869218,13,9,2,0
2692.5965215558654,17,5,1,0
2358.102345128731,12,6,2,0
6983.006619010145,5,2,3,0
6376.916299798089,12,8,2,0
4122.263586133517,0,1,1,0
1050.2242419655106,10,0,4,0
1724.4964143630943,6,9,2,0
5251.542783318409,9,9,3,1
3083.4046965340913,1,8,1,0
6692.60316736944,15,6,0,0
7599.890299610972,4,9,4,1
6446.0672175729715,15,0,2,0
3023.4756568494795,22,3,1,0
6310.548001705235,15,9,3,1
2814.776179398114,14,2,3,0
1340.965201686243,8,6,1,0
271.97867290252987,0,4,3,0
3088.8051185243553,8,8,4,1
7228.956633059769,10,2,0,0
1915.6977691066336,4,5,3,0
1656.072753613623,5,9,3,1
7758.717178002117,7,1,0,0
204.90788224048399,14,2,4,0
6287.328292398066,15,3,4,0
2574.352796148258,17,5,4,0
304.71621517292635,11,0,3,0
7342.831308975621,22,5,3,0
1121.440430025621,3,3,4,0
4416.475373386935,21,7,3,0
2196.0633883992346,15,8,2,0
526.2164534666048,22,7,3,0
404.1302728787158,10,7,4,0
928.8758071965286,21,1,1,0
575.5792760455935,23,9,4,0
6085.662133581784,21,1,1,0
3887.1017872560165,6,5,3,0
2746.4222703350924,23,4,3,0
3349.8594365053973,14,5,1,0
7431.929150903124,16,8,4,1
7286.4607428414865,14,9,0,0
5726.833458580002,9,6,0,0
7078.035607486394,3,4,4,1
2560.5859805630603,21,9,3,1
3051.969061436221,16,6,1,0
4911.628893924553,3,7,1,1
4990.8894486416275,21,0,4,0
3856.1902049086657,22,9,4,1
3208.2594982614364,21,6,2,0
7889.511591311518,10,3,1,0
6569.8833908112065,3,4,2,1
3482.6666821149215,11,1,3,0
5819.70335553035,22,9,1,0
2160.1457375534137,9,4,4,0
805.8537632674525,13,8,4,1
2822.6860492941614,17,0,3,0
3226.7675369865365,5,2,0,0
137.21431086256305,4,3,2,1
6519.262053078989,1,8,4,1
2876.751252101506,12,1,1,0
4645.4432354122755,22,6,1,0
596.3356822312929,13,8,1,0
1404.0996458609188,2,9,3,1
7118.101333993842,22,3,0,0
4871.456785422993,10,4,2,0
7602.520981113032,21,9,1,0
7990.006524958579,22,3,1,0
2978.0216220880893,3,6,4,0
2393.9304973457806,12,7,0,0
6867.556660996978,7,7,4,0
7988.898359164446,7,2,3,0
5038.981667688497,22,1,3,0
6362.150076479621,12,5,2,0
6255.058141228119,22,0,3,0
2845.940967215278,9,8,2,0
4596.291690155413,12,6,4,0
6665.290245407387,12,7,1,0
5506.470440707139,23,6,1,1
174.2046927863959,16,4,0,0
2696.9618228357804,5,4,3,0
1160.0831942738698,1,6,0,0
1867.6128355639225,16,6,0,0
7244.388372543149,11,1,1,0
299.96184484159136,22,1,3,0
1762.3066921355803,5,6,1,0
2480.0069711446604,4,4,0,0
4936.988155371327,4,1,3,1
4275.1430122364945,8,0,1,0
1750.064515412822,21,8,2,0
1318.10733244912,2,7,2,0
1898.2002865959698,22,1,4,0
4022.724365479736,19,1,4,0
2173.0663967610712,4,2,3,0
7581.082000353739,6,3,4,0
3713.6024453236364,11,8,3,1
475.0741522743733,6,5,0,0
5835.4849146638835,9,2,2,0
2634.118079230872,7,7,3,0
5229.644011805689,16,5,0,0
2240.3569923332398,4,7,2,0
4568.096215157892,14,9,1,0
6178.35927593568,8,1,0,0
7424.429890487559,22,7,1,0
2092.711519742451,10,4,4,0
2682.1813232368545,12,9,3,1
3716.8100301860877,17,3,2,0
7417.762827699231,16,2,4,0
7211.587920201204,23,8,0,1
723.576849404601,8,9,4,1
1059.7789569017177,9,6,1,0
3966.595872758453,4,6,1,0
857.4210860793609,10,5,3,0
2767.9190824228363,21,8,4,1
1191.341098848734,14,2,2,1
5090.142639279427,1,0,1,1
7596.215976754598,20,6,0,0
7973.88649350358,19,8,4,1
3005.052854312834,23,5,2,0
4794.106033731325,23,9,2,1
6850.85988992503,13,1,2,0
944.10927200709,4,7,2,0
5518.06746636046,23,8,1,1
3273.7050754919205,5,9,3,1
1653.138551439912,21,7,4,0
3225.0151818857985,14,8,1,0
612.3024942845103,3,0,3,0
5564.7801529715,9,2,2,0
2025.6776366438824,18,2,0,0
2494.6881321337996,8,8,2,0
973.0449794404947,20,2,3,0
6917.9496155496845,9,9,3,1
3950.087012865495,3,0,0,0
4579.31428790227,21,2,1,0
4557.614301343363,3,1,0,1
3286.8924507580273,5,8,2,0
1544.276673927925,7,0,4,0
5962.336324244708,15,1,1,0
1020.8148415346063,7,0,4,0
835.4709532790899,15,8,4,1
5682.609575584044,5,6,1,0
1674.6519785136106,16,0,2,1
2457.6481470658946,0,9,3,1
3804.443598678913,18,5,2,0
3597.563777252722,17,4,3,0
5670.090104894669,16,9,3,1
4989.3371885796705,16,4,1,0
5156.947317443516,11,3,1,1
5713.864373590382,11,2,0,0
2344.438755750605,5,7,4,0
2582.054827844787,6,6,4,0
3506.791994424955,7,4,4,1
2463.1600734030408,2,8,4,1
7879.578262422053,16,6,0,0
6513.3451517393305,20,9,3,1
1321.4142326069566,7,1,0,0
49.72527627554675,10,6,1,0
347.05222963690653,19,6,2,0
1956.2872910881874,17,3,3,0
918.758830265668,15,7,3,0
4269.0382285661135,12,3,0,0
6864.671805705232,8,6,1,0
5895.318016201253,18,3,1,0
1728.7944593421123,6,7,3,0
3197.397551926158,16,2,0,0
4065.6142052025643,7,1,4,0
6482.595766779167,7,9,3,1
6713.777216833788,2,5,4,1
7278.197903702669,15,6,2,0
4076.415777770487,11,6,1,0
5555.726597754724,14,5,3,0
898.8439680153276,20,7,2,0
4524.4852348320865,3,5,4,1
1993.2910167217253,22,5,3,0
3456.576495787756,6,2,2,0
5074.233813912221,10,1,3,0
2059.60257314098,23,6,2,0
422.21953708510483,4,5,2,0
86.81968198801631,12,0,4,0
182.16548667844978,10,1,1,0
71.75615142258845,4,1,0,0
887.2886771802144,7,0,2,0
1919.7122729881885,20,2,1,0
1773.666005887482,16,4,0,0
7894.438770468274,10,3,4,0
2451.518811145501,18,1,3,1
1023.7291629583958,17,7,1,0
4366.772540621225,9,8,3,1
6864.369855903079,4,7,3,1
5426.092712417463,23,6,0,1
2372.1763026379253,0,9,1,0
4495.121197532682,16,1,2,0
5720.273513732271,16,5,0,0
5826.1954164801,0,3,1,1
5333.974950105022,0,4,2,1
6967.129346081066,22,8,3,1
6961.493139461114,21,8,4,1
4633.5977924589915,8,3,4,0
3441.701671044142,3,7,0,1
5134.354513042973,8,4,2,0
6546.604950956853,13,8,2,0
50.18857820527187,14,1,4,0
7936.0160870737345,15,3,2,0
1467.2357097719478,15,2,1,0
3764.64064035151,12,6,1,0
6976.87773006872,13,1,4,0
1804.197990358374,21,2,3,0
3816.9778150835637,20,8,3,1
1064.9945305485276,8,7,3,0
3163.6352214785998,22,1,4,0
1421.1979610700553,8,5,0,0
2912.2038514254,20,2,2,0
2990.8464132578124,3,5,1,0
7945.40046283867,9,4,1,0
7958.530169283659,2,9,0,1
922.7162978915962,20,3,2,0
5809.120390730136,8,6,3,1
418.7051099544637,18,9,1,0
246.38516262082308,15,6,3,0
847.1444844884896,15,3,3,0
7724.0578277784325,16,2,4,0
7527.2040654181055,17,3,4,0
1555.4529231440401,9,1,2,0
1297.5703227519236,20,3,1,0
1928.0780166949964,18,3,4,0
4126.798217630761,21,4,2,0
4559.788533123102,14,0,0,0
1776.6394763633816,14,1,3,0
6054.199190779112,10,7,1,0
2479.8775893741927,7,7,1,0
7377.439947607636,21,7,2,0
5255.498038121561,15,4,4,0
3493.6277984573753,9,7,3,1
6320.346453614248,8,8,3,1
6544.227435243085,14,3,1,0
2327.4004368435044,21,3,1,0
2721.0177779694945,4,6,3,0
7487.961454060184,19,4,0,0
1322.104601714359,1,9,2,0
341.99258361865895,21,0,0,0
3635.1723042633457,15,7,4,0
6410.673152447814,17,3,0,0
6174.486509954412,15,7,0,0
7356.647378158096,4,1,4,1
4267.939311630476,0,3,2,0
805.0170491744339,18,1,3,0
4711.568349816449,9,4,0,0
6228.272936753927,20,9,2,0
751.1583215572621,12,9,4,1
1385.3959217752301,22,7,2,0
103.26383593958886,23,6,0,0
4751.252372677249,22,4,3,0
7094.441463607506,22,6,4,0
5366.953211436786,10,4,4,0
7856.410500289901,14,6,0,0
508.9540517355937,1,3,2,0
7224.493675786212,5,3,3,0
6513.475957656512,20,9,4,1
2517.360956393542,10,3,0,0
7788.344781938828,14,7,0,0
2307.062296630463,8,0,1,0
7114.991267006607,11,9,1,0
7046.584873708144,3,4,2,1
6062.472644740765,22,9,0,0
4509.946438133751,23,1,2,1
964.42198318702,13,9,2,0
4258.114017299504,21,3,3,0
2857.586063961202,2,4,1,0
6338.7751800770375,20,7,2,0
6066.243005942275,16,1,3,0
7285.346996443979,12,1,3,0
123.56714864150443,7,1,1,0
6473.780218500254,11,7,1,0
7508.004114731727,11,2,0,0
6315.45709061966,11,4,2,0
1045.904706663582,1,1,3,0
654.8264432028975,9,5,0,0
171.657692262568,22,9,2,0
5031.818080495428,8,5,2,0
5039.232851619799,0,1,0,1
7895.3751451746075,3,3,3,1
3187.3551769622454,22,1,0,0
2658.5907477554865,13,9,2,0
4997.277292839218,15,3,0,0
6605.741336698214,17,6,0,0
7494.5077264364,1,4,2,1
6425.977708601414,5,9,1,0
3416.258475023359,2,3,3,0
5081.139311319953,19,9,2,0
6851.113117095355,18,9,1,0
3927.424458052357,12,2,0,0
1737.4097164246145,16,5,1,0
1361.9389007842444,13,1,2,0
6.261167901563547,21,3,2,0
5747.312769875368,10,7,0,0
893.2221847236941,15,1,2,0
1954.4936020690436,10,8,4,1
2386.5212705247327,17,1,1,0
4485.236981793463,1,7,4,0
3186.668431979675,22,7,4,0
5399.018566225179,20,6,1,1
449.83108133297816,7,9,2,0
995.8938581441934,13,5,1,0
3996.1959707484675,1,0,0,0
2699.0334788354044,12,1,4,0
2370.027835197121,9,6,4,0
540.8894919049942,7,3,2,0
7166.274802110272,6,8,1,0
5536.089596069781,12,2,3,0
977.3371637730968,23,3,2,0
525.0424321084392,18,2,2,0
7799.105904782788,23,6,2,1
5450.974540763841,14,1,1,0
3342.561288394463,21,9,2,0
5615.3396708425,1,1,0,1
6051.872632908872,21,1,0,0
6240.797808098291,4,3,4,1
3825.629058696196,18,7,4,0
3441.91265120816,0,7,1,0
93.16953372985822,6,7,3,0
7412.824135558995,17,7,4,0
4828.4464877196,0,6,4,1
1629.215727833795,0,5,4,0
7357.229338274386,6,6,4,0
7319.8805546535195,16,4,2,1
7913.527394106937,5,7,4,0
6993.082222296136,19,1,1,0
7982.286180621418,11,4,2,0
1961.2660740455642,19,6,2,0
6738.7854336678765,14,8,1,0
6585.111328822137,12,9,3,1
1851.3681719697663,11,0,4,0
792.0082042629213,20,8,0,0
7835.467006852409,1,2,3,1
2371.71628940728,20,0,4,0
6967.77986479011,17,6,0,0
37.99660162345813,3,2,2,0
173.0933337207196,9,7,2,0
3729.6411130274655,10,1,2,0
1913.5238980608333,20,3,4,0
5520.281061070535,5,1,1,0
4526.6867829157945,5,3,2,0
624.498950616679,8,0,2,0
1305.213229044158,19,9,2,0
3107.453914117022,12,4,4,0
1488.904491323688,4,2,0,0
6338.817666215209,5,8,3,1
3331.481533248474,3,3,2,0
751.9877754057817,5,5,3,0
3877.321503665638,17,8,1,0
731.2512575860063,12,1,1,0
1035.8537568314384,22,6,1,0
1920.6806070655014,2,2,2,0
6876.924003453681,9,0,3,0
7397.27719600211,3,8,0,1
6610.930546009892,14,8,4,1
2675.9473532556885,11,3,3,1
2183.209296665109,14,8,4,1
4395.4997478679625,20,6,3,0
5776.2160184622335,9,3,2,0
7947.015441340598,11,1,0,0
1056.9078414720152,21,4,2,0
399.08953219531645,7,7,1,0
5556.375332517192,20,9,0,0
6658.645139113724,20,9,3,1
6771.5584950320535,2,5,2,1
5429.316074871899,6,4,4,0
7632.356353932901,17,3,2,0
4090.4830845389724,2,5,2,0
7310.949312698019,14,2,3,0
7742.6580352472265,1,1,3,1
6778.023868739846,14,0,1,0
2481.519713252672,12,8,0,0
1573.7441311065106,23,0,2,0
4387.219919529638,19,3,4,0
3626.852929289607,9,5,3,0
7022.6779458309,23,8,3,1
804.7532101818939,23,3,1,0
2065.6317901855914,23,6,0,0
6015.6325614270745,23,6,1,1
764.4182265936105,7,5,3,0
2569.511490103493,15,8,4,1
3100.3073754615953,15,9,1,0
4982.637403518706,1,6,2,1
1269.27050252632,8,2,3,0
6885.532900345927,7,5,3,0
3583.1001725528627,10,6,1,0
7336.588586485049,0,6,4,1
3745.619959503283,20,5,1,0
2203.9468702311633,10,2,4,0
1138.9214853579606,17,5,3,0
34.94203221672208,20,1,1,0
4259.599092453761,14,9,0,0
861.7177919307528,23,0,1,0
3136.8634702312697,8,7,1,0
4716.227731090508,8,2,0,0
2209.1087457370886,0,7,0,0
1405.9182174670914,6,2,2,0
6198.899372761686,11,1,0,0
7574.595422391557,23,7,4,1
808.0211408064182,9,2,2,0
1248.9446434581378,18,7,4,0
7680.301194735486,15,1,2,0
307.084853388909,5,3,2,0
7821.170530721025,10,8,4,1
42.13264226448522,18,0,3,0
6989.980901932394,18,1,3,0
2462.0648219970576,17,1,1,0
7509.017921127486,14,8,3,1
2538.9775826415057,15,9,1,0
5236.179040664778,13,4,3,0
644.8603952786635,7,3,1,1
1942.4268425726432,7,9,1,0
6190.56637510161,1,9,0,1
4231.843400162164,5,3,1,0
7424.112648987423,12,6,4,0
3432.8675096891275,12,2,4,0
6959.149864682315,20,8,1,0
3594.398722638509,11,4,4,0
7834.089988222372,1,8,3,1
7678.87587928402,20,0,4,0
2636.447960920862,19,9,0,0
7087.959744982341,11,7,4,0
6781.652936854116,16,1,3,0
1689.3897766338648,5,7,3,0
4996.201754262242,6,3,1,0
586.0951131405698,5,1,2,0
6694.502211064776,20,1,3,0
1400.4943386104549,3,5,1,0
571.1635375791873,20,2,1,0
3204.7516688327955,8,9,4,1
4617.4924981041495,4,2,4,1
6840.061083685369,9,8,1,0
7794.0689915462835,14,4,0,0
3518.74263799606,7,6,1,0
488.27314926723534,22,4,4,0
5994.179054311836,3,1,3,1
4523.56018351038,4,7,0,1
3585.8913020314826,6,8,2,0
2477.6046859435564,5,1,3,0
4021.6762301090675,12,1,4,0
2712.7434376339625,18,3,3,0
6057.309882640146,9,7,3,0
4353.430103458665,14,4,4,0
7015.397954362125,2,4,3,1
4350.633597622289,17,6,1,0
1909.9079946527406,13,3,0,0
6809.479598445995,2,8,4,1
4459.966264215701,10,3,0,0
1658.694099957772,9,7,1,0
4989.944940599996,16,2,4,0
2864.945535714708,12,5,1,1
6756.0228702750655,1,0,2,1
3629.13141047911,12,6,2,0
5812.898658068797,18,6,2,0
768.8119800517161,4,1,0,0
3171.2146486872575,15,4,2,0
7866.015284596828,9,3,2,0
6468.640014369801,11,9,1,0
1283.7267149235945,19,8,3,1
2225.7235755706542,12,1,3,0
2641.8773918066067,20,2,2,0
5204.6726561610885,15,0,3,0
6057.173102119797,21,9,2,0
5997.465237419238,20,4,2,0
4081.4430801696903,0,2,0,0
6487.510200016019,21,3,4,0
3499.439271646013,8,3,3,0
995.4251195380175,15,5,2,0
4517.712524022238,18,9,3,1
7618.649569885848,14,6,0,0
6344.984242883128,17,6,0,0
4631.711678299478,21,7,2,0
5176.21125449103,11,2,3,0
7444.843406149404,13,4,3,0
3429.600641507509,2,9,3,1
2654.4961408463855,3,5,0,0
7818.04631217859,5,5,1,0
6908.227852415116,15,7,1,0
2587.733459025726,12,4,3,0
3712.925875900578,11,4,3,0
3323.5496414173535,21,0,4,0
1197.0199509781141,11,0,2,0
7662.765493887006,1,5,0,0
3237.4778876019714,12,9,4,1
7003.2560156900745,2,9,3,1
1518.9030403069173,12,4,1,0
4385.227131044572,1,9,1,0
196.5712740685372,18,5,4,0
6114.942768319257,8,8,1,0
4649.406616478996,19,7,1,0
5006.588719840673,0,6,2,1
418.5084560244544,12,6,3,0
1692.2514500178802,1,5,4,0
599.2753244668734,14,5,0,0
2314.869954851475,18,0,0,0
5021.374866418797,15,6,3,0
4531.656944617414,10,4,0,0
4899.137823799055,14,6,1,0
4396.263914666265,5,5,2,0
2187.8652214284957,13,7,4,0
1959.8374412686796,5,2,4,0
1100.7921698749672,18,7,1,0
6793.3216448534195,4,6,3,1
4933.752471537249,10,0,2,0
1496.1555449699579,3,2,0,0
1421.78899167081,8,9,4,1
6984.919634201463,8,3,4,0
5943.133255787738,16,8,3,1
5276.895643843444,7,5,2,0
3257.878539776702,14,6,0,0
2099.4946364067478,8,4,4,0
7835.708851087026,4,2,4,1
6378.930402307287,3,4,0,1
2417.7248889745306,19,6,2,0
6781.280546246565,17,8,2,0
6072.660929174379,8,8,2,0
2380.158996274597,20,7,4,0
3415.2900696619095,2,4,1,0
1491.6977959012581,21,6,4,0
892.8642928029842,8,3,3,1
5783.482452553376,8,9,3,1
2143.7572995441637,20,4,4,0
6561.374629141297,23,3,4,1
7964.891648557837,3,2,0,1
617.5754123675412,20,0,2,0
3786.9158250441837,6,4,0,0
6417.490161689871,6,1,3,0
6312.662417847162,22,5,3,0
6081.177280856093,7,4,1,0
2795.214507738778,20,1,2,0
3633.5567792019933,0,7,2,0
4761.772016945055,8,4,3,0
7791.654965668191,22,1,0,0
2623.7404311532505,11,0,4,0
7385.535382296278,5,1,2,0
2158.5085608530503,12,0,4,0
7912.650351462268,4,9,3,0
5363.758176186596,20,9,1,0
3710.774285466615,18,2,3,0
4909.056472368521,0,2,4,1
2183.8866964764534,21,9,3,1
2197.0199908041754,23,0,2,0
912.8685780287333,17,6,4,0
916.8321301546631,7,9,4,1
2784.635573043946,23,6,1,0
6104.029545781491,7,8,2,0
4865.729484947309,14,4,0,0
825.1635598465114,18,3,1,0
6818.631017182408,9,4,2,0
4812.934177785581,23,7,0,1
7687.040336394314,15,7,4,0
5363.132811952604,10,3,1,0
1405.523035314927,11,7,4,0
3792.897981651039,15,3,4,0
5189.738292389897,15,3,4,0
230.97628489457165,19,7,2,1
124.20756191768912,2,1,0,0
1039.5769897855505,8,3,2,0
2017.0571581885388,7,0,4,0
3439.245242547801,9,0,1,0
3902.086587709508,12,7,4,0
1108.5307334584847,17,3,0,0
5388.765675031067,12,5,2,0
4771.123803263796,12,4,0,0
2359.240470235076,14,9,2,0
114.21076806515961,12,5,0,0
625.7950832495595,15,3,0,0
3136.599730209161,7,3,2,0
1236.024937569643,18,6,2,0
3017.6727511530266,9,0,2,0
5027.3199230602895,11,8,3,1
4380.163235894872,13,9,0,0
1853.251185683467,5,2,3,0
2753.8608176137254,20,3,3,0
4914.179431596962,23,8,4,1
6887.535949207372,8,4,3,0
6026.941442717323,6,3,3,0
4429.433214533153,5,5,2,0
2901.5325215403072,21,0,2,0
2923.5849639467347,0,9,1,0
7035.9413955638465,20,0,0,0
318.7523904441685,13,4,3,0
7903.921242139986,23,4,3,1
5316.68140975824,5,8,0,0
5450.695904083762,11,0,2,0
308.79270925141356,16,2,2,0
4846.206552755721,4,2,0,1
3880.8005904231236,10,3,0,0
850.7023606180657,4,6,2,0
2226.986476101026,11,6,0,0
7123.064077428142,2,9,2,1
4402.157384848294,23,4,0,0
3310.2655185154003,8,8,2,0
586.0938359472835,5,6,1,0
5714.401611581433,21,1,2,0
5624.29233305128,1,2,2,1
4914.278637745646,1,6,3,1
4084.5498565340904,21,4,2,0
3473.1062956479445,11,6,0,0
4748.202388438998,7,8,4,1
1870.9966365686116,1,8,0,0
7530.366218100294,8,2,3,0
4712.412260795935,15,7,0,0
2492.9835926132405,14,5,1,0
3600.1904078268326,13,3,4,0
6446.449887070754,19,3,4,0
1297.120405538728,3,3,3,0
2346.220801569782,3,6,4,0
5437.666641778761,10,5,2,0
2527.33620582538,20,1,3,0
6341.050946482421,23,4,1,1
1047.9756299829999,17,4,4,0
6102.675932784595,4,5,4,1
551.4719602302771,1,6,3,0
105.67793827662081,14,7,4,0
7186.297033063136,10,9,4,1
4652.807039373727,23,7,1,1
2817.8560422090577,16,4,1,0
1864.594122525984,15,1,3,0
4937.0018371702245,14,9,4,1
4074.472457376222,22,7,0,0
7932.824215362231,2,5,3,1
7865.811813296697,19,2,1,0
5082.0214063021685,14,3,0,0
3545.7496963165945,23,0,4,0
3931.6720482316236,18,2,3,0
5461.420134563711,12,3,3,0
817.088481161874,15,1,1,0
2630.1748301166917,22,5,2,0
606.8015668238129,11,7,2,0
591.5192723377719,16,5,2,0
1570.7347389443987,15,9,3,1
3884.599770472849,8,2,1,0
6279.270697696501,5,8,1,0
3886.539649871151,18,3,2,0
2687.1355014341534,22,5,0,0
663.4121577423813,12,3,2,0
4404.612707849121,20,3,3,1
2173.7923489329983,23,1,0,0
4921.398752447594,7,9,1,1
7817.6159743636845,11,1,4,0
894.9580002130135,8,1,0,0
1700.9425627819096,21,1,1,0
3787.390832104501,3,7,0,0
7749.067453690706,12,9,2,0
6175.619161278615,1,3,0,0
7186.342399336827,2,3,0,1
2673.0502135639645,4,9,0,0
7936.3475978598635,23,9,3,1
827.1483644329384,17,2,3,0
428.51838383857614,20,4,2,0
6845.543003296955,13,3,4,0
7418.4826373048545,1,6,3,1
729.2299335810835,14,9,4,1
911.8522768330027,7,6,3,0
270.2273912574116,15,5,1,0
840.5379633285792,2,6,1,0
1679.3114353182457,23,6,0,0
7760.762568185458,19,7,4,0
5344.542476806245,19,0,0,0
6229.531439020744,22,2,0,0
6210.234532513719,4,2,3,1
4282.914629484821,3,4,3,0
6380.924376815572,22,9,0,0
4768.481221457807,11,6,3,0
2519.796050338844,18,9,1,0
4491.075319603364,14,5,1,0
4270.401146145435,12,3,4,0
6588.507164805768,4,5,1,1
7853.909102966364,11,6,0,0
3291.2853105403397,18,3,2,0
6108.30847413867,1,7,3,1
802.6052172848777,6,4,0,0
6215.766798739067,22,2,3,0
2974.478211385891,4,1,4,0
319.9243523030449,19,0,0,0
2909.1531976046067,10,3,0,0
4887.08879361855,17,1,0,0
958.4050906133252,17,2,4,0
7392.655766979886,6,0,0,0
625.9909441163445,9,5,3,0
7440.403725066164,22,3,2,0
5658.564455895813,19,4,0,0
2641.048842436558,13,7,4,1
3129.0490299342005,19,3,4,0
5927.770871038289,19,5,0,0
4813.761451545253,10,2,4,0
5374.785157032286,1,7,1,1
3116.3711090252727,12,2,4,0
3905.068787051754,12,6,2,0
7918.990534882958,8,6,1,0
1715.313349645243,16,2,3,0
3345.7602112444406,14,2,1,0
2338.1263846538686,23,9,2,0
6122.066525966599,21,9,1,0
6113.280942197437,22,7,0,0
2343.10146067418,20,2,4,0
655.7155814806983,21,1,0,0
96.40424999427134,21,4,0,0
3422.4670132736715,15,6,0,0
3285.649066714488,9,7,1,0
7907.177079725704,19,0,3,0
3761.0675952029487,11,1,4,0
2055.064864755488,4,6,1,0
7130.379381046582,19,8,0,0
3931.08825748036,16,2,2,0
4795.40920350857,9,7,2,0
769.8713398735604,5,9,0,0
3066.4166766015437,20,2,3,0
7554.068277417925,19,3,4,0
4718.0955464825265,5,1,1,0
2759.292331863981,11,8,3,1
5007.209109149587,20,4,2,0
7283.7366611770385,18,4,0,0
2195.5548507783574,1,3,1,0
4043.4081641730418,12,4,3,0
7669.731778024484,21,0,3,0
1383.307165671129,19,9,3,1
5758.713085145709,10,9,1,0
4917.775660582844,14,5,4,0
5439.002673469376,12,3,1,0
2813.0009471872195,2,3,0,0
2514.4655910027004,13,4,1,0
5475.256316354022,7,0,3,0
1728.26856441084,8,3,4,0
3360.1396851477457,14,9,4,1
1509.4562951930795,22,2,0,0
71.39720478102129,17,4,0,0
7760.608593504365,7,9,2,0
3456.4653143580704,10,4,2,0
7754.950167286503,4,7,2,1
1126.8865405437696,14,0,1,0
4700.997401762601,14,2,4,0
1611.7873921659607,6,4,0,0
6321.642645071382,20,2,2,0
6270.705395143997,17,5,0,1
905.2941565692978,11,9,2,0
7296.955300746731,11,2,1,0
1561.064029389781,3,5,1,0
4905.753846006936,10,7,3,0
7885.140792601194,20,3,0,0
7059.760295457078,5,7,3,0
7652.728608846546,20,6,1,0
2744.077175888865,9,3,1,0
849.0772595446095,14,2,0,0
1510.8332519491535,0,4,3,0
4006.4566861375274,16,4,3,0
6346.8712777952105,2,6,3,1
1205.4783852500825,10,0,0,0
5279.553600424753,17,8,0,0
2592.002944295897,9,1,0,0
2732.910568775267,20,8,4,1
5297.032252612621,8,8,1,0
3738.6603591680955,6,2,4,0
6497.206177742822,10,6,4,0
1251.5684847543023,7,2,1,0
6320.636416787473,1,7,2,1
518.5608082190798,4,7,2,0
1556.460772563612,8,2,2,0
5250.9169674528075,0,4,0,1
6840.130623806014,16,6,0,0
2025.1736237760956,9,0,3,0
2620.896888602159,7,2,3,0
4299.280382552486,17,0,4,0
1696.5245878819721,9,1,3,0
6490.194311392108,8,6,0,0
6190.224976821058,3,6,4,1
1166.607237166424,1,2,3,1
3713.3187058739736,18,5,3,0
6199.747994403698,9,5,2,0
2701.949601171801,16,1,0,0
5066.689047628264,2,8,4,0
406.45390605329396,20,7,1,0
4871.466640431897,18,1,3,0
1225.460575104853,18,3,0,0
6645.513684290038,21,8,4,0
2846.8184613259255,18,3,0,0
2256.023132511925,18,6,0,0
6727.907368808323,14,4,4,0
405.9014644591226,17,9,2,0
3175.8873506780865,16,5,2,0
2963.178306897376,9,0,3,0
2281.978992125159,23,3,2,0
7294.475884351809,13,4,3,0
6008.672506166195,18,5,3,0
516.0656977145504,22,5,4,0
5718.926158232458,17,4,0,0
4220.7565693647075,10,2,1,0
7207.438815740626,10,1,1,0
2507.000210700126,11,6,2,0
4595.425186878615,7,0,4,0
4008.538421554183,15,4,1,0
3919.0394452897076,23,3,0,0
3651.562669140115,7,6,3,0
1649.007656880589,23,1,3,0
6046.90083032668,13,7,4,0
3613.431581750613,22,8,2,0
7668.337618645833,17,9,0,0
2090.1633754062464,23,0,2,0
5463.536997818193,20,4,2,0
7526.033051714672,21,3,4,0
5309.34929251366,3,4,3,1
6970.82689640107,16,8,2,0
6620.710273257264,12,2,2,0
2884.1411353345857,4,0,0,0
4802.990899816275,2,2,3,1
1254.3094117917879,8,3,2,0
4286.529432151318,19,1,1,0
1847.223664655626,17,0,1,0
5951.175835544803,19,0,3,0
4226.827083027536,18,7,3,0
3292.7627642401258,18,3,4,0
2154.0327838549856,20,1,2,0
7989.594362321089,15,9,1,0
578.3256144750368,0,2,1,0
353.26764117649805,4,7,3,0
1741.9729169484472,23,5,3,0
7768.7243067294185,14,7,0,0
7834.009155718276,11,9,0,0
5241.147239503227,0,4,3,1
7041.452804315206,13,2,0,0
1715.6240380721592,17,5,3,0
7776.476542942106,17,9,3,1
1146.5648768658193,5,7,4,0
813.4958795123579,0,4,0,0
902.1312562819468,16,4,2,0
4587.157746564155,17,2,2,0
6248.890333740828,14,2,4,0
2936.5040871076917,11,7,2,1
7823.278422350081,12,0,2,0
3478.189004256044,19,3,4,0
1207.8361634318642,1,8,1,0
3730.404151748163,3,5,4,0
5433.902137552407,2,5,4,1
6658.645115132507,18,9,0,0
3672.8524782029604,7,6,2,0
4750.886574263094,11,6,2,0
2142.4209737100327,11,5,1,0
5169.102628612084,9,8,4,1
7887.845691882998,0,7,3,1
397.1833128394119,4,7,1,0
7092.812712287817,19,1,1,0
4500.4486096263445,10,6,2,0
2020.528783200588,8,0,2,0
7639.343231524017,13,9,2,0
3869.4176529558968,2,7,2,0
2656.863562128718,4,2,1,0
1456.073538025375,23,8,4,1
1959.3954210020133,20,4,2,0
6663.628087523583,8,6,0,0
4917.208024490741,17,6,1,0
7306.398727809087,5,8,3,1
1859.5877750014977,20,1,3,0
973.5028979219672,6,3,4,0
53.66981014984209,15,7,1,0
4065.3569907398705,7,4,1,1
7986.463908403995,22,4,1,0
5561.247324205018,9,2,0,0
2470.6147627613427,4,4,0,0
7015.484371294243,10,6,2,0
6254.869516573738,20,3,3,0
128.24425278193135,12,7,0,0
6535.799541925475,19,5,3,0
2407.7114241217755,1,5,1,0
1201.6393493458907,13,5,0,0
1814.5150636979113,8,3,3,1
3751.2955359792363,9,2,0,0
3401.8190769087482,9,9,1,0
2314.653958496943,9,5,1,0
1381.8854860452266,18,5,1,0
6099.0351631891435,10,1,2,0
7920.927720960663,10,9,3,1
6223.443685455425,2,8,2,1
2371.016056533972,18,3,4,0
1962.2476464900062,23,3,4,0
1745.2386791471763,21,9,0,0
1097.877120539845,0,7,0,0
4412.887744789949,11,2,0,0
4845.175973766986,14,9,2,0
5645.493772001782,13,6,1,0
5443.305900614675,2,6,0,0
2342.204823710643,19,1,0,1
2645.8364881477883,12,2,4,0
5453.708710861491,17,3,1,0
2798.8338880651086,15,1,2,0
1704.9224010064077,5,8,1,0
2997.8175488054326,9,9,4,1
2180.3128398359313,16,5,2,0
711.0602061425295,16,0,3,0
6641.960523701845,7,0,0,0
6825.625556310505,3,7,2,1
1761.9036498342014,14,5,4,0
522.853735203988,0,9,1,0
5911.92536162268,6,6,2,0
1696.1713637779926,9,5,4,0
3150.516738047698,6,1,2,0
517.7613416378791,0,2,0,0
1814.0253301436892,16,7,1,0
6344.253715245438,11,3,1,0
6436.149593087039,16,7,2,0
1660.6431749772446,14,2,4,0
2690.631191627983,23,1,0,0
1078.2361606544798,15,6,0,0
598.0101791279544,22,0,2,0
7937.412857015033,13,2,3,0
5246.473640202489,2,1,2,1
4339.061591040559,18,4,0,0
6125.16051074037,11,1,1,0
6721.416891703354,18,9,2,0
6454.6845705175965,17,4,2,0
137.23289707256347,13,2,1,0
1498.5291460330354,19,8,2,0
5240.967890432059,22,9,4,1
3009.1959856926837,8,8,1,0
7859.94879523355,2,7,1,1
5324.911317142841,22,4,1,0
7652.608525290006,11,9,0,0
1615.5646207581215,19,6,2,0
6912.3364397796095,16,1,3,0
2574.2116849927265,4,2,2,0
7916.570641861265,7,1,2,0
1265.7209332248126,18,9,0,1
4133.136851612421,3,0,4,0
6343.79204802779,14,2,4,0
3463.976632429267,18,3,0,0
3747.3320612002353,14,8,0,0
7890.9145850684,13,1,0,0
3405.338661657721,15,8,2,0
4834.556444289513,23,0,0,1
441.0445870978299,9,8,3,0
6738.469591281028,23,5,1,0
5187.10355159145,13,7,4,0
3235.1407223881943,19,2,3,0
134.2754719363854,10,7,4,0
4735.392220645063,1,8,2,1
106.19933873087673,18,6,2,0
14.622893202598181,2,3,0,0
4930.708004384091,3,5,4,1
1516.1914533397612,10,5,2,0
1539.140959996172,12,1,2,0
5227.906168832786,17,1,4,0
434.3090175752974,17,4,2,0
2510.6774639890778,18,0,0,0
1199.7080576254425,11,4,2,0
4643.510076523288,0,9,3,1
5295.8124120455295,23,2,3,1
5770.481149524353,5,2,0,0
2045.5735792639307,2,7,3,0
718.551764334489,16,2,2,0
634.0758372504731,2,2,3,0
3412.081629863537,0,0,3,0
7567.026050456407,2,7,2,1
1745.7436288049619,3,9,4,1
2057.649102725687,5,9,0,0
811.6059728363422,6,5,4,0
4846.534339781972,22,7,4,0
5440.583627207663,7,2,3,0
5145.235009245276,12,5,1,0
6889.736293143026,3,1,4,1
3893.9745510334433,5,2,2,0
1079.9840409326803,10,3,2,0
2318.794019981779,0,8,2,0
5301.127637503708,7,3,1,0
4906.910180063771,21,6,1,0
4250.370022294985,1,7,0,0
5465.300527416054,7,4,1,0
5100.939848734528,19,1,0,0
7051.192491272289,8,7,2,0
4690.200937938981,3,4,1,1
6229.917862810949,16,4,3,0
1993.4137119519105,6,6,3,0
5427.069763789598,9,5,3,1
7218.0419764694925,4,2,1,1
3088.9299615591667,9,6,1,0
6233.93797777248,11,0,1,0
5799.690463057506,20,3,3,0
480.9119439902207,19,3,2,0
4654.158935444458,5,5,4,0
1045.8638468604152,0,5,2,0
7738.716781983577,2,9,1,1
6492.202984091747,6,7,4,0
882.2417909707253,10,0,4,0
978.4072211931889,23,6,2,0
4757.818470026388,11,3,3,0
2762.3889475146007,8,5,0,0
284.0723432895087,0,9,3,0
4335.423855125259,3,8,3,1
3105.821571988346,1,2,4,0
813.1065565120825,1,7,1,0
6416.353536086582,16,2,1,0
7321.038738404054,20,5,4,0
6053.968502442969,1,1,3,1
6580.266368580137,3,8,2,1
1735.8420852926083,10,1,0,1
2112.265742594215,18,4,3,0
1672.177684692006,23,5,3,0
6121.682133767684,12,3,0,0
7583.597046081304,21,6,2,0
5736.113467837551,20,6,0,0
7052.32678521205,17,6,4,0
5111.399263590964,18,6,0,0
3104.3409049675984,23,9,0,0
3408.96411136779,14,9,3,0
607.1948501784017,11,8,3,1
256.5002759919785,10,1,1,0
5565.327455491673,22,4,0,0
3510.238991629389,0,9,4,1
4419.959469096762,15,8,1,1
4463.501674741218,12,1,0,0
2222.619627599745,5,2,3,0
3809.760624081778,22,6,4,0
3768.7279722332796,5,8,2,0
3110.475633716717,9,2,1,0
6566.299690291558,1,9,3,1
3612.0562094823295,2,7,2,0
4831.137973425372,5,7,0,0
7164.6833624447045,15,3,4,0
6930.5378147570855,5,5,3,0
7123.925519214426,23,7,3,1
2163.6899467377866,12,8,4,1
284.6849940229623,3,1,3,0
2092.229065163157,14,0,3,0
2233.2652282375657,5,4,0,0
7275.3358121661195,0,9,1,1
5195.695649039575,8,2,2,0
658.2231570198189,11,5,4,0
1087.3518751087536,22,0,2,0
1249.6306237080935,10,3,4,0
5045.221876610541,12,5,4,0
5884.635133928489,0,1,3,1
6877.853064970342,18,7,0,0
7525.389223695914,20,3,4,0
1617.627936304602,3,1,2,0
2481.6310153687723,4,0,1,0
1926.3814315549212,22,7,2,0
2873.2987318917712,16,9,0,0
7317.747533852877,4,0,1,1
4603.024972680196,18,6,3,0
5906.84421910937,2,6,2,1
3923.503292833622,10,5,2,0
235.71901712231562,1,7,4,0
518.2429105525256,21,9,4,1
4305.694634986747,13,0,1,0
5751.718333386105,5,0,3,0
1726.5675675922082,18,0,4,0
5776.667044068471,0,5,2,1
6486.272859000682,6,6,1,0
3298.1203395050793,1,9,4,1
5972.621766588619,23,8,4,1
3235.219452876037,18,9,0,0
5428.413282492885,0,4,1,1
6113.156409309747,8,0,1,0
7935.453313373346,20,8,3,1
2766.4463131984508,16,4,4,0
3291.2710406940187,9,5,1,0
1329.1323749843198,5,8,3,1
1636.564101922446,2,1,4,0
5548.69304577403,19,2,2,0
7336.779493285037,23,6,0,1
3159.866588531618,14,2,3,0
1442.8563524501521,20,1,0,0
2284.3704975670375,21,6,2,0
3643.1383799410683,19,7,1,0
2328.74938327612,5,8,4,1
1872.4647695593208,2,1,1,0
5889.195987612851,9,1,0,0
67.72014531878243,11,6,1,0
4316.148066055182,0,3,1,0
6351.165622202882,21,4,3,0
2133.4951491081583,15,0,3,0
4828.315627343079,16,5,2,0
5352.856344420849,9,9,3,1
5241.922447758694,11,7,3,0
3569.567825418748,18,0,3,0
2775.8910130668546,7,1,3,0
6688.212963857369,22,6,2,0
6068.775426213915,7,1,3,0
2573.4351114442306,9,8,3,1
828.6384595654376,9,5,0,0
579.1013258365261,17,4,3,0
758.7364433019937,9,6,2,0
4665.040542730382,6,9,2,0
418.03909575277254,3,7,1,0
2698.730365337487,0,8,3,1
6026.831616804264,10,5,4,0
2358.3135912904477,18,4,1,0
6107.648077055138,4,6,2,1
5965.008970465407,7,1,1,0
1970.3879254025644,1,7,4,0
5831.9333298415,1,3,0,1
5983.4742229854455,23,0,4,1
3182.6441357078797,13,2,1,0
1687.3117675134383,8,8,3,1
4172.560101100494,9,3,0,0
7371.57371606157,12,9,4,1
5118.7357757943355,0,9,3,1
1387.5153685299533,13,2,4,0
5463.641613244492,1,3,2,1
3420.4882031182674,3,2,3,0
4734.2727348562075,18,2,2,0
5873.841960009748,0,1,0,1
4122.004075357986,3,5,0,0
6512.801876713603,10,9,0,0
5778.633856636439,12,5,0,1
4922.511353447992,17,9,2,0
1210.5885625796502,9,3,2,0
6688.413141737989,4,7,1,1
7487.5651546319295,0,5,1,1
1100.036164855312,13,7,2,0
3908.4878298202775,15,5,0,0
2074.8154920541833,23,8,1,0
6037.413842867389,17,2,3,0
5774.428939857577,2,2,2,1
1131.3765389603377,2,1,3,0
7016.833033736789,3,9,0,1
1451.8796465041282,6,5,2,0
6379.0859100566195,12,6,1,0
3658.557975225899,8,6,1,0
2629.5369869974193,2,4,3,0
1270.122905080337,16,5,2,0
1345.075977892302,14,6,0,0
5296.814984833698,9,1,4,0
4405.690951637229,14,9,4,1
981.0729461016055,0,6,0,0
906.0193942044099,21,0,1,0
583.1230453084677,20,5,4,0
5951.419942251485,9,7,0,0
5696.497271408167,6,0,3,1
472.15577188232834,6,0,1,0
4484.359254397798,2,5,0,0
681.9858611653058,6,4,3,0
7230.447436018489,8,2,2,0
7257.403766345159,7,9,4,1
5587.372753555975,2,9,4,1
7409.880426908402,4,6,4,1
6492.566978157456,12,6,0,0
6629.165914536759,12,6,2,1
4559.814265306616,7,5,0,0
2451.9432897383263,17,3,0,0
1746.3039253557906,6,8,2,0
2620.964176201239,9,8,3,1
5029.8209635620515,9,6,1,0
1385.3890039800294,22,6,4,0
2072.828691915386,10,7,2,0
3747.1465980497383,11,4,3,0
1868.2355377043014,12,8,2,0
4711.206139379913,7,5,1,1
7385.792347508357,16,6,2,0
5985.9744787964955,23,6,2,1
5333.080780120559,13,8,3,1
4663.858200490311,16,6,4,0
3906.1435345102336,18,2,4,0
1496.5780577791045,15,5,3,0
7158.21009113779,8,5,3,0
1992.0453360926265,19,6,0,0
735.0144762373952,9,5,0,0
6001.371357933418,8,3,1,0
1409.0461969776752,0,5,0,0
2978.3085163317023,23,2,0,0
231.13800168638292,2,0,2,0
1100.8582006108822,10,0,2,0
1389.763027925497,6,4,3,0
440.0089713626727,17,7,4,0
5254.9723681996475,12,2,1,0
6696.877327445923,22,1,0,0
2989.656673895698,22,7,2,0
6997.238931362015,17,8,4,1
1710.7058636082115,15,8,0,0
2606.4964363721097,23,1,4,0
1210.1422592841911,15,7,2,0
4966.370767374894,20,1,3,0
3361.857379008103,9,6,0,0
4908.20035800098,8,7,0,0
6094.5908686264975,7,0,1,0
4367.895613183423,18,7,0,0
5022.904687439794,2,2,2,1
7482.326263582691,23,0,4,1
2396.0191553227005,8,6,4,0
2876.515689378455,1,9,3,1
5743.038376866149,18,2,3,0
4892.387608857817,7,7,2,0
1432.37057179502,17,8,4,1
3012.297743533869,7,1,3,0
3745.364914932096,4,0,3,0
3358.0217545572727,5,7,1,0
1430.307092534716,9,9,1,0
7395.818583815177,14,5,2,0
6099.738499743336,3,9,2,1
3853.439877702279,2,0,2,0
5442.087921313158,23,2,2,1
7178.7749637234965,8,8,4,1
1093.7122681807618,15,8,0,0
2006.7325404022865,15,5,2,0
4343.896471816877,14,2,1,0
6393.087918962107,23,7,0,1
294.8578890550114,8,5,0,0
7872.2251108199025,16,0,4,0
3641.9782900447653,20,5,3,0
2877.0529692706755,11,4,0,0
2345.331880528976,22,7,4,0
1398.9818776687187,7,1,4,0
6333.633401895573,13,6,4,0
7643.536247145042,17,5,2,1
3312.0898149889586,11,0,3,0
7619.603454553882,13,7,2,0
6591.2619354030985,19,5,1,0
3851.0037641731647,22,2,3,0
5393.839302113431,4,4,2,1
3482.6985124678513,0,6,3,0
4471.993648659356,12,8,1,0
469.080464462938,13,3,2,0
5571.626485027762,1,1,3,1
427.333032650673,15,2,1,0
6537.594150622598,4,6,4,1
6600.450701037157,21,7,3,0
1900.4329140119357,0,4,1,0
2592.683934381223,11,2,4,0
3853.076476573555,18,0,1,0
4775.319940925189,21,9,0,0
2302.3925256272637,21,0,1,0
4741.92880503224,22,1,2,0
2385.8076504682444,9,4,2,0
448.64831496313013,11,2,2,0
25.207760906112043,18,6,2,0
813.7027080578366,15,1,0,0
6339.044347811326,16,1,0,0
7691.64334250478,12,2,0,0
3418.594763253348,6,0,4,0
4103.908207832293,2,1,3,0
1179.051111742042,4,4,2,0
4410.4956646778555,3,2,3,0
1161.51594154578,14,9,2,0
4891.658577934646,16,5,2,0
7466.403047308927,11,1,2,0
1569.6098217278015,22,7,0,1
6117.68692586653,13,3,4,0
192.90187043250071,3,2,2,0
3007.1004443663596,16,4,2,0
890.4343201049198,10,7,2,0
2823.041155557617,5,8,1,0
1392.4276725128736,3,0,2,0
2989.573396032485,12,3,0,0
3343.094834829705,19,5,0,0
2408.2260266334424,14,5,3,0
5254.692486037668,17,8,0,0
7351.222149814983,16,0,3,0
3207.7600159716526,18,4,4,0
1542.7835360177962,9,9,1,0
2169.428451776887,4,0,0,0
6832.73658385347,11,5,2,0
4575.259587544832,14,8,4,1
3642.8132032941235,22,3,2,1
1201.345588463869,3,9,3,1
3600.5698300486365,7,9,3,1
2231.5435668423065,19,8,1,0
7545.589207187527,21,2,4,0
7073.140524778772,16,6,3,0
675.800821916443,5,4,2,0
4135.644646643636,15,9,0,0
1804.3414723898034,4,0,0,0
3289.162830746703,13,6,4,0
7015.399746020395,1,7,4,1
4222.478586508916,16,5,3,0
2677.0512704992248,5,0,0,0
1667.0673910694516,10,8,1,0
6403.597250954881,1,6,1,1
4998.021532837955,0,5,1,1
3747.1833561077183,4,3,1,0
1743.7874091345095,7,2,3,0
2677.299761386265,3,3,2,0
7678.948196774456,18,0,1,0
4163.119051158646,4,8,3,1
3208.5907535398073,4,1,1,0
4173.76922857485,23,1,1,0
6233.013104667371,15,2,2,0
2724.1709473404358,21,0,1,0
1433.7554368562078,17,9,3,1
4681.5642661206875,10,2,3,0
5323.306807331132,16,3,0,0
5703.180433653604,2,8,4,1
7056.490788175207,17,4,1,0
2972.5370949094586,3,5,1,0
607.46239534999,18,0,3,0
7666.996926129383,8,2,1,0
3482.920359862614,4,6,3,0
4987.943789836685,3,6,0,1
5332.111058410696,15,9,1,0
4374.377101066122,9,0,0,0
1646.0339502414795,8,8,0,0
6042.368685678551,15,0,4,0
6430.997034561133,19,6,3,0
4426.039810209431,21,1,0,0
3911.046478875808,16,8,3,1
915.9357741082426,17,8,4,1
676.1935336907718,14,8,3,1
2719.8209402804123,19,3,4,0
2490.215013361559,8,5,1,0
7629.483325451353,5,1,4,0
6270.063825835221,5,2,4,0
5281.094740596184,10,5,4,0
4143.596471695752,19,0,2,0
1343.1034081595774,2,6,0,0
7827.76109411335,22,1,3,0
3003.4503824304793,11,7,3,0
859.8701915657222,14,4,2,0
3952.92217124739,6,6,1,0
6992.6141028466,21,7,0,0
7098.891559209749,17,2,0,0
92.67249887129582,21,5,0,0
7090.934479287441,14,8,0,1
2175.5163189113687,7,3,2,0
316.5840499275425,21,9,3,0
6783.08321155118,8,6,1,0
6911.614714125725,14,0,1,0
4771.867483339588,15,6,1,1
4597.5978895843855,19,8,2,0
6505.896579608248,2,9,2,1
6291.544873918687,4,7,4,1
7121.393260174419,2,3,2,0
4424.215843535644,1,2,0,0
7741.338506398805,1,6,3,1
7969.19391331204,3,0,1,1
936.7741569390676,2,7,2,0
6797.102357635206,8,0,3,0
4001.078950699969,22,6,0,0
3103.5928747071575,21,5,2,0
4906.513117512306,11,9,2,0
452.4446303097462,23,7,3,0
4054.156644542804,8,5,0,0
6967.770107363201,18,4,2,0
1711.6248215310557,11,8,3,1
3413.987208681554,15,3,0,0
7516.14969728043,22,6,2,0
3431.3678832565497,0,5,2,1
2870.1492204975248,9,9,1,0
3527.090501746409,22,5,4,0
4158.024868307863,9,4,0,0
5057.770796331093,3,1,3,1
6406.538943329265,10,3,1,0
3619.5571350856926,21,0,2,0
6540.760076045672,10,8,3,1
4272.096687509885,10,8,1,0
2711.1516803919812,21,7,1,0
5265.316870814717,5,3,4,0
5743.189426674214,14,4,1,0
4466.601560157753,1,0,0,0
457.63671021211366,20,3,4,0
1363.2135869107951,22,3,4,0
2285.9552785173746,21,4,2,0
2264.5917195821876,2,1,2,0
5388.99929797373,4,1,0,1
151.6975500806925,23,1,3,0
6046.675807510912,10,7,0,0
2126.4130860814307,20,1,4,0
2483.6246604977387,11,5,2,0
4225.639074411674,2,1,0,0
1731.3251795069655,8,7,2,0
7076.348152036343,2,0,0,1
687.5233907158894,1,1,0,0
3557.8369865970135,5,4,1,0
6796.131044291846,23,5,0,1
4928.67193589778,5,8,2,0
2342.1744791618544,16,5,0,0
3368.9778611728034,7,7,3,0
5655.021570838405,0,6,1,1
7786.219643194375,7,0,0,0
7145.644053443571,21,1,3,0
2742.7503030171024,14,3,2,0
7985.592044906421,17,0,3,1
33.019784930810886,12,7,1,0
225.89989768827866,7,3,2,0
6591.604918793695,19,6,0,0
1599.704181230251,17,6,0,0
490.85030082794566,12,7,3,0
1900.9988455258353,13,8,0,0
3411.6707310769775,14,8,2,0
5845.877332115072,5,6,2,0
4996.562534776888,0,8,0,1
1904.7816343955612,6,4,3,0
4028.6472325641726,0,9,0,0
7410.081772661557,14,3,4,0
6520.9871769851425,5,2,0,0
2588.9023297301883,4,5,1,0
7858.205168038792,11,9,0,0
5670.420101478872,2,8,4,1
504.28259855592034,21,3,1,0
286.10990274266624,19,1,3,0
1351.4215523351897,13,2,1,0
5824.207665060923,5,2,2,0
1473.9927121102112,3,1,4,0
4094.3367198246237,14,8,2,0
750.6146608457498,16,3,2,0
7367.48483185241,4,2,1,1
2754.965105600623,23,9,1,0
7265.515792202244,5,5,2,0
7559.280757074802,9,7,3,0
53.99853527287792,8,7,0,0
3715.7608216538624,3,9,0,0
202.12516537660863,8,5,4,0
7269.998666591732,7,4,1,0
4149.668320152934,2,6,0,0
604.177381524482,21,2,3,0
886.6624425711522,19,9,4,1
3071.1546508194488,0,1,1,0
7522.172372018751,19,7,0,0
5544.8086667868065,4,8,2,0
6941.6128351821135,2,5,3,1
2934.8208874881375,3,3,3,0
350.49352790223656,22,5,1,0
7794.669509449291,23,6,3,1
142.29806034564453,18,7,1,0
7581.474966383306,14,2,3,0
2952.576003673912,18,5,0,0
85.67278814994276,15,9,1,0
5514.812067637444,22,5,3,0
7844.419730730677,7,9,0,0
7725.177654086552,13,6,0,0
1291.6914045633355,4,3,0,0
1454.076209498909,0,5,1,0
4526.483622384182,18,1,1,1
5100.252087294453,4,7,3,1
5916.646219758596,2,2,2,1
1452.4976319748193,16,8,2,0
7672.261658681654,6,7,4,0
5111.720354032457,16,5,2,0
6777.140116370086,12,9,2,0
4322.825393696953,21,1,3,0
3317.1433964811113,21,7,1,0
7817.577338226993,13,5,2,0
4659.060359704589,22,0,4,0
6935.6542944794355,11,5,3,0
7626.572708948488,10,4,0,0
5404.46024293423,0,5,0,1
4393.764734756806,2,0,4,0
33.06925303065171,11,3,1,0
324.9570277083529,8,6,0,0
1610.805472328675,1,4,1,0
1492.137412688682,13,5,2,0
2041.7965676227636,4,1,2,0
2442.952428392798,2,7,2,0
2883.7236209380726,11,9,0,0
3367.198832100668,11,3,0,0
795.4363759558373,20,5,1,0
343.6836459624924,6,2,1,0
5393.1858703388225,0,8,4,1
4300.991924620406,2,7,2,0
3555.9328967498564,10,5,3,0
5077.347329640977,12,8,3,1
6622.296860592306,21,9,2,0
3424.4048083840557,22,8,4,1
5130.7501230905755,9,1,1,0
7628.809929562094,18,8,0,0
6717.797844413178,3,7,4,1
3410.876479966764,21,1,4,0
5159.51111832887,4,8,2,0
1420.6820207179385,10,4,1,0
4486.374868236244,8,8,3,1
7850.71968765185,12,2,3,0
4148.929346044166,16,3,3,0
7421.468202025228,14,0,4,0
3261.642689423569,12,4,0,0
7990.764393341126,20,6,1,0
4635.864181644325,10,6,0,0
342.94060891629675,0,5,3,1
4696.104599547648,7,5,0,0
2200.208701958375,22,7,4,0
264.6881696769782,4,9,2,0
6567.722171033834,21,8,0,0
2209.4584476611435,15,3,0,0
6373.4056896017555,3,3,0,1
2309.2995757321564,18,7,3,0
1558.6391992208253,17,4,0,0
7791.614914964897,22,9,1,0
2896.354395401381,1,8,4,0
4813.002810488068,12,5,1,0
4881.8020350517,15,8,1,0
4485.985489977147,21,3,3,0
7317.992469452111,7,0,0,0
5397.156365578114,18,3,4,0
3232.8453678189167,2,8,4,1
6899.731174271571,18,6,4,0
1452.5978784321353,16,5,0,0
4356.172877095288,8,1,4,0
7604.6502236903325,20,3,4,0
5005.054050893899,20,0,2,0
6536.662761546635,22,2,2,0
5230.218000733817,16,1,4,0
6715.770053985433,0,3,1,1
7556.180599362723,3,3,0,1
2187.009211624231,22,8,1,0
1361.4403446474673,14,6,1,0
3874.506048908657,11,2,0,0
5616.390102459605,16,6,0,0
1821.3940691918178,11,7,3,0
37.791096189185765,15,6,3,0
2746.766251114459,12,7,3,0
7751.030387064969,10,8,4,1
5561.2648475437445,14,0,4,0
3213.5969243100853,15,9,4,1
1544.6458982879885,5,5,3,0
2851.936941669202,10,3,0,0
1362.8662692434773,14,0,4,0
854.9150413970465,4,1,0,0
7254.405268717568,2,9,3,1
7981.2144553119115,1,3,0,1
1317.0949445683434,0,0,4,0
440.90785823184643,14,5,0,0
2641.2002016339675,1,0,3,0
3695.9651501875155,19,8,4,1
1642.5458703714564,5,9,4,1
2414.892169829475,11,2,3,0
1610.9615318548033,20,0,1,0
6195.213244617448,15,5,2,0
5702.0606562618495,13,5,3,0
5081.437368509049,3,6,0,1
3100.806767348242,7,6,1,0
7272.782325807317,11,9,3,1
7756.412669572484,22,3,2,0
1393.2463044401688,13,4,4,0
1787.986068087965,19,2,2,0
4207.420068862955,12,5,2,0
734.548301411551,4,6,3,0
3494.404948590787,11,8,4,1
4656.421161897792,9,8,4,1
4178.978201242978,20,4,2,0
2650.6141217088184,18,3,3,1
4341.854219587269,12,6,4,0
7670.613629299488,8,2,4,0
1652.1091473095514,10,3,0,0
5240.376710360059,4,8,2,1
351.95656977763457,12,4,1,0
535.9991538290723,9,9,2,0
4416.866652667562,17,6,3,0
843.988746721956,14,1,4,0
183.66257347272438,19,8,4,0
1376.2464161959374,11,4,0,0
4520.969122141598,3,4,4,1
5628.210931378865,4,3,4,1
1623.816120310333,7,7,1,0
5347.734200479355,4,3,2,1
1463.8982671383385,0,1,4,0
4909.592125916901,17,4,3,0
3298.617640766912,18,2,1,0
5232.127077122266,18,3,1,0
7960.446756071582,9,2,0,0
7502.846637034333,21,6,3,0
39.232653899648504,8,5,1,0
7084.082921076634,0,1,2,1
536.5939074222583,21,7,3,0
7624.607456347961,19,4,2,0
2258.196304401979,2,5,0,0
3059.3684691381113,12,7,0,0
737.6474503799442,5,6,4,0
902.6207028396323,5,2,2,0
5815.290819008411,17,1,2,0
7554.936224807591,4,2,0,1
4887.9342171597045,16,7,2,0
5728.220874136854,2,3,3,1
6096.948108054242,4,7,4,1
2106.2001250507687,2,3,4,0
366.61089920711834,22,6,3,0
19.972587633752834,12,5,1,0
2808.441017217379,14,9,2,0
1935.5065044527325,16,0,1,0
503.23021176823926,14,7,1,0
1440.3286984868657,4,5,2,0
1000.3686916522427,21,1,0,0
7319.452653035876,13,4,2,0
1126.4363716060557,10,1,0,0
4303.499469581495,13,9,3,1
4746.882111121756,6,6,0,0
4350.198214380527,2,9,1,0
796.9561915568239,22,5,1,0
2553.792902195657,19,6,1,0
414.9063080429104,9,5,0,0
3168.3809632000466,10,9,1,0
1512.848455516378,5,0,4,0
4495.252103608616,4,2,2,0
5544.003108823559,19,9,1,0
4259.298282336628,21,1,0,0
3476.722389408109,12,0,1,0
3101.730699749256,11,0,0,0
6734.325685935545,18,3,2,0
1758.8476801968343,18,0,0,0
5875.075624533306,20,1,2,0
6061.071186297251,4,0,1,1
3356.504058129522,19,5,4,0
2381.9182908089865,20,3,1,0
3766.979180937572,8,7,2,0
750.2453375121245,3,4,3,0
372.2106076715744,14,9,3,0
897.2675796178748,2,4,3,0
1501.2245265404981,22,7,1,1
4035.893678602654,6,9,0,0
6793.8474061081715,23,5,4,1
1888.9604443374974,19,5,4,0
7481.620275920491,19,2,1,0
7639.488731935353,13,5,2,0
7671.442315737416,13,9,1,0
6701.314063737209,8,6,3,0
2913.781201177776,22,1,2,0
586.1078684659714,2,2,4,0
4552.705760473126,8,5,1,0
4471.6581442781835,20,9,0,0
6800.556258041216,3,8,0,1
7967.948452314111,16,8,4,1
4067.71766594838,5,7,2,0
2764.906228163075,15,7,3,0
1491.2841838923546,17,8,0,0
43.37459941487902,12,8,0,0
4075.363971448589,6,9,1,0
4446.3717402872535,2,8,4,1
6600.383146140092,5,4,0,0
4039.092858302941,23,5,1,0
7332.164447585122,2,4,2,1
5026.5273951886265,11,0,0,0
6723.48822457756,4,3,4,1
1190.6723697879381,21,0,1,0
6843.412361767006,16,0,2,0
5402.775116278568,9,2,1,0
1366.0130943444526,6,6,3,0
1522.1596473773568,3,0,4,0
7412.37244925855,9,6,4,0
262.5618068007311,6,9,0,0
3702.96687164917,22,9,1,0
2511.234943023142,10,0,2,0
5322.294132787432,20,8,0,0
6717.836953614091,7,4,4,0
2886.223081844774,7,5,1,0
3418.0821881460834,4,8,2,0
7855.432687088806,4,2,4,1
6272.412494885226,6,2,2,0
7178.147026799672,21,4,1,0
3512.9039541097795,3,6,2,0
1876.439250853001,1,2,0,0
3297.848405764681,23,3,0,0
5730.15488306295,18,1,1,0
879.8960866636547,1,8,4,1
2167.4004994039883,15,9,3,1
377.85402419041515,11,8,3,0
3461.6201680133618,14,1,3,0
6620.428659157008,9,4,4,0
202.18618794259635,22,0,0,0
5404.211596823292,5,7,0,0
7460.304516737348,23,5,0,1
1899.2382527819022,12,9,1,0
5550.610551617547,5,9,0,1
7800.939699296102,22,1,0,0
7698.413090918943,1,1,0,1
1883.2588982680006,13,9,3,1
807.1467704304893,17,4,2,0
1190.518890477848,5,6,0,0
5617.775169514726,18,8,2,0
5807.442209248938,13,8,0,0
5395.521310217451,12,5,3,0
2691.9467099991934,7,1,3,0
1362.3666333661865,4,5,2,0
4648.184930158263,12,0,3,0
3872.025163834143,5,1,1,0
5832.029006242816,21,2,4,0
3533.673829091543,18,4,4,0
2712.4243590183146,10,9,0,0
2351.3612259853203,15,0,3,0
1695.7052087977236,4,9,4,1
2129.642277612358,11,4,2,0
763.1693585585904,16,4,2,0
2778.121802376472,1,3,2,1
297.3756498418508,9,2,0,0
1495.3787080947827,14,6,4,0
5975.429704732335,18,6,4,0
2607.124564469598,19,0,4,0
5347.554950733864,16,6,2,0
5736.488983900233,18,2,2,0
4651.576815143248,18,2,0,0
7669.788442216361,12,5,1,0
176.41173365179048,12,5,4,0
5910.5279414521965,15,3,0,0
7670.499218303562,21,4,2,0
6898.86247617675,20,2,1,0
1347.3020709810814,2,2,3,0
2617.928348482598,3,8,1,0
1383.752459812341,6,4,0,0
4812.460368698559,2,0,1,1
5698.942915926041,8,8,2,0
2540.00478605765,7,9,1,0
4318.355059004442,17,5,2,0
5528.909957719204,20,8,1,0
3373.6118338053316,13,6,0,0
6832.854165991397,19,9,3,1
6173.541732626098,4,9,4,1
522.0010230853125,2,6,1,0
4970.896766231178,9,4,3,0
1886.4277799231982,10,6,1,0
4462.358526014866,16,9,3,1
7655.323098850565,7,3,2,0
7033.10072639524,8,5,3,0
3239.108642905478,7,1,4,0
2335.6532974631054,19,9,3,1
1879.0739265440309,1,2,4,0
4262.456383703378,3,1,4,0
918.4163837981604,15,9,3,1
4396.453689985347,8,1,4,0
15.662447728882166,8,6,4,1
2594.1777978130294,20,4,2,0
1763.3748390754972,4,5,0,0
7769.894225736452,2,2,2,1
5819.302344961982,13,9,0,0
2800.4787767955904,14,4,0,0
747.296466812311,5,4,2,0
4136.820754551539,15,3,4,0
1711.5158112017082,22,9,2,0
4293.754219457371,9,3,4,0
6683.722021660245,13,7,2,0
4928.2614540505765,11,5,2,0
5072.138414262293,8,1,1,0
4330.537161057177,22,1,3,1
7418.488732888116,18,1,2,0
7455.561961942723,11,5,3,0
4104.2219925830495,12,0,4,0
2449.547099712318,22,2,1,0
3679.398112006154,12,0,1,0
1496.5305080039475,16,3,0,0
5092.572800968124,1,0,3,1
4003.2382245789545,19,8,1,1
830.8873201171727,22,5,4,0
1585.1940100513245,8,7,0,0
3839.6574898152166,20,1,1,0
7101.273980797272,7,5,4,0
4533.293811445624,6,3,3,0
5453.872326666724,4,6,4,1
2715.5332552025584,18,7,4,0
4573.434087388653,2,5,4,1
3581.801681991349,12,0,2,0
5274.74365142217,5,7,1,0
409.3516508016879,10,0,4,0
3948.9352288304785,3,8,0,0
2371.461038026016,2,1,2,0
2612.8495649168844,3,9,4,1
7687.534865306701,2,5,4,1
1465.6450276275052,12,7,1,0
2493.4057943658822,14,4,2,1
4081.5911429683197,11,1,4,0
6904.900450456241,14,4,4,0
3336.277315234932,10,0,3,0
5952.202920700927,10,7,0,0
6851.710915227345,12,7,0,0
2483.580764795682,11,1,1,0
3145.037717391986,5,5,2,0
2855.6670083884082,22,7,4,0
6663.682189900279,19,9,2,0
359.55316131904124,18,7,1,0
2470.826605185297,18,6,3,0
5436.871417973063,2,2,1,1
4525.720779024915,15,3,0,0
3493.1334275530858,8,0,3,0
4321.886076634968,13,8,4,1
1584.6887636974047,2,9,1,0
3448.579389756043,2,9,2,0
4016.1153584899107,23,1,2,0
7210.00703002704,19,9,0,0
2090.377126617791,6,6,0,0
6943.288874808636,18,7,0,0
5155.709999603725,23,3,0,1
167.62494438546986,2,9,4,0
5798.427538510652,20,0,3,0
289.2372610046954,0,4,0,0
7979.062108876436,11,9,1,0
6981.730318091127,20,9,4,1
2382.263261582665,5,5,3,1
2063.00278542266,6,6,4,0
3054.6214514343433,1,0,2,0
2852.554887688972,17,3,4,0
2981.8408579911215,14,4,4,0
2549.620986225246,14,4,2,0
4970.961587752409,9,6,2,0
1318.2879914463886,16,3,2,0
6768.620433105875,17,9,4,1
6500.157859830366,17,6,2,0
3814.483246802887,14,7,0,0
6822.576072401988,22,1,1,0
1980.924834892195,5,0,1,0
145.43581835321575,8,9,2,0
4955.567360613435,10,9,3,1
3665.9857086828993,14,0,4,0
4539.480547635486,22,0,1,0
7195.2185751021325,2,8,0,1
7759.554960659718,18,3,3,0
5077.452852346046,0,8,3,1
6113.624440870245,23,6,0,1
675.0484257298783,16,6,4,0
1289.9211012075873,10,1,4,0
5866.972415599048,17,1,2,0
3453.7668238220754,10,4,0,0
3570.4923368832237,6,9,0,0
2472.3184146753156,0,0,0,0
4860.814285904562,11,6,2,0
1485.3945381025399,3,6,1,0
5017.195653114595,7,7,4,0
1394.5218627962413,14,6,2,0
515.2891475041602,10,7,2,0
2646.2097211489927,7,2,2,0
1852.9670343687321,11,2,0,0
7112.488150257877,2,7,2,1
444.35286367966967,20,8,1,0
1417.026472130112,3,9,3,1
4392.01324663648,11,3,2,0
3851.132190825552,7,7,1,0
371.5868869057388,22,0,0,0
62.98316198108007,22,1,3,0
7904.603195979394,9,9,4,1
5272.3834293689115,22,9,4,1
2926.422016557947,0,9,0,0
3766.1058200676143,12,8,0,0
2136.0682130320242,6,1,4,0
2762.265900627212,19,1,0,0
5194.110515809371,2,7,4,1
7063.080331944629,15,4,0,0
1477.119534534073,11,4,4,0
6723.690235555623,4,5,1,1
976.8452529985611,17,7,0,0
1723.8628275891876,7,7,4,0
302.21642795691963,11,8,0,0
1130.7908374335307,20,9,4,1
7338.838647985084,2,2,4,1
3678.2127792139368,15,8,3,1
625.9385649179367,9,2,0,0
7678.016070121495,22,0,1,0
7032.543500530408,16,4,2,0
6038.686754340789,9,6,2,0
7468.114971620725,2,2,0,1
1764.9347195819344,1,8,4,1
6691.7724976156405,13,0,4,0
5521.4796148526775,8,5,1,0
6958.725200293668,16,5,0,0
6376.307968112325,3,7,2,1
2775.228030098716,21,2,1,0
6196.316303452958,14,4,0,0
2103.338142364198,12,9,0,0
2632.0943434092983,22,4,0,0
867.7062091976943,18,7,3,1
7480.937544763848,8,6,1,0
2331.5718903852508,3,2,0,0
4167.3766090457575,20,6,1,0
3133.7060275472104,7,9,2,0
7679.625324065095,14,7,0,0
2683.7181216531667,13,4,4,0
6229.4738422743985,2,4,0,1
6844.052156276284,23,0,0,1
3487.6739473603225,16,7,1,0
3028.4836565511855,7,5,1,0
5983.227838356361,13,5,3,0
7303.6033625483415,12,4,0,0
6040.679205912545,14,4,2,0
1820.8752929069656,10,2,1,0
7107.020440764454,14,2,3,0
3103.7154311574805,11,1,4,0
4611.954147164584,23,8,4,1
6652.327776245224,21,7,3,0
1511.2161653669352,20,2,4,0
6277.158534742037,8,4,0,1
4771.3215692958665,21,9,1,0
7147.2664264117275,14,4,2,0
1379.903362739126,0,7,4,0
3368.354485142223,11,5,0,0
6663.580527470365,5,6,1,0
158.7574691367976,0,4,0,0
902.0499272913146,21,0,0,0
7924.568875990094,18,7,1,0
2246.7514578298524,21,3,4,0
7804.467833823007,12,4,4,0
1464.3397503143478,5,0,0,0
2891.9500718436484,16,2,3,0
6024.191208806047,12,1,4,0
5263.938365869237,8,1,0,0
4651.073587432799,7,0,2,0
4241.543910561036,14,5,2,0
6748.3063470995985,17,7,3,0
1883.4137598529749,1,2,0,0
3542.55506131318,20,0,2,0
1247.841075790876,1,9,4,1
4769.553057866981,10,1,0,0
2008.1026720492048,0,2,3,0
2674.0673044253695,17,5,3,0
3772.6494794051073,20,2,4,0
219.03083269650713,6,8,2,0
740.043797687097,20,0,2,0
5489.004119562216,16,6,3,0
3434.6149958364704,15,9,1,0
6918.997824889164,6,7,3,0
5558.902669135375,21,8,3,1
69.76702847034295,6,7,0,0
4935.615084483243,1,4,4,1
754.3303041474328,4,0,0,0
6248.560772425001,13,0,3,0
7932.103967786624,7,7,0,0
4251.934359960885,11,6,2,0
5463.822104052072,6,4,3,0
1902.3267163535386,5,9,2,0
3503.5939613115797,12,2,2,0
6849.482181229888,21,8,4,1
1343.5464672312785,11,3,2,0
2127.957166882028,16,5,0,0
3566.242233911811,15,3,0,0
5699.429890292891,0,8,1,1
3010.1922185914123,6,3,4,0
7422.219576865116,2,7,1,1
760.1841248934098,5,2,2,0
2969.579559371056,20,7,3,0
5673.0882168102335,2,2,0,1
1811.7641914636322,21,4,3,0
5253.023008166236,2,0,1,1
1317.914581027631,7,5,1,0
452.5623774691826,13,1,0,0
972.5206554054477,22,2,1,0
7440.228341157407,8,0,3,0
4416.248309101713,4,5,1,0
6371.784474959794,14,4,3,0
2664.5727347358843,16,9,2,0
4743.305889844146,9,1,4,0
3962.1423089714076,7,7,0,0
7566.17498542134,17,8,1,0
5981.859215252613,5,2,0,0
5845.688338815149,16,5,1,0
375.59438912706486,21,5,2,0
4399.60900368451,3,9,3,1
3738.5966739450096,20,5,0,0
7423.0989215165255,14,7,2,1
2062.44919557531,9,4,2,0
2162.318459062299,22,9,4,1
3293.7132598075955,12,9,2,0
1950.7408586839763,21,7,4,0
1037.8254228809521,0,2,2,0
6860.031698973153,21,6,3,0
4468.420812609307,21,0,2,0
6891.594938057751,8,3,3,0
6649.922449402548,4,4,1,1
2259.9286265434203,10,6,2,0
4384.1608673725705,21,5,2,0
670.3255334068633,21,5,1,0
7322.438812825913,22,1,4,0
3237.080406945899,20,1,3,0
3152.441090192726,20,1,1,0
2425.529188090536,3,9,1,0
3688.006638962077,19,7,0,0
2017.816295430857,15,6,1,0
3001.9439210104524,23,0,4,0
6400.57665343613,17,8,4,1
6674.872751163449,7,7,4,0
2436.9389086399865,1,8,3,1
3754.770372269539,16,3,3,0
6991.189111359018,9,4,2,0
426.1232879784286,12,4,1,0
7113.713971156304,14,8,4,1
1757.3788434903918,8,7,1,0
5429.921257493935,7,9,2,0
4662.500812594879,5,5,2,0
4425.761281773071,3,9,4,1
6875.584996898807,17,9,1,0
817.0692884390669,23,0,2,0
2779.4890624784603,2,6,0,1
4308.330707026401,3,8,3,1
6491.254387298588,20,3,1,0
1735.4624518763137,12,3,4,0
6424.424081787339,19,4,2,0
3200.1096675390163,10,7,2,0
1515.3662821873947,7,4,2,0
6073.096591345644,13,3,3,0
731.7367172890098,13,7,1,0
4120.565155733167,15,4,2,0
515.6868919757978,13,7,3,1
2854.5607519865116,0,0,0,0
4810.609008056109,1,2,1,1
4451.143754190269,19,6,4,0
3240.2200661478087,0,0,1,0
3435.238711807065,10,4,2,0
1818.0225790393786,5,5,4,0
3649.7812944507027,14,0,1,0
7626.27257148807,11,6,4,0
6804.371077681404,4,8,1,1
1166.1367882653688,22,8,0,0
243.09739463076284,11,2,0,0
7468.526880169462,21,3,0,0
4216.364250296578,13,0,1,0
4305.013396078715,13,3,4,0
6246.840375673646,18,4,0,0
2520.938346101256,4,6,3,0
3857.8510128438375,2,4,3,0
7749.459990608167,17,7,0,0
5378.828752024595,5,6,0,0
1234.1915308063085,8,0,2,0
1070.1478501349047,6,1,3,0
1638.0967428723782,20,6,3,0
6134.859836993636,17,2,0,0
2366.5391457057253,1,1,2,0
176.0038291672629,19,8,4,0
7553.674036227767,9,9,2,0
1361.8587640773108,11,7,2,0
81.41769825380831,1,7,3,0
1900.8671610546673,12,2,0,0
1884.0551530094788,7,9,0,0
3378.9319805115556,22,8,0,0
7363.516702842794,6,7,2,0
7034.0834176438875,2,1,2,1
3657.871967084511,22,6,1,0
3290.144740409493,7,7,4,0
4442.297646366435,20,6,1,0
1951.4148257142672,0,8,4,1
422.2190107710709,14,6,1,0
7514.0969686887975,0,6,1,1
1497.6583840929961,11,0,1,0
1591.2138303195024,10,1,1,0
3782.320329187311,15,4,2,0
3935.448691998444,3,0,4,0
152.38150655743183,1,9,1,0
1187.8981364978956,22,6,1,0
3028.3477743931303,2,4,0,0
5471.4268946167595,3,4,2,1
1831.205562371327,17,7,3,0
3387.0004977028925,11,8,0,0
4460.973792408152,23,9,3,1
7109.29699451322,0,0,1,1
2611.9336661053508,2,9,4,1
1072.7983355785507,3,3,3,1
3916.7314460513776,5,1,3,0
5975.039205464076,16,8,3,1
883.3287576366038,7,8,4,1
3400.3445161171985,17,0,0,1
147.19220439355502,15,2,2,0
273.30565726977284,20,9,4,0
3866.2121389172416,5,7,0,0
2389.087398716681,23,1,1,0
6761.6328555482705,18,1,0,0
4819.223677481002,20,1,3,0
3634.194029135208,7,4,0,0
3266.4432915790994,3,8,0,0
3980.4776141155585,8,6,1,0
328.30845554522745,7,6,1,0
7142.882884583176,20,1,0,0
7986.4337300929965,18,1,4,0
1455.9895632452958,0,4,1,0
967.4618033730848,20,6,3,0
1152.9018202715188,20,6,4,0
5289.911330583765,3,8,0,1
5293.219503413944,9,2,3,0
6784.153677415896,7,0,3,0
6015.851975467895,2,8,4,1
3600.268938587871,11,0,0,0
4904.778615714724,8,7,3,0
5507.835939592223,2,4,1,1
4104.328079930376,3,7,1,0
3807.8296206908353,5,6,4,0
5162.554077913012,8,8,1,0
4462.009019060351,1,1,2,0
5153.318731160603,1,8,0,1
4904.773917837094,17,9,3,1
5754.976501306669,20,4,3,1
5144.214052719094,21,4,4,0
4160.341179065952,2,0,4,0
5455.96550621867,2,5,3,1
3598.6083116574973,17,9,1,0
1937.1614516509453,5,9,4,1
16.338669970654102,0,9,2,0
4481.913356431016,14,9,4,1
4727.288536736085,10,2,1,1
7776.531473381836,9,9,0,0
2895.019281083733,3,2,2,0
3156.0952764123526,13,2,4,0
1618.3876528308108,1,3,0,0
568.9216904223887,12,8,0,0
6183.571920429616,15,7,3,0
2001.2001093929036,11,5,1,0
4873.194363935153,21,7,3,0
5503.745419186125,4,7,1,1
3772.5373148967233,18,0,0,0
7011.435143652397,2,8,4,1
3553.1397536329314,20,0,1,0
2282.844441218912,19,1,1,0
7168.644106078171,20,8,0,0
6893.206452578402,1,6,2,1
1316.499376875922,16,9,0,0
212.558341739598,20,0,0,0
724.4345230152175,10,2,1,1
2295.9464514377673,0,0,0,0
7778.217114924977,18,4,3,0
4470.336644520796,7,3,0,0
2989.2275475740043,10,7,4,0
7110.285176428907,7,8,0,0
3627.8249701706045,16,3,0,0
2525.3328340661637,19,2,4,0
7530.050132321531,5,3,2,0
6796.893741210461,6,2,2,0
6750.12866147843,20,5,2,0
4100.716520686454,12,0,3,0
6316.559998529562,6,1,4,0
1438.9301073200922,10,7,3,0
4587.917545662168,9,2,3,0
7870.848153166127,7,3,3,0
2331.2126519911035,9,0,4,0
6355.846872335163,21,2,1,1
3926.3748656284974,10,0,1,0
323.2464373605882,19,9,2,0
6105.340085536261,16,4,3,0
1352.7103094149418,10,0,2,0
5053.631169226337,15,8,3,1
689.8852314055483,4,6,2,0
7575.204842980239,9,7,0,0
2337.3324780069856,19,8,4,1
1815.5852099607723,4,9,3,1
1037.4455505103429,19,7,3,0
7568.287535745687,8,2,3,0
5696.670420818235,2,6,4,1
5934.578805301119,2,6,0,1
3997.7394682350555,9,6,1,0
3800.448643237515,6,7,4,0
884.6198377168557,1,3,0,0
4480.9295591940145,7,5,2,0
1979.0973783947795,11,1,3,0
7817.276935739244,21,6,3,0
6373.664615421103,8,8,1,0
3306.871521242136,10,4,2,0
1214.9733632388065,18,3,0,0
6283.726870654578,19,1,2,0
980.8198678151214,22,6,2,0
1518.7233592090786,16,1,1,0
1696.1065393650983,12,1,0,0
4457.340652993389,0,8,1,0
6297.517948652979,0,1,0,0
2517.9474554039143,7,9,4,1
681.9351651309388,12,2,4,0
3718.9850158777313,5,2,3,0
5986.141378073685,2,1,1,0
1777.2024254836695,15,9,4,1
1763.2967615747968,9,2,2,0
7578.080083636953,6,8,2,0
7633.459048317827,21,2,4,0
7923.773527832303,20,4,1,0
6462.238514590367,2,6,3,1
1509.5324324977248,13,0,2,0
1699.7922587900946,15,0,3,0
2725.1008059715236,3,9,2,0
2548.4695880112595,12,1,0,0
7652.439353878683,0,0,4,1
6313.64649313914,4,0,1,1
5793.4502933316235,17,9,2,0
1491.7759763447639,11,3,4,0
7276.656847101825,10,9,3,1
6623.823684151859,8,2,1,0
1313.31652141675,6,0,1,0
6970.006804027975,13,2,4,0
2181.619053281918,23,0,4,0
651.5536179276878,2,2,4,0
5256.294340581109,15,3,0,0
5232.1682517777235,6,7,0,0
763.9814164771167,0,2,1,0
2554.2202124479763,5,2,4,0
7942.551625733031,5,8,0,0
5429.021202734852,9,8,1,0
5841.950956993616,11,5,2,0
1707.2736984064238,21,9,4,1
634.862657676295,18,3,0,0
2218.8290094787967,5,9,1,0
1994.9425896195698,13,4,4,0
1880.1800854806845,2,8,1,0
1546.0708034868812,9,0,2,0
4600.171746789958,8,6,1,0
2628.187289355365,22,6,1,0
6563.658395305006,19,9,2,0
1475.659605689835,18,0,3,0
3719.6934315940134,21,0,4,0
114.19440222650947,14,8,2,0
3856.0501680292605,8,6,2,0
451.4265759074127,18,3,4,0
7821.899477421785,7,8,1,0
6325.78406856005,21,4,0,0
3923.4412557084606,3,2,4,0
697.2659286439053,4,1,2,0
4741.601299119362,18,8,1,0
6071.316186861511,13,3,3,0
1529.7844377729386,17,6,1,0
4547.8256845959895,18,0,0,0
6514.616132571029,5,8,1,0
6147.140982282299,4,8,0,1
6424.921182847887,10,9,3,1
7035.19078183341,23,5,3,1
7501.768406764964,4,5,1,1
3247.1416358522697,7,5,4,0
4552.308974670404,4,4,4,1
6326.322910734659,10,0,4,0
5578.632812496537,12,3,3,0
7964.184224973708,5,9,0,0
114.3528205816299,4,0,2,0
2844.2900564497463,17,4,1,0
2251.818270530269,9,3,0,0
2102.2152220734492,15,7,2,0
1784.1256110785919,21,0,3,0
5674.445107317756,13,7,2,0
682.6519888361981,22,7,3,0
5934.16262737699,14,0,3,0
5548.939606920107,2,8,0,1
2010.1790393446668,2,8,4,1
2026.4060964054643,11,5,4,0
5032.740379829295,22,0,0,0
6098.557988342004,14,6,1,0
7012.502476633487,10,6,3,0
6817.855813016534,9,8,1,0
7719.239538340006,19,0,3,1
4653.172238215407,14,7,3,0
7269.701212916175,17,7,4,0
6469.063619716984,13,6,4,0
7157.867656390538,5,5,3,0
97.95467727650623,13,0,4,0
7727.394419967159,15,9,4,1
3790.873651957594,1,7,2,0
6386.473001650869,18,4,2,0
1021.996934105558,4,3,3,0
3170.549061032723,10,4,4,0
2175.3280008528222,10,4,2,0
2336.8118701549915,20,9,1,0
990.4286815072995,18,2,3,0
6447.081841181341,17,3,3,0
78.89230507571989,7,3,1,0
2503.481128596694,22,7,3,0
1399.4122930152382,11,4,4,0
4714.3663301636825,8,5,2,0
2037.747958903278,2,9,0,0
2075.6926439521567,5,1,2,0
3909.263461242573,20,8,1,0
5223.248869530701,20,7,0,0
974.8311129984831,23,7,4,0
1408.2140624616418,0,9,4,1
1981.1620830331683,16,4,2,0
7790.116971873094,2,4,3,1
3180.234237043648,17,2,3,0
4793.925774595057,17,1,1,0
1936.1347876642433,1,8,3,1
3926.2239036341157,3,5,4,1
597.5827992157347,0,7,0,0
282.7634566490039,9,3,2,0
3752.524546937574,4,4,2,0
3192.2810037097042,4,9,2,0
1099.3581559361623,8,4,3,0
5502.373424221266,13,9,0,0
7943.263409739619,20,3,3,0
3168.196335467716,12,1,3,0
4998.346294159569,12,5,4,0
7703.992659204063,23,3,4,1
6653.122104712767,0,3,3,0
3711.1000253049724,16,9,1,0
5901.228428257055,19,2,1,0
1029.4396468029395,7,7,1,0
4099.270324433075,2,5,3,0
2236.0869160535926,16,8,0,0
1293.503684729808,11,4,1,0
3413.1158455050063,17,5,4,0
1052.4613626967473,13,8,2,0
5593.385939855012,10,3,2,0
3652.6391522064173,15,9,3,1
4251.501337354487,3,6,2,0
1175.2756296519153,17,9,3,1
1122.4744304424885,6,9,2,0
4669.406404904692,10,5,0,0
7880.152933896423,15,5,0,0
774.5234129856163,15,5,0,0
2289.422771383421,2,3,0,0
6956.325636720411,22,9,1,0
582.8147379806194,23,5,4,0
7007.7063423287755,8,6,0,0
4196.666437081136,7,1,1,0
3269.0928575417747,6,8,3,1
2480.8961119898895,16,6,2,0
2380.451679232096,10,2,2,0
2449.8916466835826,3,9,1,0
7079.000632276765,3,9,2,1
5791.74286524741,4,6,0,1
5359.435447610049,7,9,2,1
6390.999445871246,9,9,0,0
2060.6317307181394,16,4,0,0
4946.252282593637,5,8,2,0
3683.229580468818,8,5,1,0
6260.620873425546,9,6,3,0
2477.5026032339174,7,3,1,0
5147.213041874817,14,1,4,0
7058.288232479421,17,3,4,0
3220.193057178455,22,8,0,0
537.6435885028543,4,2,0,0
4130.826324622633,17,6,1,0
2771.0500400171723,0,3,1,0
5379.441917474664,1,2,0,1
7608.508233365106,9,4,3,0
3887.4385023847917,5,1,3,0
3732.190890093493,23,9,4,1
5238.405477530725,18,3,3,0
832.4625412305736,20,6,2,0
2031.781980455492,10,1,0,0
7352.2397073756865,17,9,1,0
5361.191193843311,15,5,0,0
112.48513164741296,7,4,2,0
1640.9806531093639,3,2,3,0
5464.283941901048,10,4,0,0
6116.3716244877805,9,9,2,0
6719.677283528965,15,6,3,0
2340.953543039449,11,2,4,0
7448.573627239113,21,7,4,0
4425.810414155249,2,6,4,1
5573.829483991203,10,3,2,0
4775.927207925364,23,4,2,1
986.3067371235906,15,9,1,0
7705.101701782114,23,3,1,1
987.3902612537505,2,1,4,0
2042.781241507413,9,8,0,0
6509.954902382727,20,0,3,0
4950.682707201306,15,7,1,0
6706.002577183974,6,3,3,0
4128.310826050489,14,8,0,0
3019.0609167562457,14,2,4,0
7375.15476888454,9,6,3,0
294.83727853078483,2,2,4,0
6849.7611117226015,5,9,3,1
1850.3881925763142,17,6,0,0
6790.646940392972,21,1,1,0
1117.8769242680005,4,2,2,0
4643.8506147058715,15,7,4,0
7105.4228124967185,12,6,1,0
3790.9494769566295,2,2,3,1
5973.800557058126,14,7,1,0
6438.349584755189,22,8,2,0
5893.27119869065,19,1,4,0
7403.011246312413,5,1,4,0
3577.4396730068297,21,6,1,0
1389.1378861254204,3,7,0,0
387.2494543013259,14,4,3,0
1975.4466577518533,17,1,1,0
1149.8640435225357,8,9,0,0
4465.800187768671,19,4,4,0
1483.6379710077974,3,2,3,0
316.2749897785226,15,8,4,0
292.73868180499954,17,1,2,0
6653.398139427069,4,8,0,1
4733.6422018869835,12,1,2,0
2867.8919886375584,5,0,2,0
7154.353201708274,21,9,2,0
566.2219082046703,18,5,0,0
7842.674971458968,11,5,3,0
4932.252863084415,14,3,4,0
1471.7967104809436,8,1,3,0
5434.1574463208635,6,9,3,1
6108.233171969583,13,2,3,0
3437.595553049342,18,5,4,0
6893.752686933151,19,3,4,0
1210.10559633528,15,4,0,0
2234.3064807029787,22,8,1,0
752.4714308639982,23,4,4,0
1690.9683356557805,21,9,4,1
1913.6368512296046,3,7,1,0
7341.477361419073,11,1,4,0
629.4869615654939,17,5,3,0
3422.183885900737,7,5,4,0
4261.527504379169,16,4,0,0
7190.050965148275,23,5,4,1
7981.581268196402,2,4,1,1
6028.337978784088,3,1,3,1
7766.473969599391,9,4,1,0
6297.873554624311,15,0,4,0
7705.805114566476,19,2,4,0
5659.629453925919,1,6,0,1
642.7085864813132,11,3,3,0
3218.3518950064486,15,7,4,0
5174.545284000751,9,2,0,0
2808.9944830867366,4,6,0,0
2190.70442531966,11,1,1,0
4621.307140729063,2,7,3,1
7468.347504235967,11,2,2,0
284.68007876164774,0,5,0,0
6155.003472313794,1,1,2,1
5783.204587966794,10,6,1,0
7711.807635979355,11,3,0,0
7446.036222548686,6,5,3,0
6099.049333543322,0,1,2,1
4165.668073637376,12,2,3,0
1638.1190881019913,12,2,2,0
4364.159568012968,1,3,1,0
6123.989191387632,9,0,0,1
7165.875355039955,22,5,0,0
6318.74751363834,0,5,1,1
1566.1591468524766,6,3,4,0
4799.492082253335,12,7,2,0
2660.7268089531995,23,4,2,0
78.5993107881907,1,9,4,0
1605.7663816303852,19,3,1,0
910.1990962179269,6,6,3,0
6742.539392698051,16,9,3,1
2071.7574859217566,21,9,1,0
2281.1602612560064,4,7,3,0
7679.69289153208,10,1,1,0
3035.798350775573,21,0,2,0
81.6371929544345,23,5,2,0
2274.3499560273617,10,1,4,0
958.8001469114905,10,7,1,0
826.9544510781524,16,4,3,1
624.5108846353173,18,1,1,0
4748.109464052141,7,4,0,0
1518.8350504207199,19,1,4,0
2893.1361383578787,13,5,0,0
6896.831640459484,9,7,4,0
3397.583427671224,6,1,4,0
7325.952343662842,1,5,4,1
3986.014736897872,16,5,0,0
3193.698735643847,0,0,4,0
6004.359472090159,12,8,1,0
590.0349146501768,18,7,1,0
720.3796719444271,13,3,0,0
5217.52984281407,17,6,2,0
3898.09100234779,19,3,2,0
6324.369926302085,13,7,0,0
7330.585344561534,14,9,4,1
3109.9931869840225,13,1,4,0
4773.298162544247,23,1,4,1
4008.0695392235025,4,2,0,0
7852.9771918612505,15,3,4,0
6649.519836815978,4,5,1,1
7294.342977677442,21,4,4,0
2038.4490001829454,12,9,0,0
6181.348753184941,15,9,4,1
2127.458433856203,14,6,1,0
1673.896554759977,4,5,0,0
7554.407946446129,20,3,2,0
159.33881165934383,22,9,0,0
7723.2826857891205,5,8,3,1
1198.3488664255055,12,6,2,0
6556.407463937179,15,0,2,0
2211.000811779484,9,7,0,0
2808.8651078086655,1,3,3,0
1737.9779020192698,12,6,2,1
4686.184769636232,16,1,4,0
2788.0239023254535,0,2,3,0
5260.857350759832,3,0,3,1
130.10030694681745,17,1,0,0
519.6771937027418,5,4,0,0
801.7909160863329,11,1,0,0
3354.8545140552974,23,5,3,0
6519.2954004165085,19,5,1,0
7105.982393475169,12,5,0,0
1962.2618667869015,1,2,1,0
4597.085945290917,16,2,2,0
6148.0781165773415,22,9,4,1
2314.1912922072715,9,6,4,0
3275.0168552065043,18,3,1,0
4194.173750472283,21,5,3,0
1083.3243970323413,4,7,4,0
212.72843833761362,20,2,1,0
1226.6824454996745,11,8,0,0
5016.694701922,17,8,1,0
593.5780009617849,8,2,2,0
1521.6224369767758,10,5,1,0
2706.1418161339534,3,4,0,0
627.5711641293989,9,3,1,0
1537.6356729372674,0,7,0,1
7290.601962923171,1,9,0,1
159.29656215474316,8,8,2,0
5229.188233774025,22,8,2,0
3078.349402666903,17,4,4,0
5382.826671761807,15,4,0,0
4711.5903043054195,22,2,0,0
1791.872541065381,13,8,0,0
6778.439853149242,3,0,4,1
3938.063358961807,1,2,3,0
6581.175471213206,11,6,2,0
3251.0702268248124,19,6,2,0
7877.561003552336,4,4,0,1
6165.062421217864,3,5,4,1
7727.7718898750245,14,3,0,0
4117.040198884321,2,7,2,0
3792.1606026641502,21,3,4,0
6044.853205555437,16,9,1,0
7042.928647792374,7,5,2,0
7713.345637945136,11,4,1,0
2599.7924887298354,20,9,3,1
6390.643067871898,7,5,1,0
1689.1115530961158,19,2,4,0
4366.8669022298345,19,2,1,0
1442.8859465315472,4,9,3,1
2782.441907193959,20,6,2,0
7451.210145815642,5,0,3,0
1172.9951446858233,4,0,4,0
5061.0451566058955,20,0,1,0
4745.66941205459,7,5,1,0
970.3031299083468,21,3,4,0
2611.202454931653,17,5,0,0
4506.03712859955,3,0,4,1
1501.4929788629797,3,3,4,0
6405.986133020459,4,3,3,1
7777.391293730325,14,1,3,0
1722.001402699964,5,0,4,0
1499.3611585006545,20,7,2,0
3642.2058990205696,15,5,1,0
5983.383390734557,13,3,4,0
2256.396878830835,13,1,0,0
163.9398700347568,15,4,1,0
4332.058921122987,21,8,2,0
7653.021539299624,23,6,4,1
3133.2584589785297,3,3,2,0
3363.975760693888,10,4,1,0
7751.369228326734,18,7,0,0
5558.387854955693,18,4,1,0
5754.779523122791,7,5,1,0
4503.802532941686,9,9,4,1
7797.0006408516165,4,5,1,1
5512.4875429823205,15,7,4,0
7160.78684908333,2,4,4,1
5596.534031537103,9,0,2,0
5882.251019598965,23,3,0,1
2326.835322527261,12,2,4,0
2431.312190620483,6,1,3,0
6264.962273360354,11,6,2,0
2377.166781913347,22,6,4,0
4504.346716058245,13,7,4,0
1998.5717256990822,9,9,2,0
6536.78212956851,8,4,1,0
888.4583030653815,11,0,4,0
6636.425884894507,23,5,0,1
4823.824755058276,2,5,4,1
1499.3417309424829,12,7,2,0
4338.572907121415,5,9,3,1
2263.578200594487,5,1,2,0
2591.12134117032,20,8,2,0
2815.466692567058,18,5,0,0
511.2373795437059,6,0,1,0
7887.763666789332,3,8,0,1
257.11935190913664,21,7,0,0
5301.662501108306,4,9,4,1
2972.9650438206572,0,0,3,0
5169.852276118858,17,7,2,0
2853.2047834352325,16,6,0,0
5391.636416839576,8,4,0,0
5835.237898199544,8,5,1,0
5525.96835999516,20,3,1,0
916.1260409584274,23,8,3,1
5256.861411064204,9,8,2,0
2243.5004578855082,19,9,0,0
235.26695770182147,16,0,4,0
3321.571221752187,12,8,1,0
3471.177106916389,3,2,0,0
3740.05719615281,22,1,4,0
5640.069202298776,17,3,0,0
2474.2062540939605,17,3,3,0
2525.667702265861,21,8,3,1
489.11528864887845,8,3,4,0
5496.135621858406,2,4,1,1
4544.7696007396735,6,5,3,1
2798.6537759868356,14,3,1,0
5642.98588644425,8,0,4,0
4301.175205068883,8,1,4,0
3756.6133422349644,3,2,0,0
4093.039726570706,17,3,4,0
5092.603261510117,16,4,0,0
5281.720823573923,21,9,1,0
2315.217764030034,20,9,0,0
1130.2431903122701,5,2,1,0
1257.2902786181974,6,0,3,0
5116.930132794498,9,7,1,0
6983.621919708172,9,7,2,0
3278.9227453726867,5,3,0,0
1360.3136818340517,5,6,3,0
6054.036973859368,18,3,1,0
6660.753347983491,7,2,4,0
7045.256632752128,8,6,0,0
4856.617274165297,0,5,1,1
6886.524832307737,15,0,3,0
128.2425927950194,5,8,4,0
862.3502351473405,22,1,0,0
745.1456560815295,7,2,3,0
5702.27445061659,14,4,4,0
561.3063594309143,11,2,2,0
3973.433157868125,9,2,4,0
3784.2916545971316,15,7,0,0
2489.074670848136,14,3,2,0
6963.889333687088,10,9,1,0
1367.613449030568,23,1,2,0
2822.9399612719226,6,4,2,0
6194.501142683318,7,1,2,0
248.22640357430754,10,9,4,0
5385.238449969717,8,7,2,0
6532.099822260757,6,2,2,0
7458.481371511147,14,1,1,0
7010.991640729422,14,2,2,0
2558.4760140853127,15,2,4,0
4692.9813098770055,2,0,3,1
622.9614777379745,15,2,3,0
2066.670678366329,14,2,4,0
758.3079180863216,0,3,4,0
2524.922384780941,13,7,2,0
7002.1217716025385,23,8,4,1
2780.5988831959694,21,0,2,0
4497.375333496404,10,0,0,0
3469.879880678952,2,5,1,0
3674.0376117683886,8,0,1,0
7756.7285544332835,5,4,1,0
2372.7549737695444,22,0,0,0
5020.459133837755,15,7,1,0
3363.401043287679,10,4,2,0
493.8637174762512,17,5,3,0
3917.1999988357666,16,3,1,0
6507.679915715641,16,7,1,0
794.5299846100985,2,8,2,0
561.3868199334902,18,8,2,0
1233.284005544167,23,0,1,0
6116.378890557502,22,6,4,0
5793.34309623718,14,3,0,0
4522.317062404354,9,9,3,1
3748.470100720596,7,7,3,0
7107.164888547463,16,6,0,0
6134.749101548693,3,0,1,1
6496.478299157932,7,0,1,0
6507.032099298481,1,0,1,1
5143.523652190736,22,1,1,0
3666.8269214059874,7,9,1,0
6918.098631922275,6,1,3,0
7408.429303737989,8,8,1,0
195.3293158504524,17,4,2,0
417.18121176367913,16,0,4,0
7670.152658782956,0,6,1,1
2220.899107684337,11,9,2,0
6987.588669997102,3,1,3,1
3113.416976096414,16,2,2,0
957.204960586798,6,3,0,0
648.1433856736274,23,2,0,0
1256.2806531482495,2,2,2,0
2002.896092964581,0,8,1,0
3910.7042396769557,18,3,1,0
5613.475715023439,1,7,1,1
7891.256618999973,5,0,2,0
3534.8464125969226,10,5,0,0
4147.888614033163,22,0,0,0
4176.916532559128,20,4,3,0
4317.777672126049,3,6,0,0
4144.336553550176,0,0,0,0
75.15416672003303,10,8,4,0
18.78995276817645,15,8,0,0
785.8422134183528,5,5,2,0
816.9450444162848,10,1,1,0
5640.650787093595,7,1,2,0
1643.303679965418,19,8,1,0
7158.239267521125,0,3,1,1
7429.207604968271,13,5,3,0
7807.26723647771,20,9,0,0
7512.9550325717255,20,1,3,0
2178.7471337386046,1,3,1,0
4080.6658734045823,5,1,4,0
1407.7624867245434,8,2,4,0
6450.646193103603,13,1,3,0
7108.011482627048,21,7,3,0
6811.054270183631,7,4,0,0
3469.768754831195,2,4,3,0
6070.597708070814,9,7,3,0
785.1454607622742,17,7,2,1
326.7569411009093,19,6,3,0
6027.125132398543,8,4,3,0
3405.715418257826,8,6,2,0
7964.416371592855,18,0,1,0
782.5474557649816,12,2,1,0
6845.7433138741935,0,2,2,1
3842.464608904289,16,1,0,0
6618.065813053497,3,5,3,1
6537.932620950308,3,2,0,1
7328.356050889809,15,3,4,0
2386.310840232392,15,2,0,0
7598.6458309287145,14,6,3,0
1217.5773480591743,5,3,1,0
660.3403768599568,4,4,3,0
3455.7660613919315,21,6,3,0
6627.442134291532,9,3,3,0
3790.0019394143974,6,5,0,0
6635.14698685646,6,8,1,0
5838.84601232547,9,5,1,0
1679.3799471807738,9,4,0,0
7591.308591071213,14,0,0,0
490.9454431920803,5,7,0,0
7186.74626181264,23,4,4,1
2439.0253746780404,1,4,4,1
4003.6839248993724,7,2,3,0
3381.7032222423722,19,9,4,1
1378.817282550745,14,1,0,0
2868.384196881537,20,0,0,0
1547.5108181608982,20,8,0,0
1635.0723713068883,17,4,1,1
1500.519404030911,4,9,1,0
3914.693955871021,3,3,4,0
6384.461283252967,9,6,2,0
4553.915419921122,18,3,2,0
7146.186675463981,13,1,0,0
5094.1731861709095,22,8,1,0
5516.274224482672,23,7,3,1
5342.51980166739,12,3,4,0
3598.4262495040107,9,7,1,0
5516.263883489662,21,8,0,0
562.3134330193445,5,1,0,0
6879.512517965727,12,3,2,0
6223.60808683412,20,5,0,0
1965.613516062272,10,6,0,0
6145.419471761389,21,4,3,0
106.07759819314786,14,9,4,0
1741.886346984639,1,9,3,1
525.772223173813,14,6,2,0
6242.9141983600675,18,3,1,0
6048.213838671206,16,7,2,0
6510.020010295636,19,2,0,0
40.831138137603034,17,2,4,1
4012.355649793872,5,4,0,0
5640.165399151106,14,5,4,0
1247.4320242684287,16,2,4,0
5200.076866463434,23,9,4,1
677.4602439809373,21,1,1,0
1454.7002195539837,8,4,2,0
3808.995535881835,11,9,1,0
5230.253395685411,21,5,1,0
1171.2236699963992,22,2,1,0
1485.8605299933486,4,6,3,0
1639.5487046899757,13,2,3,0
1913.4129335683328,23,1,3,0
1816.2980189676985,7,9,1,1
3164.2171224386057,21,3,0,0
5232.0482584395995,16,2,3,0
3507.064106160085,8,6,3,0
6208.911400455356,2,7,1,1
5755.551705059175,6,2,2,0
1016.5826778223601,11,5,0,0
395.48877844934776,2,0,4,0
7024.14280417685,8,4,4,0
643.249377170173,13,1,0,0
1190.971749854106,22,0,1,0
181.95553808715388,22,6,2,0
5028.5492405627365,22,9,2,0
4661.052652450997,17,3,4,0
7895.294813149869,10,4,2,0
7096.02450855579,3,1,4,1
3289.6912039598733,7,7,3,0
2975.828798095717,17,9,1,0
2378.3320140684805,12,2,2,0
1223.4933257028615,3,6,1,0
1108.9788345330624,9,0,3,0
1062.6082455367955,7,9,0,0
917.3474837082945,11,0,0,0
1927.8937790322677,18,6,0,0
2456.8156993533657,11,0,4,0
7692.823873456133,21,8,4,1
4629.893641760076,1,8,0,1
7900.828217233681,23,7,3,1
2982.8732478662578,7,7,4,0
3663.724927552581,12,3,0,0
2600.006380026407,0,3,1,0
1467.1867689179387,2,4,0,0
1149.6018386817454,1,8,0,0
7560.908186473616,22,2,1,0
7894.551400981052,22,3,4,0
364.05142458730876,19,9,1,0
1207.0152684804734,7,4,4,0
3391.0751179466756,2,6,3,0
1494.7361433735366,20,4,4,0
2914.2237470469317,14,8,2,0
1037.1253171277688,1,5,4,0
3654.811494990713,16,2,2,0
2177.1984562732277,23,5,4,0
2818.480920790493,5,5,1,0
759.0296484446669,0,9,4,1
3427.883765427583,3,0,0,0
7866.144599637751,18,6,4,0
2634.0202098151167,6,2,1,0
7012.0520523652685,22,0,1,0
6746.377137281363,21,0,4,0
7616.707054286198,13,4,4,0
6321.92555057542,13,9,4,1
5278.476632335225,9,9,3,1
6853.392631598524,23,1,2,1
609.7792218555104,6,1,4,0
3705.331104304468,15,3,4,0
7914.103627727395,3,9,2,1
6157.9532096013845,6,6,0,0
7696.792647407598,14,7,3,0
6238.176677287165,16,9,3,1
6999.681329699943,2,6,0,0
5653.704410264012,15,8,2,0
6085.213525315832,1,6,2,1
4187.808188666808,6,3,1,0
7394.2804180089925,15,8,2,0
6601.186090433776,20,8,3,1
6751.86030049673,8,2,1,0
5385.707762199603,11,9,4,1
2440.1166769625556,23,7,4,0
289.86021414416393,0,0,4,0
7485.562759629309,13,1,1,0
4691.032188699948,10,7,3,0
2388.6530543293816,17,7,2,0
1197.3351872410647,21,5,1,0
6637.037708178534,4,7,3,1
6692.978954608393,14,7,2,0
6516.9912052036,6,1,0,0
5162.4361222744565,13,2,3,0
2931.2930237970477,19,6,0,0
2436.0419268181545,7,2,4,0
73.39538709477063,3,1,4,0
6669.692431712481,2,5,3,1
704.0244164616715,11,1,0,0
5047.886209335938,17,1,1,0
4035.0791999865064,23,1,2,0
4215.881424616177,14,3,4,0
7414.0691982356475,10,6,4,1
257.7620151135807,23,5,4,0
6188.270835907035,10,4,4,0
421.1589249466205,11,3,3,0
310.0380794533407,18,1,3,0
3441.3924966403483,16,7,0,0
509.28601887201893,5,1,1,0
6314.205890586832,20,7,0,0
4238.856933718456,7,9,1,0
237.16506736489666,14,3,3,0
328.8029884229465,21,4,4,0
4903.2848952671375,19,0,0,0
6449.8639821789475,9,1,1,0
3505.207252541815,14,7,2,0
4438.872468927317,11,0,1,0
6399.636485128963,10,2,0,0
4885.996861464344,17,1,3,0
1801.9581000822616,23,9,4,1
4906.350946826481,4,4,2,1
5028.094275226383,11,3,0,0
5874.185312144607,23,3,3,1
4968.889129516626,4,3,1,1
7754.090833012014,21,3,3,0
1582.3200281929626,9,3,3,0
7608.969983138775,13,5,4,0
4309.02422534838,15,1,0,0
5377.289343256822,4,3,3,1
800.1954716302579,10,6,1,0
3047.7046513179657,18,6,1,0
6156.186275973065,7,0,4,0
5656.753565716428,18,9,3,1
325.91440838245444,19,8,1,0
4375.021136660471,21,6,1,0
710.7841527824335,17,5,4,0
7966.872151279407,22,1,3,0
7178.88622532369,20,5,4,0
173.53988012615298,11,4,3,0
6869.903383326534,12,8,1,0
7355.839656464469,20,0,0,0
2831.6180393948234,20,4,1,0
5757.415732106888,17,2,0,0
3539.6194509311927,14,8,3,1
5243.583714187871,14,0,3,0
2725.8376473640405,11,5,2,0
2583.8610968829803,8,2,3,0
3398.3489414163446,18,0,3,0
1168.8142304267467,11,2,2,0
6649.956020660884,22,1,0,0
2792.8396734162848,4,9,3,1
3204.1956834772323,20,7,4,0
7152.966628553646,19,2,3,0
3975.507393435055,9,6,3,0
4356.310005260149,21,9,1,0
7652.202507592902,6,5,3,0
7094.377433244189,22,6,3,0
1359.886337563074,10,6,4,0
3788.3541641952497,7,9,2,0
7770.513338291221,20,0,2,0
2982.0685543376785,6,3,2,0
2975.7270025870193,15,3,1,0
1564.266703154289,15,4,3,0
919.0132973824061,13,9,0,0
5923.736802094074,14,4,0,0
6161.393597268624,19,7,4,0
7752.2586432064845,8,3,1,0
6188.478596188377,15,0,1,0
1950.6031897986218,15,4,3,0
325.732043416681,4,0,0,0
7883.571888035433,2,2,1,1
2726.903310871128,20,7,4,0
2499.212481747204,12,9,0,0
7248.111901946313,7,4,1,0
4682.873688867164,16,6,3,0
1722.895034923831,4,0,3,0
7113.324460516335,5,5,3,0
7946.920036162674,1,7,3,1
697.9950964008916,21,5,0,0
6898.701768278385,13,3,0,0
3127.17300298673,3,7,1,0
4194.9592098211015,2,7,4,1
7318.953726241021,8,5,2,0
7787.166670222062,17,7,2,0
2101.000463718351,11,5,3,0
1706.7419138245107,8,3,1,0
648.7298859391373,17,5,2,0
4496.573832033793,12,8,2,0
113.76714162809283,13,7,2,0
3298.126889391443,9,6,2,0
591.7052131328084,2,4,2,0
3244.780134520025,6,6,1,0
324.25785317854604,17,0,2,0
6682.561998567107,15,7,2,0
1681.863256538834,16,4,1,0
2629.828139311506,5,6,0,0
6961.033732868103,11,6,0,0
5971.39716035098,18,7,0,0
1756.2117013282575,2,6,2,0
579.8358521666809,2,5,1,0
5726.811845958439,17,5,0,0
3128.6668927514343,10,4,3,0
6129.809592950179,5,4,3,0
3565.1317051398073,18,3,1,0
2771.28929171335,4,6,2,0
3612.38723865811,12,2,0,0
5989.72909043706,4,4,2,1
7218.251190890291,2,2,0,1
402.88873672566143,18,7,4,0
4195.271772109506,16,4,4,1
267.5192555256014,21,9,2,0
3749.934312469748,2,5,3,0
7082.836218629718,14,0,2,0
2895.914180030376,16,3,0,0
7459.941116539742,12,8,2,0
5046.714730846622,13,4,2,0
7473.571973625086,15,0,0,1
6058.547170173095,10,3,3,0
831.9641573568545,16,5,4,0
1853.0551836636032,4,6,0,0
3156.392784395132,20,6,2,0
1365.0045216865478,14,7,1,0
3961.818280189401,17,4,2,0
3773.5884048334174,15,5,2,0
7650.292288228913,13,1,1,0
3472.654423753342,13,9,2,0
6286.086300282543,12,1,1,0
7535.574806087581,0,2,2,1
7016.525703637014,5,3,3,0
1673.2976579701767,22,5,4,0
3970.7590045570864,10,5,3,0
2785.179559455926,10,2,0,0
3201.8702676220378,15,0,0,0
2889.650575834781,23,2,2,0
6611.741885349158,2,3,0,1
3619.8517457039675,16,8,0,0
4191.936186296282,21,9,2,0
7859.666619591362,13,7,2,0
484.534281171174,1,3,4,0
3906.2213301270367,8,6,1,0
6193.623347034199,7,8,2,0
1213.539855714871,10,1,4,0
4894.195098945117,6,2,3,0
1919.520912378062,21,0,0,0
6939.895885230418,1,7,1,1
2620.161824873634,3,1,3,0
2635.857221122772,22,6,2,0
4787.560058750559,13,6,3,0
1472.5854504186702,12,2,4,0
2282.684668029973,21,1,2,0
3335.971641704695,12,2,2,0
2832.3347158051824,12,7,1,0
4201.393357954631,4,8,4,1
4799.122951831385,11,7,0,0
4535.506292732566,5,1,3,0
5235.075654375499,21,8,1,0
2465.457385279523,13,5,1,0
1015.7776861044492,7,1,2,0
6087.656293741461,23,8,3,1
6806.989159132303,21,4,1,0
2059.764826618346,7,5,2,0
3259.700189483368,6,0,2,0
3991.0608896236245,16,1,4,0
4268.948107809727,20,0,2,0
5277.623917845776,10,3,0,0
337.61785067579416,9,1,4,0
5773.209276458466,12,0,4,0
500.4582008003851,9,2,0,0
3748.9670985445787,20,3,0,0
6622.230728875707,13,3,1,0
3612.466429660778,8,2,1,0
1196.972541402141,6,1,0,0
7880.345590822648,6,7,1,0
7114.837269283735,17,9,0,0
6171.652497633987,15,1,0,0
3295.0352651791873,7,4,2,0
1474.846586479936,15,6,1,0
7531.582395440917,18,8,4,1
4261.147256504526,14,2,4,0
6819.581905797943,14,0,1,0
2740.049571046609,5,8,1,0
2685.6300950503673,8,0,1,0
7884.396142988942,14,7,1,0
4177.055222716324,6,1,2,0
1129.8599137666665,7,6,0,0
1761.2990505676858,17,2,1,0
3858.1445137448027,20,5,1,0
344.55492935484864,15,5,0,0
3702.9592130995125,14,3,0,0
3354.4320324306204,2,7,0,0
6235.793441229298,0,4,3,1
2842.761006091488,12,6,4,0
7860.477348509097,21,4,1,0
1450.2555048107206,11,3,2,0
4729.938546320239,8,5,2,0
722.1458795809958,1,2,0,0
5872.242552031886,8,5,2,0
7958.055736055462,7,5,4,0
6554.013408824299,4,5,1,1
4447.849808058809,12,2,2,0
3880.507152410538,1,7,4,0
6681.064540328442,9,3,4,0
7488.1128072622405,5,1,3,0
7913.706173755753,6,6,3,0
3175.3311243780504,2,7,2,0
7927.3852109821255,13,3,4,0
1251.630386129783,15,5,0,0
2032.130458575614,5,7,3,0
716.6839172475001,21,4,4,0
2177.549439293431,7,8,3,1
6144.660725185999,0,5,1,1
6824.130243636705,19,5,4,0
6232.246697595061,14,1,4,0
5050.370896450731,16,6,1,0
4114.162267618552,23,8,3,1
5671.090792263103,17,4,1,0
3129.7142263914384,23,4,2,0
6731.260270240116,2,4,0,1
5419.134801344399,23,0,3,1
5583.948564462796,5,4,4,0
4289.808265066925,16,9,2,0
7082.4057287683245,22,7,3,0
2019.8577957640246,12,2,0,0
3052.2754886216003,22,8,4,1
6222.252344573124,21,8,1,0
3944.527424554055,16,5,0,0
7114.266037326405,20,3,3,0
2774.4625615040045,15,3,4,0
2957.79469971306,16,0,3,0
7110.442636146069,0,9,0,1
3717.640709855418,15,4,4,0
4131.416050698882,5,4,0,0
2665.4459041087566,7,4,3,0
2216.9761877217597,0,0,4,0
5249.3099431529445,1,0,4,1
963.1260890219249,14,9,4,1
7034.7847662573595,4,1,3,1
6234.729078437038,23,0,2,1
1530.0323683278932,19,7,3,0
5553.6894668674,14,3,1,0
4823.050205678651,20,5,2,0
1480.3577306394698,9,7,3,0
2189.2620308716087,4,4,1,0
3274.8470973520057,2,5,0,0
5595.445668287563,5,3,1,0
5111.593653491963,20,5,4,0
4260.2176071752,14,5,2,0
6148.442292196703,17,2,3,0
6064.712228151297,13,3,3,0
4944.783936727736,9,5,4,0
6296.9857166616775,3,7,2,1
2677.4356813597774,10,6,2,0
7050.5899789392315,19,3,4,0
4921.2061359865165,6,2,2,0
6579.796292930382,14,7,4,0
4372.501442798321,22,5,1,0
1751.4137686844995,8,7,4,0
4341.568978783077,14,8,3,0
2972.037751893822,11,8,0,0
5581.504793116571,17,9,1,0
3808.9713649192126,5,8,3,1
6689.721875396863,17,9,1,0
5426.189736013724,17,0,3,0
5477.932742085435,21,2,2,0
1741.1568912610644,23,8,4,1
7874.076883097867,5,3,3,0
6734.193298125552,14,9,3,0
6313.094052062754,18,1,2,0
2645.0707251544195,4,0,0,0
4287.375064513619,3,4,0,0
1101.1399886542574,16,3,4,0
4310.115433418334,20,4,2,0
1171.3845256338818,9,4,1,0
4426.537562696862,11,7,3,0
5191.531431838471,4,5,4,1
3124.6167581629693,6,2,0,0
3990.8663022586893,11,8,1,0
7005.848834458314,22,7,2,0
872.9623418989609,1,8,3,0
6334.904479532225,19,3,3,0
1370.1826352145904,16,7,0,0
298.480322523004,12,2,0,0
1488.6689489466569,4,4,4,0
6121.520303814065,4,6,3,0
3243.982956328196,19,0,3,0
6980.8015321852245,11,0,3,0
4200.036791752215,11,2,3,0
182.891563651016,6,3,1,0
5735.125308767404,5,0,2,0
886.3121052262554,9,7,1,0
6316.090169528085,18,1,2,0
1348.9798856924142,15,4,1,0
2766.8438545150802,1,5,4,0
6091.365079854756,3,5,2,1
7634.079703023991,8,5,3,0
2974.6144354206253,4,0,2,0
6636.054760490491,0,2,3,1
1530.3841624793306,10,2,4,1
6458.402262768916,18,7,2,0
5261.665003753727,22,5,0,0
1545.9843401628857,2,1,3,0
2423.5191630095355,0,0,2,0
1058.5082543333028,3,3,1,0
3066.821253459185,8,0,2,0
1633.170885780603,15,4,3,0
5153.763639275636,6,7,0,0
7956.068308243367,4,9,0,1
101.0132588586918,12,1,1,0
4329.653907231953,10,7,4,0
4591.4644474043325,13,7,0,0
7314.099273498091,21,5,4,0
4050.5126514616654,16,7,3,0
4351.8928500611155,22,1,2,0
3775.8641466204667,11,6,4,0
2154.8899149690437,20,7,3,0
452.95292032506484,22,3,3,0
3272.21816926764,20,8,3,1
425.4688125692249,20,5,1,1
4406.187293380012,18,2,1,0
2461.8126777221337,4,3,4,0
4271.151200195795,23,3,3,0
1078.7042303395176,7,0,4,0
7461.376576086181,1,9,0,1
7156.697342181729,16,0,4,0
1524.0220910722646,1,0,2,0
2750.837044935609,22,3,3,0
4909.874710956577,2,0,4,1
770.0112274107206,23,5,1,0
2839.7697298236258,19,1,2,0
2012.6427331179539,23,0,4,0
7324.55624608999,17,6,4,0
6820.822537132196,14,5,4,0
4640.7627664285765,4,0,1,1
4165.168963288235,21,9,4,1
7446.15272739045,16,8,0,0
7459.760124915629,13,5,0,0
7754.794352186525,0,1,0,1
1007.4041784449603,13,6,4,0
1288.659697051546,8,2,2,1
5415.509905945693,4,6,1,1
4333.76864049571,3,8,0,0
152.6349096214215,0,4,0,0
500.49041273620736,2,0,2,0
7105.202656159147,19,4,0,0
6951.6220103373935,10,7,1,0
2861.381021358381,15,7,2,0
7128.949682359625,10,2,3,1
4751.432219811225,20,3,1,0
6448.21564791612,9,7,1,0
3422.3114139259133,11,7,4,0
911.6196271225454,4,6,3,0
3472.6478658549,9,5,3,0
3661.1118849851987,23,3,2,0
4409.798829755621,12,9,0,0
849.1337896709018,18,8,3,1
7931.257895081643,6,1,2,0
1956.8738823512163,15,1,3,0
1592.4264662790579,5,0,1,0
4216.789336253213,9,2,3,0
4299.9793942621345,9,2,0,0
3521.366798976788,10,3,2,1
6176.27770987041,21,2,0,0
4135.651933825178,9,9,4,1
4879.515163884148,13,5,0,0
5791.352351335246,14,8,0,0
205.0756870031136,6,7,2,0
4567.300239447633,12,5,1,0
7074.134797470812,10,7,3,1
144.0229996888441,6,7,3,0
3244.430919888684,10,9,2,0
7410.188464395611,13,5,2,0
2828.4694462488897,16,1,1,0
3672.5369494809256,15,4,1,0
7852.4234373892805,0,3,4,1
1598.5942523098377,8,5,3,0
526.7152370544225,8,1,3,0
6876.083613936128,9,3,4,0
6948.380402992886,18,7,2,0
3779.2622882667056,14,0,3,0
4116.0863599459035,15,2,0,0
6687.271925094599,10,3,2,0
5909.783187435782,23,1,2,1
2124.8662727250003,16,1,1,0
140.06237379679007,18,5,4,0
3840.2027994556984,12,5,2,0
6872.004047134653,5,2,1,0
7167.198240137846,14,7,0,0
7650.0284456238505,15,2,0,0
7037.108084714186,3,1,3,1
4642.448224608296,7,4,4,0
3559.6217658926266,6,6,4,0
6199.924523040122,16,0,1,0
5919.8739667529435,15,1,3,0
4307.456723501227,1,1,4,0
703.1823436049606,16,7,3,0
7409.020367561416,3,9,1,1
3647.542287325789,13,5,3,0
2909.8535864205332,7,3,2,0
5038.39132437433,4,3,2,1
5392.33449952998,4,4,2,1
1689.4498966572598,4,2,2,0
6696.3260642556,4,3,0,1
2323.047063830711,2,3,0,0
1497.537987684962,5,6,4,0
3254.166823571707,0,6,0,0
5845.827846775235,7,0,3,0
7723.838136626228,12,2,3,0
6475.203708649608,19,8,0,0
7523.085279473183,5,5,3,0
1129.1434035918317,17,5,4,0
574.0585069150959,17,3,1,0
4463.849571443836,15,9,0,0
2325.9283769370545,7,8,2,0
6625.299508889337,16,2,3,0
5377.543031861597,7,7,3,0
7765.971671066426,14,5,1,0
2042.0648840717772,9,1,4,0
3888.843994270083,0,2,3,0
4012.4176170156993,8,0,2,1
1917.2184748847226,16,2,1,0
4722.796728906622,19,3,3,0
3549.07145870352,0,5,2,0
3576.5388401390396,8,9,3,1
2905.0795005400064,13,6,2,0
140.3501726421528,23,2,1,0
4179.151419133738,4,6,4,0
2685.3064464241475,5,3,0,0
15.552352529715753,4,0,0,0
2467.0099427571463,3,0,4,0
2232.633523052607,15,7,3,0
3150.6179850229682,15,9,1,0
1059.1566571989586,9,6,2,0
4063.9321779575002,13,3,1,0
5541.060618382449,12,0,4,0
5043.333624591307,3,5,3,1
6431.0208058156795,13,9,3,1
3618.8062624567137,23,6,4,0
4155.138384066127,23,5,1,0
6484.163517167572,8,5,0,0
3424.470860699812,2,7,1,0
5614.286802447277,9,5,3,0
3479.645937900345,14,1,3,0
3344.800875119943,23,6,4,0
6082.8439681106365,18,9,1,0
1402.8211391523582,1,3,0,0
2711.9948456728807,1,2,1,0
1797.2573525914797,8,7,3,0
2876.083994025939,3,9,1,0
1846.846704816362,4,4,3,0
4637.348020537804,1,3,3,1
6386.3755669296725,6,3,2,0
6293.971424437125,18,4,0,0
2919.1852115675956,5,3,4,0
7910.139445124622,22,2,0,0
4752.865645822877,15,3,1,0
3198.2054127174665,13,9,2,0
6685.136537535196,11,4,3,0
5840.342731077913,5,1,0,0
5995.4563179087145,21,6,3,0
1573.1341011223035,12,4,3,0
3749.252837411598,14,8,2,0
6895.315905942699,23,5,0,1
4034.7838709919142,13,0,2,0
5469.204683651297,7,8,3,1
4705.530195608945,20,4,0,0
6739.642517808465,19,8,3,1
2280.063913894013,10,0,3,0
4605.924846701487,20,1,0,0
990.2611707383828,8,2,4,0
5523.235159712245,11,4,2,0
5857.082867629933,5,5,1,0
347.4843829060423,18,4,3,0
5407.94875420574,2,0,2,1
3320.447782555462,0,3,2,0
997.1545244969103,14,5,0,0
3362.1608438492485,14,3,0,0
1557.8922729161757,4,3,0,0
3327.3984593259156,21,4,2,0
3077.790528528429,23,7,0,0
5908.441137303779,10,4,1,0
6194.853387540038,22,6,2,0
4858.194091804451,0,7,0,1
186.3813032486681,22,5,3,0
7448.523121172597,9,5,2,0
5491.435074371099,19,1,4,0
278.39262211990473,10,9,4,0
6551.569029216872,6,4,2,0
1606.1279069703792,16,0,2,0
4635.873410620999,11,8,4,1
3735.7417877517464,3,6,3,0
3361.611064928838,11,1,3,0
7118.261192394558,23,5,3,1
3501.703526043105,2,9,1,0
607.3762199973402,17,8,1,0
7573.376624083546,11,4,3,0
7364.679173760822,23,2,4,1
5477.039353204882,23,9,1,1
3745.80076241554,18,3,0,0
747.4114861834524,12,2,1,0
6327.031208026922,15,0,4,0
608.4459258201115,7,9,4,1
553.4648742366895,5,6,2,0
4301.383820302748,9,7,4,0
1285.2252802761986,9,1,3,0
66.80348738609013,5,7,4,0
3387.791880811311,7,8,1,0
1102.0517667224772,17,6,1,0
1288.3207451691264,16,0,1,0
619.9005566890006,9,3,4,0
1644.7245610202615,1,6,3,0
5725.296017296243,11,5,3,0
6472.373821206242,19,7,2,0
3623.0064840142586,9,5,0,0
4054.8977579719344,8,9,3,1
266.07700158064983,15,5,1,0
559.1835096636783,6,9,2,0
2064.253966567888,8,5,3,0
4353.467873601615,23,6,3,0
5917.7114341362685,5,4,0,0
4841.999475397574,9,8,0,0
3140.062200619372,6,6,0,0
951.0009636600898,17,0,3,0
6247.2820129230795,10,8,3,1
2913.4694825344613,0,5,1,0
5889.751845789903,20,7,4,0
4106.265841105163,23,8,0,0
5910.6031182267925,18,1,1,0
7258.780043813313,22,1,1,0
7368.630980850147,4,4,2,1
4283.178706104824,23,4,1,0
4094.509376301282,5,9,0,0
2129.099331695184,21,9,4,1
7486.719653076684,6,1,1,0
3666.063741760969,22,9,3,1
1025.0919581025803,3,3,3,0
3464.4757924392666,15,8,1,0
1020.7907356528416,9,3,0,0
4022.740815635315,14,0,4,0
4492.397741275417,12,4,4,0
2705.3573131412145,7,1,0,0
577.84666078072,21,5,3,0
7548.310767387747,12,0,3,0
6187.95814230002,23,6,2,1
6711.854238638442,6,6,1,0
2938.1128123184044,16,3,1,0
6087.844085005507,3,8,3,1
3885.556296877708,6,2,1,0
1612.6624898063374,15,4,0,0
999.7648983731701,1,4,4,0
2763.6817002298444,20,7,2,0
1104.7291312437417,21,9,0,0
7986.160464751529,22,9,0,0
398.2659769050163,13,3,0,0
3531.943076955767,13,0,1,0
3619.4877115111212,7,4,4,0
2408.552269010496,5,0,2,0
4572.955767827028,21,2,3,0
1204.0663080915997,6,5,0,0
6272.379482794933,6,0,0,0
2662.919507389868,1,9,0,0
4732.78400544014,3,2,3,1
5726.53569235534,12,6,1,0
7112.891730932839,9,1,1,0
6687.12055443534,8,5,4,0
4868.430679687959,14,6,1,0
3110.203477169176,11,1,1,0
4028.1213372493366,9,4,2,0
6151.0346730635265,18,9,2,0
7020.976612762987,20,9,1,0
834.7365157724915,4,0,2,0
3081.9258186319626,6,2,4,0
6210.052204315937,19,0,1,0
3456.055841938718,10,2,2,0
2661.1609737099393,15,3,3,0
3293.5249611020404,12,4,2,0
4824.743750556875,3,3,2,1
7998.442127349743,15,3,3,0
3946.474470690732,12,8,4,1
1671.913327259313,0,8,3,1
1306.9583693563625,21,8,4,0
343.58623107393225,3,4,3,0
4472.7437931719805,14,4,4,0
4358.85387145323,20,1,4,0
1645.8452446085716,15,5,0,0
5564.158604588273,3,1,0,1
5930.1507978292975,16,9,2,0
2076.4901520299795,10,4,3,0
2756.0776134177436,4,4,4,0
7923.821020416317,12,3,0,0
2997.24442046662,11,4,2,0
6087.609365690034,22,6,2,0
3624.53978590637,2,9,2,0
6347.791898748503,3,1,0,1
6153.34079406727,9,0,1,0
5343.709421462292,8,3,2,0
6838.952878633156,9,6,1,1
7514.051866547093,12,0,1,0
4641.966647014411,0,3,1,1
1903.563913245852,11,5,2,0
3192.0385483443797,10,5,4,0
6067.654179538779,20,0,1,1
5208.813463565337,7,6,0,0
1426.4977168291637,22,4,0,0
414.66013146566553,13,5,1,0
5465.277940368808,13,0,1,0
2012.376797114616,19,6,1,0
